name,address
중구 노인복지관,부산광역시 중구 책방골목길 3-1
부산전화국,부산광역시 중구 중앙대로 136
부평깡통시장,부산광역시 중구 중구로43번길 31-1
중앙공원 산책로,부산광역시 중구 망양로355번길 6-13
국제지하도상가A번화장실,부산광역시 중구 중구로 지하31
부산창선동우체국,부산광역시 중구 광복로39번길 3-1
중구 보건소,부산광역시 중구 중구로 120
지하철 자갈치역,부산광역시 중구 구덕로 지하 80
한국전기안전공사부산울산지역본부,부산광역시 중구 해관로 27
연안여객터미널(1층),부산광역시 중구 충장대로 24
자갈치공중화장실,부산광역시 중구 자갈치해안로 58
"40계단문화관, 중구 국제화센터",부산광역시 중구 동광길 49
영주1동주민센터,부산광역시 중구 대영로224번길 10
부평동주민센터,부산광역시 중구 중구로29번길 23
남포지하도상가A번화장실,"부산광역시 중구 구덕로 지하44, 남포지하도상가 (남포동5가)"
영주파출소,부산광역시 중구 동영로 77
부산 중구관광안내소,부산광역시 중구 태종로 8
남포지하도상가B번화장실,"부산광역시 중구 구덕로 지하44, 남포지하도상가 (남포동5가)"
국제지하도상가B번화장실,"부산광역시 중구 중구로 지하31, 국제지하도상가 (신창동4가)"
자갈치현대화시장 2층화장실,"부산광역시 중구 자갈치해안로 52, 자갈치시장 (남포동4가)"
남포지하도상가C번화장실,"부산광역시 중구 구덕로 지하44, 남포지하도상가 (남포동5가)"
자갈치현대화시장 3층화장실,"부산광역시 중구 자갈치해안로 52, 자갈치시장 (남포동4가)"
웰빙체육관,부산광역시 중구 영주로 89
영주2동주민센터,부산광역시 중구 동영로 71-2
북항친수공원 제3화장실,부산광역시 중구 중앙동4가 107
중부소방서(3층),"부산광역시 중구 중앙대로 110, 부산중부소방서 (중앙동4가)"
중부소방서 구조대(3층),"부산광역시 중구 중앙대로 110, 부산중부소방서 (중앙동4가)"
중부소방서(4층),"부산광역시 중구 중앙대로 110, 부산중부소방서 (중앙동4가)"
부산근현대역사관 본관,부산광역시 중구 대청로 112 (대청동1가)
자갈치현대화시장 4층화장실,"부산광역시 중구 자갈치해안로 52, 자갈치시장 (남포동4가)"
국립수산물품질관리원,부산광역시 중구 중앙대로30번길 8
보수종합시장 화장실,"부산광역시 중구 보수대로 94, 보수종합시장 (보수동3가)"
부산세관,부산광역시 중구 충장대로 20
고맙습니다.글마루작은도서관,부산광역시 중구 동영로 87-1
부산 종합관광안내소,부산광역시 중구 구덕로 31
새영주시장 고객지원센터,"부산광역시 중구 초량중로6번길 7-1, 새영주시장 고객지원센터 (영주동)"
남포지구대,부산광역시 중구 해관로 19
부산지방보훈청(1~2층),부산광역시 중구 중앙대로148번길 13
중구청소년문화의집,부산광역시 중구 보수대로124번길 24-2
부산보수동우체국,부산광역시 중구 흑교로45번길 7
박기종 기념관,부산광역시 중구 망양로 362
중구 평생학습관,"부산광역시 중구 대청로116번길 13, 중구 평생학습관 (광복동2가)"
광복지하도상가B번화장실,"부산광역시 중구 중앙대로 지하17, 광복지하도상가 (중앙동6가)"
부산출입국외국인청 개방화장실,부산광역시 중구 충장대로 22-1
부평공영주차장,부산광역시 중구 중구로33번길 32
용두산공원 서편,부산광역시 중구 용두산길 35-28 (광복동2가)
광복지하도상가A번화장실,부산광역시 중구 중앙대로 지하17
보수파출소,부산광역시 중구 흑교로 77
부산광역시립중앙도서관,부산광역시 중구 망양로193번길 146
중구 종합사회복지관,부산광역시 중구 망양로 309
동광동 다목적커뮤니티센터,부산광역시 중구 샘길 18-8
용두산공영주차장,부산광역시 중구 대청로 120
민주항쟁기념관,부산광역시 중구 민주공원길 19
부평깡통시장 고객지원센터,"부산광역시 중구 중구로47번길 31-13, 부평깡통시장 고객지원센터 (부평동2가)"
영주공영주차장,부산광역시 중구 동영로 58
보수동주민센터,부산광역시 중구 보수대로140번길 61
남포동주민센터,부산광역시 중구 자갈치로 68-1
중앙공원 충혼탑,부산광역시 중구 중앙공원로 87
광복지하도상가C번화장실,"부산광역시 중구 중앙대로 지하17, 광복지하도상가 (중앙동6가)"
창선치안센터,부산광역시 중구 광복중앙로 1
중앙동주민센터,부산광역시 중구 중앙대로41번길 10
중구 복합건강센터,부산광역시 중구 흑교로 48
보수동책방골목어린이도서관,부산광역시 중구 대청로 57-16
보수공영주차장,부산광역시 중구 중구로75번길 25
청년마루,"부산광역시 중구 법수길 61, 보수플러스센터 (보수동1가)"
동광동주민센터,부산광역시 중구 동광길 105
유라리광장 공중화장실,부산광역시 중구 용미길9번길 6-14
부산지방기상청,부산광역시 중구 복병산길32번길 5-11
신창공영주차장,부산광역시 중구 광복로35번길 35
대청동주민센터,부산광역시 중구 대청로99번길 14-1
부산영화체험박물관,부산광역시 중구 대청로126번길 12
자갈치현대화시장 1층화장실,부산광역시 중구 자갈치해안로52
부평파출소,부산광역시 중구 보수대로44번길 27
중앙공영주차장,부산광역시 중구 대청로135번길 36
지하철 중앙역,부산광역시 중구 중앙대로 지하 83
복병산체육공원 공중화장실,부산광역시 중구 샘길 10
창선119안전센터,부산광역시 중구 대청로 68-1
아리랑거리 고객지원센터,부산광역시 중구 중구로40번길 11-2 (신창동3가)
SK고려주유소,부산광역시 중구 대청로 153
부산근현대역사관 별관,부산광역시 중구 대청로 104
광복로 문화다락,부산광역시 중구 광복로 56-12
중부경찰서,부산광역시 중구 중앙대로 105
중부산세무서 공중화장실,부산광역시 중구 흑교로 64
상수도사업본부 중동부사업소,부산광역시 중구 샘길 10
보수동책방골목문화관,부산광역시 중구 대청로 61-2
광복동주민센터,부산광역시 중구 광복로55번길 10
지하철 남포역,부산광역시 중구 구덕로 지하 12
대청공영주차장,부산광역시 중구 망양로 333
백산기념관,부산광역시 중구 백산길 11
용두산공원 동편,"부산광역시 중구 용두산길 37-18, 용두산공원 (동광동2가)"
부산항만공사,부산광역시 중구 대교로 122
중부소방서(1층),부산광역시 중구 중앙대로 110
중구청,부산광역시 중구 중구로 120
대청파출소,부산광역시 중구 중구로 103-1
서구보건소,"부산광역시 서구 부용로 30, 서구보건소 부민노인복지관 (부용동2가)"
남부민2동주민센터,"부산광역시 서구 천마로 87, 남부민2동 주민센터 (남부민동)"
부산대학병원,"부산광역시 서구 구덕로 179, 부산대학병원 (아미동1가)"
남항대교 밑 공중화장실,"부산광역시 서구 충무대로94번길 40, 남항대교 주차장 (암남동)"
부산서구문화원화장실,"부산광역시 서구 까치고개로197번길 46, 서구문화원 (아미동2가)"
서대신4동주민센터,"부산광역시 서구 꽃마을로 58, 서대신4동주민센터 (서대신동3가)"
수산물유통시설관리사업소 냉동,"부산광역시 서구 원양로 35, 국제수산물도매시장 (암남동)"
서구종합사회복지관 화장실,부산광역시 서구 망양로193번길 104 (동대신동1가)
아미파출소,"부산광역시 서구 해돋이로 267, 아미치안센타 (아미동2가)"
동대신동지하철역,부산광역시 서구 구덕로 지하290 (동대신동2가)
송도스포츠센터 화장실,부산광역시 서구 송도해변로 121 (암남동)
부민119안전센터,"부산광역시 서구 임시수도기념로 21-4, 중부소방서 (부민동3가)"
서구청,"부산광역시 서구 구덕로 120, 서구청 (토성동4가)"
구덕청소년 수련관,"부산광역시 서구 꽃마을로156번길 109, 구덕청소년수련관 (서대신동3가)"
송도 해양레포츠센터 내,부산광역시 서구 송도해변로50
상수도사업본부(서부사업소),부산광역시 서구 자갈치로 7 (충무동1가)
대신공원 관리사무실 뒤,부산광역시 서구 보수대로320번길 59 (서대신동3가)
동대신3동주민센터,"부산광역시 서구 대영로73번길 92, 동대신3동주민센터 (동대신동3가)"
초장동주민센터,부산광역시 서구 초장로27번길 32
광복기념관,"부산광역시 서구 망양로193번길 167, 광복기념관 (동대신동2가)"
서부교육청,"부산광역시 서구 꽃마을로 33, 부산서부교육청 (서대신동3가)"
국민보험공단 부산서부지사,부산광역시 서구 구덕로285번길 7 (서대신동1가)
서구 현장사무실 화장실,부산광역시 서구 새벽해안시장길
서구노인복지관 화장실,"부산광역시 서구 장군산로46번길 21, 서구노인복지관 (암남동)"
암남동 예비군교장,부산광역시 서구 암남공원로522번길160
구덕야영장,부산광역시 서구 보수대로320번길 59
천마산 체육시설,부산광역시 서구 암남동 산4-26
암남공원1호광장(두도-희망정),부산광역시 서구 암남동 193-4(암남공원 후문)
송림공원 내,부산광역시 서구 송도해변로171
내원정사 옆,부산광역시 서구 보수대로320번길 59
구덕문화공원(주차장),"부산광역시 서구 꽃마을로163번길 73, 구덕문화공원 (서대신동3가)"
송도오션파크,부산광역시 서구 송도해변로 36
서구가족복지센터,"부산광역시 서구 구덕로 127, 1층 (토성동5가)"
서부산세무서,"부산광역시 서구 대영로 10, 서부산세무서 (서대신동2가)"
암남공원3호광장(주차장),부산광역시 서구 암남동 620-27
남부민동 현장사무실 화장실,"부산광역시 서구 충무대로 166-24, 항만관리사업소 (남부민동)"
구름산책로,부산광역시 서구 송도해변로152
대신공원 민속예술관 옆,부산광역시 서구 대신공원로 37-20 (서대신동3가)
천마산 조각공원,부산광역시 서구 암남동 산4-26
고신대학복음병원,"부산광역시 서구 감천로 262, 고신대학교의과대학, 고신대학교복음병원 (암남동)"
충무동 주민센터,"부산광역시 서구 구덕로148번길 16, 충무동주민센터 (토성동5가)"
삼육부산병원,"부산광역시 서구 대티로 170, 삼육부산병원 (서대신동2가)"
수산물유통시설관리사업소주차장,"부산광역시 서구 원양로 35, 국제수산물도매시장 (암남동)"
암남공원 입구,부산광역시 서구 암남동 630-37
구덕도서관,"부산광역시 서구 대신공원로 41, 부산광역시립구덕도서관 (서대신동3가)"
암남동 주민센터,부산광역시 서구 충무대로 83
구덕우편취급국,부산광역시 서구 꽃마을로 42 (서대신동3가)
수산물유통시설관리사업소도매동,"부산광역시 서구 원양로 35, 국제수산물도매시장 (암남동)"
수산물유통시설관리사업소활어장,"부산광역시 서구 원양로 35, 국제수산물도매시장 (암남동)"
동대신1동 주민센터,부산광역시 서구 280번길 32
서대신우체국,"부산광역시 서구 구덕로 313, 부산서대신동우체국 (서대신동2가)"
서대신3동주민센터,"부산광역시 서구 대신로 27, 서대신3동주민센터 (서대신동3가)"
암남공원2호광장(다목적광장),부산광역시 서구 암남동 산 193(케이블카 후문)
서구 물양장 화장실,부산광역시 서구 새벽해안시장길
중앙공원 광장,"부산광역시 서구 망양로193번길 187, 중앙공원관리사업소 (동대신동2가)"
실버웰요양센터 화장실,"부산광역시 서구 시약로 35 (서대신동3가, 실버웰)"
구덕운동장 주경기장 26호,"부산광역시 서구 망양로 57, 구덕운동장 (서대신동3가)"
서부경찰서,"부산광역시 서구 대영로 16, 부산서부경찰서 (서대신동2가)"
한국전력공사,"부산광역시 서구 보수대로 21, 한국전력공사남부건설본부 (토성동1가)"
해안시장 내,부산광역시 서구 해안새벽시장길27
부민산 체육공원,부산광역시 서구 해돋이로303번길
남부민1동 주민복합커뮤니티센터,부산광역시 서구 천마로 176 (남부민동)
부민동주민센터,"부산광역시 서구 임시수도기념로 22-11, 부민동주민센터 (부민동3가)"
충무동우체국,"부산광역시 서구 충무대로 258, 충무동우체국 (충무동1가)"
암남항,"부산광역시 서구 송도해변로 10-3, 부산해양경찰서 남항파출소 송도출장소 (암남동)"
충무지구대,부산광역시 서구 임시수도기념로 36 (부민동3가)
구덕문화공원(인공폭포 앞),"부산광역시 서구 꽃마을로163번길 73, 구덕문화공원 (서대신동3가)"
송도지구대,부산광역시 서구 충무대로 84 (암남동)
남항파출소,"부산광역시 서구 해안새벽시장길 91, 부산해양경찰서 남항파출소 (남부민동)"
토성동지하철역,부산광역시 서구 구덕로 지하170 (토성동3가)
대신공원 매점 옆,부산광역시 서구 대신공원로 37-23 (서대신동3가)
아미동 주민센터,"부산광역시 서구 해돋이로269번길 17, 아미동주민센터 (아미동2가)"
암남공원 (풍차),부산광역시 서구 암남동 산 193
임해행정봉사실,부산광역시 서구 송도해변로 100
서대신1동 주민센터,"부산광역시 서구 구덕로315번길 49, 서대신1동주민센터 (서대신동2가)"
구덕운동장 체육공원,"부산광역시 서구 망양로 57, 구덕운동장 (서대신동3가)"
서대신동지하철역,부산광역시 서구 대영로 지하1 (서대신동2가)
송도우체국,"부산광역시 서구 충무대로 47, 부산송도우체국 (암남동)"
임시수도기념관 화장실,"부산광역시 서구 임시수도기념로 45, 임시수도기념관 (부민동3가)"
수산물유통시설관리사업소 가동,"부산광역시 서구 원양로 35, 국제수산물도매시장 (암남동)"
남부민1동 주민센터,"부산광역시 서구 충무대로255번길 5-26, 남부민1동주민센터 (남부민동)"
수산물유통시설관리사업소회관동,"부산광역시 서구 원양로 35, 국제수산물도매시장 (암남동)"
구덕지구대,"부산광역시 서구 보수대로 258-5, 동대치안센터 (동대신동3가)"
부산국민체육센터,"부산광역시 서구 대신로 150, 부산국민체육센터 (서대신동3가)"
꽃마을,부산광역시 서구 꽃마을로 159(서대신동3가)
남항체육시설,부산광역시 서구 등대로 107
동대신2동주민센터,"부산광역시 서구 보동길275번길 9, 동대신2동주민센터 (동대신동2가)"
아미우체국,"부산광역시 서구 구덕로 193, 부산아미동우체국 (아미동1가)"
금수사초소,부산광역시 동구 망양로 533-33(초량동) 금수사초소
부산진성공원 북문,"부산광역시 동구 자성로 99, 부산진성공원 북문,조선통신사역사관 (범일동)"
시민회관 관리동 3층 남자,"부산광역시 동구 자성로133번길 16, 시민회관 (범일동)"
안창119안전센터,"부산광역시 동구 안창로 62, 안창119안전센터 (범일동)"
시민회관 대극장 개인분장3,"부산광역시 동구 자성로133번길 16, 시민회관 (범일동)"
시민회관 관리동 2층 여자,"부산광역시 동구 자성로133번길 16, 시민회관 (범일동)"
풀랫폼 B동 장애인용,"부산광역시 동구 중앙대로 210, 유라시아 플랫폼 (초량동)"
좌천체육공원,부산광역시 동구 구청로 1(수정동) 좌천체육공원
부산진성공원 서문,"부산광역시 동구 자성로 99, 부산진성공원 서문,조선통신사역사관 (범일동)"
동구SK주유소,"부산광역시 동구 중앙대로 352, 동구SK주유소 (초량동)"
도시철도 범일역,"부산광역시 동구 범일로 지하 108, 도시철도 범일역 (범일동)"
동구청 1층 까페,"부산광역시 동구 구청로 1, 동구청 (수정동)"
수정4동초소,부산광역시 동구 구청로 1(수정동) 수정4동초소
부산진소방서 초량119안전센터,"부산광역시 동구 중앙대로260번길 7, 초량119안전센터 (초량동)"
동구종합사회복지관 1층,"부산광역시 동구 안창로 57, 동구종합사회복지관 1층 (범일동)"
시민회관 소극장 남자,"부산광역시 동구 자성로133번길 16, 시민회관 (범일동)"
수정산가족체육공원,"부산광역시 동구 수정공원로 63-1, 수정산 가족체육공원 (수정동)"
부산진세무서 1층 민원실,"부산광역시 동구 진성로 23, 부산진세무서 민원실 1층 (수정동)"
초량2동 행정복지센터 1층,"부산광역시 동구 중앙대로209번길 30, 초량2동 행정복지센터 (초량동)"
초량3동우체국 2층,"부산광역시 동구 중앙대로236번길 3-4, 초량3동우체국 2층 (초량동)"
동구보훈회관 1층,"부산광역시 동구 구청로 14, 동구보훈회관 2층 (수정동)"
동구보건소 민원실 1층,"부산광역시 동구 구청로 1, 동구보건소 민원실 1층 (수정동)"
수정1배수지공원,"부산광역시 동구 망양로672번길 19, 수정1배수지공원, 동구노인종합복지관 위 (수정동)"
시민회관 대극장 3층 우측남자,"부산광역시 동구 자성로133번길 16, 시민회관 (범일동)"
초량우체국1층,"부산광역시 동구 초량상로 71, 초량우체국 1층 (초량동)"
시립중앙도서관 수정분관(1층),부산광역시 동구 홍곡로 53 시립중앙도서관 수정분관
시민회관 관리동 지하1층여자,"부산광역시 동구 자성로133번길 16, 시민회관 (범일동)"
동구청 L층 민원실,"부산광역시 동구 구청로 1, 동구청 1층 (수정동)"
좌천동우체국 1층,"부산광역시 동구 중앙대로 471, 부산좌천동우체국 1층 (좌천동)"
시민회관 대극장 2층 놀이방,"부산광역시 동구 자성로133번길 16, 시민회관 (범일동)"
수정2동 행정복지센터 1층,"부산광역시 동구 수정중로11번길 23, 수정2동 행정복지센터 (수정동)"
시민회관 대극장 1층 우측여자,"부산광역시 동구 자성로133번길 16, 시민회관 (범일동)"
동부산우체국 1층,"부산광역시 동구 조방로 15, 동부산우체국 1층 (범일동)"
범일1동 행정복지센터 1층,"부산광역시 동구 범상로 12, 범일1동 행정복지센터(1층) (범일동)"
공영주차장 범일초등,"부산광역시 동구 증산서로 55, 공영주차장(범일초등) (범일동)"
한국가스LPG충전소,"부산광역시 동구 자성로133번길 39, 한국가스LPG충전소 (범일동)"
수정5동 행정복지센터 1층,"부산광역시 동구 망양로795번길 2, 수정5동 복합커뮤니티센터 (수정동)"
초량지구대 1층,"부산광역시 동구 초량상로65번길 2, 초량지구대 (초량동)"
노동복지회관 1층,"부산광역시 동구 자성로141번길 13, 노동복지회관 (범일동)"
부산지방국토관리층 1층 옥외,"부산광역시 동구 초량중로 67, 부산지방국토관리청 (초량동)"
플랫폼 A동,"부산광역시 동구 중앙대로 210, 유라시아 플랫폼 (초량동)"
시민회관 대극장 2층 우측남자,"부산광역시 동구 자성로133번길 16, 시민회관 (범일동)"
동구노인종합복지관 1층,부산광역시 동구 홍곡중로5번길 24 (수정동) 동구노인종합복지관 1층
동구국민체육문예센터 1층,"부산광역시 동구 구청로 8, 동구국민체육문예센터 1층 (수정동)"
증산공원(하),"부산광역시 동구 증산북로 18-7, 증산공원(하) 족구장 옆 (범일동)"
자성대파출소 1층,"부산광역시 동구 자성공원로 15, 자성지구대 (범일동)"
행복동구생활지원센터 1층,"부산광역시 동구 안창로 90, 루미네수녀 기념관 옆 (범일동)"
부산역 지하도상가,"부산광역시 동구 중앙대로 지하200, 부산역지하도상가 (초량동)"
공영주차장 수성초등,"부산광역시 동구 망양로 807, 공영주차장 수성초등 (수정동)"
도시철도 부산역,"부산광역시 동구 중앙대로 지하 200, 도시철도 부산역 (초량동)"
도시철도 초량역,"부산광역시 동구 중앙대로 지하 264, 도시철도 초량역 (초량동)"
도시철도 좌천역,"부산광역시 동구 중앙대로 지하 446, 도시철도 좌천역 (좌천동)"
시민회관 관리동 4층 여자,"부산광역시 동구 자성로133번길 16, 시민회관 (범일동)"
수정초등학교,"부산광역시 동구 진성로 29, 수정초등학교 (수정동)"
범일5동 행정복지센터 1층,"부산광역시 동구 성남로47번길 13, 범일5동 행정복지센터 (좌천동)"
시민회관 관리동 1층 남자,"부산광역시 동구 자성로133번길 16, 시민회관 (범일동)"
수정동우체국 1층,"부산광역시 동구 수정로 9, 부산 수정동우체국 1층 (수정동)"
시민회관 카페테리아 여자,"부산광역시 동구 자성로133번길 16, 시민회관 (범일동)"
도시철도 부산진역(동구청),"부산광역시 동구 중앙대로 지하 350, 부산진역 (초량동)"
시민회관 소극장 단체분장실,"부산광역시 동구 자성로133번길 16, 시민회관 (범일동)"
동구도서관 1층,"부산광역시 동구 성북로36번길 54, 동구도서관 1층 (범일동)"
증산공원(상),"부산광역시 동구 증산북로 18-7, 증산공원(상) 게이트볼장 옆 (범일동)"
초량6동 행정복지센터 1층,"부산광역시 동구 초량로 75, 초량6동 행정복지센터 (초량동)"
동구청 분수대,"부산광역시 동구 구청로 1, 동구청 (수정동)"
시민회관 대극장 개인분장실1,"부산광역시 동구 자성로133번길 16, 시민회관 (범일동)"
한국토지주택공사 2층,"부산광역시 동구 중앙대로 224, 한국토지주택공사 부산울산지역본부 2층 (초량동)"
범일2동 행정복지센터 1층,"부산광역시 동구 범일로 58, 범일2동 행정복지센터 (범일동)"
시민회관 대극장 1층 좌측여자,"부산광역시 동구 자성로133번길 16, 시민회관 (범일동)"
자성로 지하도,부산광역시 동구 성남이로60번길 6(범일동) 자성로 지하도
수성지구대 1층,"부산광역시 동구 망양로 811, 수성지구대 (수정동)"
수정1동 행정복지센터 1층,"부산광역시 동구 홍곡로 71, 수정1동 행정복지센터 (수정동)"
부산항국제여객터미널 2층,"부산광역시 동구 충장대로 206, 부산항 국제여객터미널 1,2층 (초량동)"
좌천동 행정복지센터 1층,"부산광역시 동구 좌천남로 19, 좌천동 행정복지센터 1층 (좌천동)"
수정4동 행정복지센터 1층,"부산광역시 동구 망양로685번길 2, 수정4동 행정복지센터 (수정동)"
시민회관 대극장 3층 좌측여자,"부산광역시 동구 자성로133번길 16, 시민회관 (범일동)"
soil구도일 부산진주유소,"부산광역시 동구 중앙대로 414, 부산진주유소 (좌천동)"
한국철도공사 부산역 1-3층,"부산광역시 동구 중앙대로 206, 한국철도공사 부산지역본부 1층 (초량동)"
천일주유소,"부산광역시 동구 중앙대로 168, 천일주유소 (초량동)"
수정5동체육공원,"부산광역시 동구 수정공원로105번길 41, 수정5동체육공원(테니스장 위) (수정동)"
풀랫폼 A동 장애인용,"부산광역시 동구 중앙대로 210, 유라시아 플랫폼 (초량동)"
동구청 지하2층 주차장,"부산광역시 동구 구청로 1, 동구청 (수정동)"
동부경찰서 1층 민원실,"부산광역시 동구 중앙대로 387, 동부경찰서 1층 (수정동)"
초량3동 행정복지센터 1층,"부산광역시 동구 초량상로 112, 초량3동주민센터 1층 (초량동)"
SK문화가스충전소,"부산광역시 동구 중앙대로 348, SK문화가스충전소 (초량동)"
부두119안전센터(소방1정대) 2층,"부산광역시 동구 충장대로 286, 부두119안전센터(소방정대2층 대기실 옆) (좌천동)"
초량1동 행정복지센터 1층,"부산광역시 동구 중앙대로179번길 33, 초량1동 행정복지센터 (초량동)"
부산시민회관 외부,"부산광역시 동구 자성로133번길 16, 시민회관 외부 (범일동)"
시민회관 대극장 2층 좌측여자,"부산광역시 동구 자성로133번길 16, 시민회관 (범일동)"
한국부동산원 1층,"부산광역시 동구 중앙대로 314, 한국부동산원 부산동부지사 1층 (초량동)"
부산트래블라운지1층,"부산광역시 동구 대영로243번길 38, 부산트래블라운지 1층 (초량동)"
시민회관 카페테리아 남자,"부산광역시 동구 자성로133번길 16, 시민회관 (범일동)"
수정119안전센터 화장실,"부산광역시 동구 중앙대로 383-1, 수정119안전센터 (수정동)"
시민회관 소극장 여자,"부산광역시 동구 자성로133번길 16, 시민회관 (범일동)"
플랫폼 B동,"부산광역시 동구 중앙대로 210, 유라시아 플랫폼 (초량동)"
동구문화원,"부산광역시 동구 중앙대로349번길 20, 동구문화원 (수정동)"
남항주유소,부산광역시 영도구 남항서로 96
부산동삼동우체국,부산광역시 영도구 동삼로 37-1
와치종합사회복지관,부산광역시 영도구 함지로79번길 76
부산해양경찰서 영도파출소,부산광역시 영도구 하리해안길 17-18
신선동행정복지센터,부산광역시 영도구 하나길 317 (신선동3가)
청학파출소,부산광역시 영도구 태종로 935
동현주유소,부산광역시 영도구 해양로 212
7-3 버스주차장,부산광역시 영도구 동삼동 1017-3
영도도서관 남항분관,부산광역시 영도구 절영로 71 (남항동2가)
부산청학동우체국,부산광역시 영도구 청학로 87
영도구종합사회복지관,부산광역시 영도구 산정길 138 (신선동3가)
기업은행 영도지점,부산광역시 영도구 남항서로 138(대교동1가)
부산은행 영도금융센터,부산광역시 영도구 절영로 27(대교동2가)
7-1 주차장,부산광역시 영도구 태종로833번길 23
항만소방서 화장실,부산광역시 영도구 해양로 297
절영해안산책로6호,부산광역시 영도구 동삼동 산 71-4
국립해양박물관,부산광역시 영도구 해양로301번길 45
부산영선동우체국,부산광역시 영도구 절영로 96-1
NH농협은행 영도지점,부산광역시 영도구 남항로 49(영선동2가)
개인택시영도LPG충전소,부산광역시 영도구 해양로 296
조내기고구마 역사공원,부산광역시 영도구 벚꽃길 80
절영종합사회복지관,부산광역시 영도구 함지로 33-10
태종대유원지 전망대 공중화장실(6호),부산광역시 영도구 전망로 209
해돋이마을,부산광역시 영도구 와치로 2-18
태종대유원지 등대 공중화장실(5호),부산광역시 영도구 전망로 181
한아름새마을금고(본점),부산광역시 영도구 하나길 458(신선동2가)
함지골약수터,부산광역시 영도구 절영로 323
봉산약수터,부산광역시 영도구 봉래길 106-1
영도구국민체육센터,부산광역시 영도구 함지로79번길 6 (동삼동)
홈플러스 영도점,부산광역시 영도구 대교로14번길 57 (봉래동2가)
부산은행 영선동지점,부산광역시 영도구 영선대로 75 (영선동2가)
하나은행 영도지점,부산광역시 영도구 영선대로 95(영선동2가)
해수천1호,부산광역시 영도구 해양로 412
태종로,부산광역시 영도구 청학동 73-105
벚꽃길,부산광역시 영도구 청학동 산 54-2
소공원,부산광역시 영도구 흰여울길 148
청학배수지,부산광역시 영도구 와치로 36
동삼종합사회복지관,부산광역시 영도구 상리로 30
영도구청(본관),부산광역시 영도구 태종로 423
태종대유원지 태종사 공중화장실(4호),부산광역시 영도구 동삼동 산 29-1
청학119안전센터 화장실,부산광역시 영도구 태종로 274
SK에너지(주)직영 태종로주유소,부산광역시 영도구 태종로 290 (청학동)
절영산책로 관리동,부산광역시 영도구 해안산책길 52(영선동4가)
SK행복충전 영도충전소,부산광역시 영도구 영선대로 41 (영선동4가)
한국해양수산연수원,부산광역시 영도구 해양로 367(동삼동)
블루포트2021,부산광역시 영도구 봉래나루로 138
한국해양수산개발원(KMI),부산광역시 영도구 해양로301번길 26 (동삼동)
영선대로 지하 공영주차장,부산광역시 영도구 영선대로 107 (영선동1가)
영도 환경공원 옥외 화장실,부산광역시 영도구 해양로 259
영도중앙새마을금고(본점),부산광역시 영도구 영선대로 99(영선동2가)
남항시장 2호,부산광역시 영도구 절영로43번길 60(영선동2가)
영도놀이마루,부산광역시 영도구 와치로 259 (동삼동)
봉래시장,부산광역시 영도구 태종로105번길 40-13 (봉래동3가)
영도해녀문화전시관,"부산광역시 영도구 중리남로 2-36, 영도해녀문화전시관 (동삼동)"
부산멀티미디어지원센터,"부산광역시 영도구 절영로 71, 영도어린이영어도서관 (남항동2가)"
영도구노인복지관,부산광역시 영도구 절영로29번길 14 (대교동2가)
부산복합문화공간 새모 업무지원동 지상 3층,"부산광역시 영도구 해양로301번길 14, 부산복합문화공간 새모 (동삼동)"
부산복합문화공간 새모 문화복지 B동 지하 1층,"부산광역시 영도구 해양로301번길 14, 부산복합문화공간 새모 (동삼동)"
부산복합문화공간 새모 문화복지 A동 지하 1층,"부산광역시 영도구 해양로301번길 14, 부산복합문화공간 새모 (동삼동)"
남항대교친수공간,부산광역시 영도구 남항서로 2-1
부산복합문화공간 새모 업무지원동 지하 1층,"부산광역시 영도구 해양로301번길 14, 부산복합문화공간 새모 (동삼동)"
부산복합문화공간 새모 업무지원동 지상 2층,"부산광역시 영도구 해양로301번길 14, 부산복합문화공간 새모 (동삼동)"
부산복합문화공간 새모 문화복지 A동 지하 2층,"부산광역시 영도구 해양로301번길 14, 부산복합문화공간 새모 (동삼동)"
마린축구장,"부산광역시 영도구 해양로 307, 영도공간 307 (동삼동)"
영도창업지원센터,부산광역시 영도구 태종로105번길 37-2 (봉래동2가)
부산복합문화공간 새모 문화복지 B동 지상 3층,"부산광역시 영도구 해양로301번길 14, 부산복합문화공간 새모 (동삼동)"
부산복합문화공간 새모 문화복지 B동 지상 1층,"부산광역시 영도구 해양로301번길 14, 부산복합문화공간 새모 (동삼동)"
부산복합문화공간 새모 문화복지 B동 지상 2층,"부산광역시 영도구 해양로301번길 14, 부산복합문화공간 새모 (동삼동)"
부산복합문화공간 새모 업무지원동 지상 1층,"부산광역시 영도구 해양로301번길 14, 부산복합문화공간 새모 (동삼동)"
세기상사㈜ 대성주유소,부산광역시 영도구 해양로 128 (청학동)
해수천2호,부산광역시 영도구 해양로 386
SK행복충전 부산에너지충전소,부산광역시 영도구 해양로 160
봉래동친수공간,부산광역시 영도구 봉래나루로 75
청학수변공원,부산광역시 영도구 해양로 53-1
항만구조대 화장실,부산광역시 영도구 상리로 76
영선119안전센터 화장실,부산광역시 영도구 태종로 115
영선1동행정복지센터,부산광역시 영도구 꿈나무길 25 (영선동1가)
부산은행 봉래동영업점,부산광역시 영도구 태종로 139(봉래동3가)
동삼2동행정복지센터,부산광역시 영도구 동삼오션로 27(동삼동)
국립해양박물관 화장실(외부),부산광역시 영도구 해양로301번길 45
영도문화예술회관,부산광역시 영도구 함지로79번길 6 (동삼동)
영선동 국민은행,부산광역시 영도구 태종로 110(영선동1가)
태종대온천주유소,부산광역시 영도구 태종로 806-1 (동삼동)
태종대유원지 제11호 공중화장실(곤포),부산광역시 영도구 동삼동 산 19-3
부산해양경찰서 중리출장소,부산광역시 영도구 절영로 438
영도새마을금고(봉래지점),부산광역시 영도구 대교로 11(봉래동3가)
절영해안산책로7호,부산광역시 영도구 동삼동 산 71-4
부산영도우체국,부산광역시 영도구 태종로 89
흰여울마을 안내센터(2층),부산광역시 영도구 절영로 194(영선동4가)
태종에너지청학주유소,부산광역시 영도구 태종로 376 (청학동)
부산은행 청학동지점,부산광역시 영도구 태종로 321(청학동)
영도구장애인복지관,부산광역시 영도구 함지로79번길 6
태종아리랑,부산광역시 영도구 와치로 328(동삼동)
부산은행 영도출장소,부산광역시 영도구 태종로 423(청학동)
남항동행정복지센터,부산광역시 영도구 남항로9번길 1 (남항동1가)
동삼혁신도시 아라마루,부산광역시 영도구 해양로301번길 55
영도새마을금고(본점),부산광역시 영도구 태종로 361(청학동)
태종대유원지 체육공원 공중화장실(3호),부산광역시 영도구 동삼동 산 29-1
부산항국제크루즈터미널,부산광역시 영도구 해양로301번길 17 국제크루즈터미널
영도구노인복지관 분관,부산광역시 영도구 봉래길 372
성모신협,부산광역시 영도구 영선대로 83-1
영선2동행정복지센터,부산광역시 영도구 영선대로 65 (영선동3가)
대교파출소,부산광역시 영도구 태종로 81
고신대 문헌정보관(6호동),부산광역시 영도구 와치로 194 (동삼동)
고신대 음악동(2호동),부산광역시 영도구 와치로 194 (동삼동)
고신대 제1강의동(1호동),부산광역시 영도구 와치로 194 (동삼동)
고신대 제2강의동(5호동),부산광역시 영도구 와치로 194 (동삼동)
고신대 행정동(3호동),부산광역시 영도구 와치로 194 (동삼동)
김선조기념관(월드미션센터),부산광역시 영도구 와치로 194 (동삼동)
고신대 제3강의동(9호동),부산광역시 영도구 와치로 194 (동삼동)
고신대 제4강의동(10호동),부산광역시 영도구 와치로 194 (동삼동)
(주)나부코직영 우원주유소,부산광역시 영도구 태종로 181 (봉래동4가)
태종대새마을금고(청학지점),부산광역시 영도구 태종로 310-1(청학동)
영선주유소,부산광역시 영도구 영선대로 63 (영선동3가)
홍등대,부산광역시 영도구 남항서로 60
절영해안산책로8호,부산광역시 영도구 동삼동 628-112
봉래1동행정복지센터,부산광역시 영도구 대교로6번길 5 (봉래동3가)
사격장앞,부산광역시 영도구 절영로 326
중리지구,부산광역시 영도구 중리남로 2-13
실내사격장(2층),부산광역시 영도구 절영로 319
봉래2동행정복지센터,부산광역시 영도구 태종로165번길 1-8 (봉래동4가)
태종대새마을금고(남항지점),부산광역시 영도구 남항로 7 (남항동1가)
영도구청 보건소,부산광역시 영도구 태종로 423
동삼동새마을금고(지점),부산광역시 영도구 태종로 800(동삼동)
청학1동행정복지센터,부산광역시 영도구 청학서로 78 (청학동)
영도구게이트볼장,부산광역시 영도구 함지로 29 (동삼동)
영도도서관,부산광역시 영도구 함지로79번길 6 (동삼동)
부산영도경찰서,부산광역시 영도구 태종로 46
태종대유원지 태원광장(7호),부산광역시 영도구 전망로 24
동삼1동행정복지센터,부산광역시 영도구 중리로 44-1 (동삼동)
동삼하리항,부산광역시 영도구 하리해안길 17-10
동삼지구대,부산광역시 영도구 태종로 618
상리종합사회복지관,부산광역시 영도구 상리로 63-16 (동삼동)
파고라,부산광역시 영도구 흰여울길 148-1
태종대유원지 제8호 공중화장실(구명사),부산광역시 영도구 전망로 316
흰여울마을안내센터,부산광역시 영도구 절영로 194(영선동4가)
동삼동패총전시관,부산광역시 영도구 태종로 729
동삼동새마을금고(본점),부산광역시 영도구 동삼로 65-1(동삼동)
영도마리노오토캠핑장,부산광역시 영도구 해양로 13-16
감지해변산책로2호,부산광역시 영도구 절영로490번길 52
흰여울문화마을,부산광역시 영도구 흰여울길 140
실내사격장(1층),부산광역시 영도구 절영로 319
감지해변,부산광역시 영도구 감지해변길 79
부산해양경찰서,부산광역시 영도구 해양로 293
청학2동행정복지센터,부산광역시 영도구 태종로 394 (청학동)
75광장,부산광역시 영도구 절영로 371
해양특구주유소,부산광역시 영도구 해양로 270
신선3동 공영주차장,부산광역시 영도구 영마루길 143
영선지구대,부산광역시 영도구 남항시장길 328
피아크,부산광역시 영도구 해양로195번길 180 (동삼동)
해양대 대학본부,부산광역시 영도구 태종로 727 국립한국해양대학교
부산해양경찰서 청학출장소,부산광역시 영도구 해양로 53
영도조내기고구마역사기념관,부산광역시 영도구 벚꽃길 75
태종대유원지 육군레이더 앞 공중화장실(4호),부산광역시 영도구 동삼동 산 29-1
절영해안산책로2호,부산광역시 영도구 해안산책길 51
동삼3동행정복지센터,부산광역시 영도구 상리로 39 (동삼동)
봉래산체육공원,부산광역시 영도구 벚꽃길 207-6
찬새미작은도서관,부산광역시 영도구 하나길 733
상수도사업본부 영도사업소 화장실,부산광역시 영도구 상수도길 10
산정체육공원,부산광역시 영도구 산제당길 198
태종대신협,부산광역시 영도구 동삼로 84(동삼동)
함지골청소년수련관,부산광역시 영도구 절영로 321 (동삼동)
부산동삼3동우체국,부산광역시 영도구 상리로 37
남항시장 1호,부산광역시 영도구 절영로49번길 73-5(영선동2가)
태종대유원지 관리사무실 공중화장실(2호),부산광역시 영도구 동삼동 산 29-1
남항관리사업소 현장사무실 화장실,부산광역시 영도구 대평북로 6
부산콘서트홀 2층 관객화장실2,부산광역시 부산진구 동평로 250 (연지동)
부산콘서트홀 지하1층 관객 화장실1,부산광역시 부산진구 동평로 250 (연지동)
부산콘서트홀 1층 관객화장실2,부산광역시 부산진구 동평로 250 (연지동)
밭개마을센터,부산광역시 부산진구 동성로112번길 47 (전포동)
항도주유소,"부산광역시 부산진구 신암로 14, 항도주유소 (범천동)"
백양산 양묘장,부산광역시 부산진구 당감동 산 34
부전지구대,부산광역시 부산진구 부전로 185
부산시설공단 본사 3층,부산광역시 부산진구 새싹로174(연지동)
부산진구보건소,부산광역시 부산진구 황령대로8번길 36
엄광산 가야약수터 위 임도,부산광역시 부산진구 가야동 산 81-1
부산콘서트홀 1층 관객화장실1,부산광역시 부산진구 동평로 250 (연지동)
성지종합사회복지관,부산광역시 부산진구 성지로153번길 101 (초읍동)
부산콘서트홀 지하1층 관객화장실2,부산광역시 부산진구 동평로 250 (연지동)
개금1동주민센터,부산광역시 부산진구 가야대로454번길 9
부산시민공원방문자센터 1층,부산광역시 부산진구 시민공원로 73
부산시민공원 시민사랑채,부산광역시 부산진구 시민공원로 73
어린이대공원 제8호,부산광역시 부산진구 초읍동 43
어린이대공원 제12호,부산광역시 부산진구 초읍동 43산 98-1
부산평화시장,부산광역시 부산진구 자유평화로 7  (범천동)
동의과학대학교,부산광역시 부산진구 양지로 54
양정1동주민센터,부산광역시 부산진구 동평로406번길 38
부산고용복지플러스센터 3층,부산광역시 부산진구 중앙대로 994
영광도서,"부산광역시 부산진구 서면문화로 10, 영광도서 (부전동)"
부산양정동우체국,부산광역시 부산진구 거제대로 22번길 20
연지오토셀프주유소,"부산광역시 부산진구 동평로 239, 연지오토셀프주유소 (연지동)"
백양가족공원,부산광역시 부산진구 당감동 794-2
부산진구노인복지관신암분관,부산광역시 부산진구 신암로135번길 32
"개금쉼터 4,5층",부산광역시 부산진구 백양대로210
중부지하도상가 서면몰 2호,부산광역시 부산진구 중앙대로 지하717
어린이대공원 제11호,부산광역시 부산진구 초읍동 43
X모텔,"부산광역시 부산진구 신천대로50번길 34, X모텔 (부전동)"
서면전자랜드,부산광역시 부산진구 서전로 4  (부전동)
부산시설공단 본사 4층,부산광역시 부산진구 새싹로174(연지동)
전포2치안센터,"부산광역시 부산진구 전포대로276번길 1, 전포2치안센터 (전포동)"
부산부암동우체국,부산광역시 부산진구 동평로 211
중부지하도상가 부전몰A,부산광역시 부산진구 중앙대로 지하737
어린이대공원 제5호,부산광역시 부산진구 초읍동 43
하나은행(서면역지점),"부산광역시 부산진구 중앙대로 743, 하나은행 서면역지점 (부전동)"
대양주유소,"부산광역시 부산진구 새싹로 61-1, 대양주유소 (부암동)"
부산진구 어린이청소년도서관,"부산광역시 부산진구 백양순환로110번길 25, 부암3동 주민센터 (부암동)"
양정119안전센터,"부산광역시 부산진구 연수로 50, 양정119안전센터 (양정동)"
개금종합사회복지관,"부산광역시 부산진구 백양관문로77번길 140, 개금종합사회복지관 (개금동)"
부산진구종합사회복지관,"부산광역시 부산진구 복지로 117-12, 부산진구종합사회복지관 (개금동)"
부전1동주민센터 5층,부산광역시 부산진구 범전로5번길 13
성지주유소,"부산광역시 부산진구 동평로 289, 성지주유소 (연지동)"
이샘병원,"부산광역시 부산진구 황령대로 12, 이샘병원 (범천동)"
진성3주유소,부산광역시 부산진구 백양대로 78 (당감동)
기업은행(부전동지점),"부산광역시 부산진구 중앙대로 735, 기업은행 부전동지점 (부전동)"
부산고용복지플러스센터 5층,부산광역시 부산진구 중앙대로 994
당감1치안센터,"부산광역시 부산진구 백양대로 50, 당감1치안센터 (당감동)"
부암3동주민센터,"부산광역시 부산진구 백양순환로110번길 25, 부암3동주민센터 (부암동)"
범천1동주민센터,부산광역시 부산진구 범일로192번길 21
어린이대공원 제3호,부산광역시 부산진구 초읍동 43
이마트트레이더스 서면점,"부산광역시 부산진구 시민공원로 31, 이마트트레이더스 서면점 (부암동)"
부산시설공단 본사 5층,부산광역시 부산진구 새싹로174(연지동)
부산시민공원 문화예술촌,부산광역시 부산진구 시민공원로 73
삼정기업빌딩,"부산광역시 부산진구 중앙대로775번길 5, 삼정기업빌딩 (부전동)"
부산진구청,부산광역시 부산진구 시민공원로 30
성지지구대,부산광역시 부산진구 성지로 113번길 27
당감119안전센터,"부산광역시 부산진구 백양산로53번길 65, 당감119안전센터 (당감동)"
지하철 양정역,부산광역시 부산진구 중앙대로 지하 930
부암지구대,부산광역시 부산진구 신천대로 283
개금파출소,부산광역시 부산진구 백양대로 208번길 139
부산광역시립부전도서관,부산광역시 부산진구 동천로 79 (부전동)
부산시민공원 뽀로로도서관,부산광역시 부산진구 시민공원로 73
부전1동주민센터 3층,부산광역시 부산진구 범전로5번길 13
주공에너지주유소,부산광역시 부산진구 백양대로 231 (개금동)
부산진시니어클럽,부산광역시 부산진구 가야공원로40번길 14
부산진우체국,"부산광역시 부산진구 가야대로 579, 1층"
당감2동주민센터,"부산광역시 부산진구 가야대로703번길 13, 당감2동주민센터 (당감동)"
교보생명빌딩,"부산광역시 부산진구 중앙대로 658, 교보생명빌딩 (부전동)"
부전1동주민센터 2층,부산광역시 부산진구 범전로5번길 13
양정시장,"부산광역시 부산진구 동평로420번길 18, 양정시장 (양정동)"
신한은행(부산서면지점),"부산광역시 부산진구 새싹로 6, 신한은행 부산서면지점 (부전동)"
부산고용복지플러스센터 2층,부산광역시 부산진구 중앙대로 994
ABC메디칼센터,"부산광역시 부산진구 가야대로 769, ABC메디칼센터 (부전동)"
부산광역시교육청,부산광역시 부산진구 화지로 12 (양정동)
남부산고속주유소,부산광역시 부산진구 거제대로 84 (양정동)
케이제이주유소,"부산광역시 부산진구 전포대로 178, 케이제이주유소 (전포동)"
개금1치안센터,"부산광역시 부산진구 냉정로 191-1, 개금1치안센터 (개금동)"
개금2동주민센터,부산광역시 복지로 93
부암3치안센터,"부산광역시 부산진구 백양순환로119번길 12-5, 부암3치안센터 (부암동)"
상수도사업본부,부산광역시 부산진구 중앙대로955
부산당감4동우체국,부산광역시 부산진구 백양산로 53번길 71
지오플레이스,"부산광역시 부산진구 동천로 4, 지오플레이스 (전포동)"
전포1동주민센터,"부산광역시 부산진구 서전로68번길 75, 전포1동 주민센터 (전포동)"
"개금1,3세대행복마을센터",부산광역시 부산진구 진사로83번길21
범천2동주민센터,부산광역시 부산진구 신암로 48  (범천동)
중부지하도상가 서면몰 3호,부산광역시 부산진구 중앙대로 지하717
부전2치안센터,"부산광역시 부산진구 부전로 33, 부전2치안센터 (부전동)"
지하철 서면역,부산광역시 부산진구 중앙대로 지하 730
당감지구대,부산광역시 부산진구 당감로 17-1
엄광산 동구경계,부산광역시 부산진구 가야동 산78-2
가야감고개공원주민커뮤니티센터,부산광역시 부산진구 가야대로548번길 109
개금3동주민센터,부산광역시 부산진구 개금본동로 88
안창마을 커뮤니티센터,부산광역시 부산진구 안창로72번길18-10
부산시민공원 공원역사관,부산광역시 부산진구 시민공원로 73
부산진구 기적의도서관,"부산광역시 부산진구 범양로125번길 19, 부산진구 기적의도서관 (양정동)"
부산진구 당감도서관,"부산광역시 부산진구 가야대로703번나길 33, 당감복합공공도서관 (당감동)"
송상현광장 선큰광장,부산광역시 부산진구 중앙대로 818
동방석유SK전포주유소,부산광역시 부산진구 동천로 10 (전포동)
대명주유소,"부산광역시 부산진구 가야대로 523, 대명주유소 (가야동)"
지하철 개금역(부산백병원),부산광역시 부산진구 가야대로 지하 442
부산양정1동우체국,부산광역시 부산진구 범양로 103
신선마을 공유센터,부산광역시 부산진구 동평로131번길 94
서면종합시장,"부산광역시 부산진구 부전로162번길 28, 서면종합시장 (부전동)"
백양산 애진봉,부산광역시 부산진구 부암동 산106-31
부산시설공단 본사 2층,부산광역시 부산진구 새싹로174(연지동)
양정지구대,부산광역시 부산진구 동평로 342
양정셀프주유소,부산광역시 부산진구 동평로 361 (양정동)
국민은행(개금동지점),"부산광역시 부산진구 복지로 2, 국민은행 개금동지점 (개금동)"
부산당감3동우체국,부산광역시 부산진구 백양대로 156
효성엑센시티,"부산광역시 부산진구 서면로 39, 효성엑센시티 (부전동)"
한신밴,"부산광역시 부산진구 동천로 116, 한신밴 (전포동)"
당감종합사회복지관,"부산광역시 부산진구 당감서로 16, 당감종합사회복지관 (당감동)"
부전역(철도),부산광역시 부산진구 부전로 181
개금태화주유소,"부산광역시 부산진구 가야대로 402, 개금태화주유소 (개금동)"
지하철 부암역(온종합병원),부산광역시 부산진구 가야대로 지하 719
백양산 등산로,부산광역시 부산진구 백양산로 138
부산시민공원 다솜관,부산광역시 부산진구 시민공원로 73
대흥주유소,"부산광역시 부산진구 동평로 21, 대흥주유소 (당감동)"
부산콘서트홀 2층 관객화장실1,부산광역시 부산진구 동평로 250 (연지동)
어린이대공원 제6호,부산광역시 부산진구 초읍동 43
어린이대공원 제2호,부산광역시 부산진구 초읍동 43
지하철 전포역,부산광역시 부산진구 전포대로 지하 181
황령산레포츠공원(생태공원),부산광역시 부산진구 진남로328번길99
부산광역시립시민도서관,부산광역시 부산진구 월드컵대로 462 (초읍동)
황령산레포츠공원(관리실),부산광역시 부산진구 진남로328번길99
범천1파출소,부산광역시부산진구 중앙번영로 24-1
개금다락방,부산광역시 부산진구 복지로 41번길 53
지하철 동의대역,부산광역시 부산진구 가야대로 지하 554
지하철 부전역,부산광역시 부산진구 중앙대로 지하 786
백양산 바람고개,부산광역시 부산진구 초읍동 산129
황령산 금성사,부산광역시 부산진구 전포동 산29-1
범전치안센터,"부산광역시 부산진구 범전로32번길 35, 범전치안센터 (범전동)"
국립부산국악원,부산광역시 부산진구 국악로2
부산시민공원 야외주차장,부산광역시 부산진구 시민공원로 73
부산시민공원방문자센터지하2층,부산광역시 부산진구 시민공원로 73
전포2배수지,부산광역시 부산진구 진남로328번길 14
한사랑요양병원,"부산광역시 부산진구 새싹로 107, 한사랑요양병원 (부암동)"
양정현대프라자,"부산광역시 부산진구 동평로 350, 양정현대프라자 (양정동)"
송상현광장 역사마당,부산광역시 부산진구 중앙대로 818
국민건강보험공단 부산진구지사 1층,부산광역시 부산진구 중앙대로 798
부산시민공원 숲속북카페,부산광역시 부산진구 시민공원로 73
동의대학교 양정캠퍼스,부산광역시 부산진구 양정로 52-57
국제저축은행,"부산광역시 부산진구 중앙대로 612, 국제저축은행 (범천동)"
부산당감동우체국,부산광역시 부산진구 당감로 50-1
부산진구여성가족문화센터 3층,부산광역시 부산진구 백양대로 160
양정2동주민센터,부산광역시 부산진구 양정로15번길 26
부산진구종합재가노인서비스센터,부산광역시 부산진구 엄광로292
철길마을건강생활센터,부산광역시 부산진구 신천대로204번길56
부산진구여성가족문화센터 1층,부산광역시 부산진구 백양대로 160
럭키주유소,"부산광역시 부산진구 새싹로 230, 럭키주유소 (초읍동)"
인제대학교 부산캠퍼스,부산광역시 부산진구 복지로 75
부산진구노인장애인복지관,부산광역시 부산진구 전포대로 300번길 6
지하철 범내골역,부산광역시 부산진구 중앙대로 지하 612
가야유원지 등산로,부산광역시 부산진구 가야공원로 110
부산진경찰서,부산광역시 부산진구부전로 111번길 6
전포2동주민센터,부산광역시 동성로118번길 34
전포종합사회복지관,"부산광역시 부산진구 전포대로190번길 35, 전포종합사회복지관 (전포동)"
양정어르신쉼터,부산광역시 부산진구 양지로17번길 39
부전1동주민센터 1층,부산광역시 부산진구 범전로5번길 13
가야2동주민센터,부산광역시 부산진구 엄광로147번길 37
어린이대공원 제10호,부산광역시 부산진구 초읍동 43
부산시설공단 본사 1층,부산광역시 부산진구 새싹로174(연지동)
부산진소방서,"부산광역시 부산진구 서전로 43, 부산진소방서 (전포동)"
가야119안전센터,"부산광역시 부산진구 가야대로 627, 가야119안전센터 (가야동)"
부전2동주민센터,부산광역시 부산진구 부전로20번길 13
호천생활문화센터,부산광역시 부산진구 엄광로495번가길 36
부산진구여성가족문화센터 5층,부산광역시 부산진구 백양대로 160
부산진구 건강증진센터,부산광역시 부산진구 시민공원로 30
가야지구대,부산광역시부산진구 가야공원로 10
서면지구대,부산광역시 부산진구 신암로 56
범천건강문화센터,부산광역시 부산진구 신암로135번길 36 (범천동)
부암119 안전센터,"부산광역시 부산진구 신천대로 282, 부암119안전센터 (부암동)"
가야1치안센터,"부산광역시 부산진구 대학로 7, 가야1치안센터 (가야동)"
동방석유황령산주유소,"부산광역시 부산진구 황령대로 66, 황령산주유소 (전포동)"
돌산공원,부산광역시 부산진구 진남로283번길
대한적십자사 부산혈액원,부산광역시 부산진구 전포대로 168 (전포동)
어린이대공원 제7호,부산광역시 부산진구 초읍동 43
가얏골건강문화센터,부산광역시 부산진구 가야대로572번가길 8
W모텔,"부산광역시 부산진구 부전로20번길 19, W모텔 (부전동)"
전포파출소,부산광역시부산진구 전포대로 165
개금1배수지,부산광역시 부산진구 복지로47번길 30 (개금동)
나래울장애인주간보호센터,부산광역시 부산진구복지로 117-12
하마정주유소,"부산광역시 부산진구 동평로 398, 하마정주유소 (양정동)"
엔젤호텔,"부산광역시 부산진구 중앙대로692번길 46-7, 엔젠호텔 (부전동)"
농협(전포동지점),"부산광역시 부산진구 서전로 41, 농협 전포동지점 (전포동)"
부전시장,"부산광역시 부산진구 중앙대로783번길 23, 부전시장 (부전동)"
부전1동주민센터 4층,부산광역시 부산진구 범전로5번길 13
전포1배수지,부산광역시 부산진구 양정동 418-247
삼성화승분산상가,"부산광역시 부산진구 백양순환로 89, 화승분산상가 (부암동)"
개금주공복합상가,"부산광역시 부산진구 백양관문로 3, 개금주공복합상가 (개금동)"
당감4치안센터,"부산광역시 부산진구 당감서로80번길 16, 당감4치안센터 (당감동)"
유니크스테이,"부산광역시 부산진구 부전로 59, 유니크스테이 (부전동)"
부산롯데호텔,"부산광역시 부산진구 가야대로 772, 부산롯데호텔 (부전동)"
서면시장,"부산광역시 부산진구 서면로 56, 서면시장 (부전동)"
중부지하도상가 부전몰B,부산광역시 부산진구 중앙대로 지하737
선암정다운학습관,부산광역시 부산진구 신암로117번길28-11
연지치안센터,"부산광역시 부산진구 새싹로 166, 연지치안센터 (연지동)"
한일주유소,"부산광역시 부산진구 백양순환로110번길 19, 한일주유소 (부암동)"
가야주유소,"부산광역시 부산진구 가야대로552번길 39, 가야주유소 (가야동)"
국민은행(서면중앙지점),부산광역시 부산진구 새싹로 2  (부전동)
당감4동주민센터,부산광역시 부산진구 백양순환로 40(당감동)
어린이대공원 제1호,부산광역시 부산진구 초읍동 43
초읍동주민센터,"부산광역시 부산진구 새싹로 284, 초읍동주민센터(성지문화복합센터) (초읍동)"
진성주유소,"부산광역시 부산진구 백양대로 242, 진성주유소 (개금동)"
부산진구장애인보호작업장,부산광역시 부산진구 전포대로 300번길 6
어린이대공원 제9호,부산광역시 부산진구 초읍동 43
중부지하도상가 서면몰 1호,부산광역시 부산진구 중앙대로 지하717
양정라이온스공원,부산광역시 부산진구 중앙대로848번길
다사랑치매전문주간보호센터,부산광역시 부산진구 대학로 60
부산적십자회관,부산광역시 부산진구 동성로 144 (전포동)
백양주유소,"부산광역시 부산진구 백양대로 234, 백양주유소 (개금동)"
춘해병원,"부산광역시 부산진구 중앙대로 605, 춘해병원 (범천동)"
서면지하상가,"부산광역시 부산진구 중앙대로 지하 717, 서면지하도상가 서면몰 (부전동)"
농협(부산지역본부),"부산광역시 부산진구 중앙대로783번길 14, 농협 부산지역본부 (부전동)"
부산범천동우체국,부산광역시 부산진구 황령대로 18번길 21
부암1동주민센터,부산광역시 부산진구 신천대로241번길 41
국민은행(부전동지점),"부산광역시 부산진구 새싹로 11, 국민은행 부전동지점 (부전동)"
개금숲길공원,부산광역시 부산진구 백양대로 208번길 70
부산시민공원 카페테리아,부산광역시 부산진구 시민공원로 73
부산교통공사,"부산광역시 부산진구 중앙대로644번길 20, 부산교통공사 (범천동)"
가야1동주민센터,부산광역시 부산진구 가야대로572번길 22
감고개무인카페,부산광역시 부산진구 가야대로548번가길 17-1
부전인삼시장,"부산광역시 부산진구 중앙대로783번길 23, 부전인삼시장 (부전동)"
경동파크타워,"부산광역시 부산진구 새싹로 30 (부전동, 경동파크타워)"
당감행복마루센터,부산광역시 부산진구 당감로10번길3
스마일주유소,부산광역시 부산진구 동평로 49
어린이대공원 제4호,부산광역시 부산진구 초읍동 43
대공원치안센터,"부산광역시 부산진구 성지곡로 3, 대공원치안센터 (초읍동)"
부산진구여성가족문화센터 2층,부산광역시 부산진구 백양대로 160
부산전자종합상가,"부산광역시 부산진구 부전로 196, 부산전자종합상가 (부전동)"
초연근린공원,부산광역시 부산진구 성지로143번길 27
부산여자대학교,부산광역시 부산진구 진남로 506
부산시설공단 서면사업소 2~3층,"부산광역시 부산진구 서면로25(부전동, 삼한골든뷰)"
부산진구여성가족문화센터 4층,부산광역시 부산진구 백양대로 160
연지동주민센터,부산광역시 부산진구 국악로 30
화목어린이공원,부산광역시 부산진구 백양관문로 77번길
양정2치안센터,"부산광역시 부산진구 중앙대로 961, 양정2치안센터 (양정동)"
중부지하도상가 중앙몰,부산광역시 부산진구 중앙대로 지하777
동의대학교 가야캠퍼스,부산광역시 부산진구 엄광로 176
부산진구종합재가노인서비스센터 2층,부산광역시 부산진구 엄광로292
부산시민공원방문자센터지하1층,부산광역시 부산진구 시민공원로 73
부산고용복지플러스센터 4층,부산광역시 부산진구 중앙대로 994
신한은행(부전동지점),"부산광역시 부산진구 중앙대로 748, 신한은행 부전동지점 (부전동)"
황령산레포츠공원(생활체육센터),부산광역시 부산진구 진남로328번길99
인제대학교 부산백병원,"부산광역시 부산진구 복지로 75, 인제대학교 부산백병원 (개금동)"
부산도시공사,부산광역시 부산진구 신천대로 156 (부전동)
지하철 가야역,부산광역시 부산진구 가야대로 지하 650
당감1동주민센터,"부산광역시 부산진구 동평로44번길 49-6, 당감1동주민센터 (당감동)"
부산은행(부전동지점),"부산광역시 부산진구 새싹로 1, 부산은행 부전동지점 (부전동)"
사직야구장,부산광역시 동래구 사직로 45
금강공원 4호 화장실(남/녀),부산광역시 동래구 온천동 산20-4
금강공원 6호 화장실(남/녀),부산광역시 동래구 온청동 산13-3
수안체육공원 공중화장실,부산광역시 동래구 온천천로 235
사적공원(하) 공중화장실,부산광역시 동래구 명륜동 137-18
서동119안전센터,부산광역시 동래구 반송로 331
낙민공원 공중화장실,부산광역시 동래구 안남로 47
온천지구대,부산광역시 동래구 우장춘로 16
온천장 지하철역(1호선),부산광역시 동래구 중앙대로 1520
명장2 치안센터,"부산광역시 동래구 명서로 111, 명장2치안센터 (명장동)"
금강공원 7호 화장실(남/녀),부산광역시 동래구 온천동 산20-4
충렬사,부산광역시 동래구 충렬대로 345
수영환경공원,부산광역시 동래구 온천천남로 185
금강공원 1호 화장실(남/녀),부산광역시 동래구 온천동 산27-4
금강공원 8호 화장실(남/녀),부산광역시 동래구 온천동 산133
동래구 장애인복지관,부산광역시 동래구 충렬대로 386
명장제1동 행정복지센터,부산광역시 동래구 명장로32
사직 지하철역(1호선),부산광역시 동래구 아시아드대로 지하 153
사직종합사회복지관,부산광역시 동래구 사직북로63번길 20-7
공영주차장 명륜역(공용),부산광역시 동래구 중앙대로 1418 (명륜동)
영산홍화장실,부산광역시 동래구 온천천로 372
상수도사업본부 북부지소,부산광역시 동래구 시실로164
야구장외곽화장실,부산광역시 동래구 사직로 45
동래역환승센터화장실,부산광역시 동래구 중앙대로 1324
안락누리도서관,부산광역시 동래구 명안로10번길 64
동래온천우체국,부산광역시 동래구 금강로 106-1
부산사회복지종합센터,부산광역시 동래구 낙민로 25
명륜동 행정복지센터,부산광역시 명륜로207번길 26
안락제1동 행정복지센터,부산광역시 동래구 안연로110번길 9
온천제1동 행정복지센터,부산광역시 동래구 금강로 127
동래문화회관,부산광역시 동래구 문화로 80
동래역(동해남부선),부산광역시 동래구 낙민로 27
수영강변 공중화장실,부산광역시 동래구 수영강서자전거길 462
명륜동 지하철역(1호선),부산광역시 동래구 중앙대로 1414
동래 지하철역(4호선),부산광역시 동래구 충렬대로 지하 147
수민동 행정복지센터,부산광역시 동래구 온천천로339번길 48
동래우체국,부산광역시 동래구 명륜로 169
공영주차장 동래역(남/녀),부산광역시 동래구 중앙대로 1342 (명륜동)
명장 지하철역(4호선),부산광역시 동래구 반송로 지하 281
온천제3동 행정복지센터,부산광역시 동래구 사직북로28번길 153
MBR공원,부산광역시 동래구 온천천남로 185
복산동 행정복지센터,부산광역시 동래구 복천로 1
상수도사업본부 동래통합사업소,부산광역시 동래구 반송로 330
벚꽃화장실,부산광역시 동래구 온천천로 288
금강공원 2호 화장실(남/녀),부산광역시 동래구 온천동 산38-2
동래종합사회복지관,부산광역시 동래구 시실로107번길 151
장미화장실,부산광역시 동래구 중앙대로 1414
명장제2동 행정복지센터,부산광역시 동래구 명서로 168
충렬사 지하철역(4호선),부산광역시 동래구 반송로 지하 205
수안인정시장 공중화장실,부산광역시 동래구 충렬대로237번가길 28
부산시체육회관,부산광역시 동래구 사직로 77
금강대 공중화장실,부산광역시 동래구 만덕고개길 340
우장춘기념관,부산광역시 동래구 우장춘로62번길 7
체육관외곽화장실,부산광역시 동래구 사직로 45
부산해양자연사박물관,부산광역시 동래구 우장춘로 175
금강공원 3호 화장실(남/녀),부산광역시 동래구 온천동 산20-1
사직제3동 행정복지센터,부산광역시 동래구 아시아드대로154번길 79
복천박물관,부산광역시 동래구 복천로 66
사직119안전센터,부산광역시 동래구 체육공원로 74
동래경찰서,부산광역시 동래구 명륜로 70
사직제1동 행정복지센터,부산광역시 동래구 석사로 19
명장동 우체국,부산광역시 동래구 명안로78번길 24
미남 지하철역(1호선),부산광역시 동래구 아시아드대로 지하 232
칸나화장실,부산광역시 동래구 온천천자전거길 987
한국국토정보공사 부산울산지역본부,부산광역시 동래구 금강로 77
동래구보건소,부산광역시 동래구 명륜로187번길 56
사직실내수영장,부산광역시 동래구 사직로 55-32
온천제2동 행정복지센터,부산광역시 동래구 충렬대로107번길 28
쇠미산 공중화장실,부산광역시 동래구 사직동 산7-1
동래구청,부산광역시 동래구 온천천로359번길 70
금강공원 5호 화장실(남/녀),부산광역시 동래구 우장춘로 157-67
사직실내체육관,부산광역시 동래구 사직로 55-32
안락역(동해남부선),부산광역시 동래구 안연로98번길 57
부산원동역(동해남부선),부산광역시 동래구 수영강서자전거길 462
낙민파출소,"부산광역시 동래구 온천천로 359, 낙민파출소 (낙민동)"
동래교육지원청,부산광역시 동래구 동래로179번길 31
카페거리화장실,부산광역시 동래구 온천천로 432
동래읍성 편백숲길 화장실,부산광역시 동래구 명륜동 산 48-2
동래구 공공지원센터,"부산광역시 동래구 충렬대로237번길 117, 동래구공공지원센터 (명륜동)"
동래구 국민체육센터,"부산광역시 동래구 미남로 110, 동래구 국민체육센터 (온천동)"
온천1파출소,"부산광역시 동래구 금강로151번길 9, 온천4지구대 (온천동)"
하하센터 동래구복산,"부산광역시 동래구 복천로 1, 3층 (복천동)"
복천박물관 야외화장실,"부산광역시 동래구 복천로 66, 복천동고분군 (복천동)"
동래 지하철역(1호선),부산광역시 동래구 중앙대로 1324
내성지구대,부산광역시 동래구 동래로 109
온빛어린이 작은도서관,"부산광역시 동래구 아시아드대로231번길 21, 온빛 어린이 작은도서관 (온천동)"
119안전체험관,"부산광역시 동래구 우장춘로 117, 부산광역시 119안전체험관 (온천동)"
수안동우체국,"부산광역시 동래구 충렬대로 244-1, 수안동우체국 (수안동)"
사직 우체국,부산광역시 동래구 아시아드대로 154
온천119안전센터,부산광역시 동래구 우장춘로 196
사직제2동 행정복지센터,부산광역시 동래구 사직북로63번길 22
낙민 지하철역(4호선),부산광역시 동래구 충렬대로 지하 285
동래읍성도서관,부산광역시 동래구 동래로159번길 153
명장도서관,부산광역시 동래구46번길 35
철학로 공중화장실,부산광역시 동래구 만덕고개길 236
박차정생가,부산광역시 동래구 명륜로98번길 129-10
부산온천3동우체국,부산광역시 동래구 석사북로 106
수안 지하철역(4호선),부산광역시 동래구 충렬대로 지하 223
한국전력 동래지사,부산광역시 동래구 충렬대로 423
충렬지구대,부산광역시 동래구 반송로 207
온천3 치안센터,"부산광역시 동래구 석사북로 93, 온천3 파출소 (온천동)"
명장배수지 체육공원 공중화장실,부산광역시 해운대구 명장로67번길 33-43
동래구노인복지관,부산광역시 동래구 명륜로207번길 18
사직2치안센터,부산광역시 동래구 사직북로63번길 22
사적공원(상) 공중화장실,부산광역시 동래구 칠산동 산 1-1
안락제2동 행정복지센터,부산광역시 동래구 명안로18번길 103
사직지구대,부산광역시 동래구 중앙대로 1277번길 41
동래읍성역사관,부산광역시 동래구 동래역사관길 18
수안119안전센터,부산광역시 동래구 명륜로45번길 7
공영주차장 수안주차빌딩(남/녀),부산광역시 동래구 충렬대로218번길 15
부산문화회관 챔버홀,부산광역시 남구 유엔평화로 76번길 1
부산문화회관 대극장,부산광역시 남구 유엔평화로 76번길 1
사랑드림 주유소,"부산광역시 남구 황령대로 343 (대연동, 용소주유소)"
"국제금융센터,부산은행 지하철역",부산광역시 남구 전포대로 지하 97
감만2동행정복지센터,부산광역시 남구 석포로 32-1
부산시립박물관 제2전시관,"부산광역시 남구 유엔평화로 63 (대연동, 부산박물관)"
백운포체육공원(마사구장),"부산광역시 남구 백운포로 64, 백운포체육공원(마사구장) 공중화장실 (용호동)[*미고시]"
유엔평화기념관,"부산광역시 남구 홍곡로320번길 106 (대연동, UN평화기념관)"
용호1동행정복지센터,"부산광역시 남구 용호로42번길 140(용호동, 용호1동행정복지센터)"
대연119안전센터,"부산광역시 남구 수영로 279 (대연동, 대연119안전센터)"
부경대학교 디자인관,부산광역시 남구 용소로 45
감만119안전센터,"부산광역시 남구 우암로 81 (감만동, 감만119안전센터)"
부경대학교 4공학관,부산광역시 남구 신선로 365
부경대학교 창의관,부산광역시 남구 용소로 45
남부운전면허시험장 본관,"부산광역시 남구 용호로 16 (용호동, 남부운전면허시험장)"
부경대학교 누리관,부산광역시 남구 용소로 45
용호4동행정복지센터,부산광역시 남구 용호로216번길 10
부경대학교 7공학관,부산광역시 남구 신선로 365
부경대학교 위드센터,부산광역시 남구 용소로 45
대연4치안센터,"부산광역시 남구 유엔로 152 (대연동, 대연4치안센터)"
부경대학교 수산가공연구센터,부산광역시 남구 신선로 365
대연4동행정복지센터,"부산광역시 남구 석포로91번길 96 (대연동, 대연4동주민센터)"
부산대연4동우체국(1층),"부산광역시 남구 석포로 107, 부산대연4동우체국 (대연동)"
대연1동행정복지센터,"부산광역시 남구 유엔평화로 24 (대연동, 대연1동 주민센터)"
(주)용호시장,"부산광역시 남구 동명로152번길 93, 용호시장 (용호동)"
백운포체육공원(인조잔디구장옆),"부산광역시 남구 백운포로 104, 백운포체육공원 공중화장실 (용호동)"
대일주유소,"부산광역시 남구 황령대로 401-2 (대연동, 대일주유소)"
대연(부산고려병원) 지하철역,부산광역시 남구 수영로 지하 242
문현지구대 공중화장실,"부산광역시 남구 전포대로20번길 47 (문현동, 문현지구대)"
용호지구대 공중화장실,"부산광역시 남구 분포로 1 (용호동, 용호지구대)"
반도주유소,"부산광역시 남구 신선로 442 (용당동, S-OIL반도주유소)"
지게골 지하철역,부산광역시 남구 수영로 지하 70
대성주유소,"부산광역시 남구 문현로 67 (문현동, 대성주유소)"
소원사외부화장실,"부산광역시 남구 진남로96번길 56, 소원사 불교문화원 (대연동)"
이기대 동생말,"부산광역시 남구 이기대공원로 57-167, 이기대동생말 공중화장실 (용호동)"
부경대학교 공학도서관,부산광역시 남구 신선로 365
부경대학교 웅비관,부산광역시 남구 용소로 45
황령산유원지 생태숲,"부산광역시 남구 진남로 268, 황령산 유원지 생태숲 공중화장실 (문현동)"
부산해바라기소극장,"부산광역시 남구 용소로13번길 30, 대명빌딩 지하1층 (대연동)"
황령산유원지 생태숲(상부),"부산광역시 남구 진남로 274-13, 황령산유원지 생태숲 상부 공중화장실 (문현동)"
부경대학교 가온관,부산광역시 남구 용소로 45
우암동 복합청사,"부산광역시 남구 동제당로 368, 우암동복합청사 (우암동)"
용호1동현장민원실(1층),"부산광역시 남구 신선로 566-2, 1층(용호동, 용호1동현장민원실)"
신선대 입구 임도,"부산광역시 남구 신선대산복로174번길 280, 신선대 입구 임도 공중화장실 (용호동)"
남부교육지원청,부산광역시 남구 못골로 29
이기대공원(공룡발자국 앞),"부산광역시 남구 이기대공원로 105-15, 이기대공원공룡발자국 공중화장실 (용호동)[*미고시]"
해파랑길,"부산광역시 남구 오륙도로 137, 해파랑길 공중화장실 (용호동)"
문현교통광장,부산광역시 남구 우암로 384 (문현동)
해솔어린이공원,부산광역시 남구 진남로166번길 15 (문현동)
부경대학교 공학종합실습센터,부산광역시 남구 신선로 365
부산 용당세관 화장실,"부산광역시 남구 신선로 325 (용당동, 용당세관)"
부경대학교 나비센터,부산광역시 남구 용소로 45
부산대연우체국(1층),"부산광역시 남구 못골로 97 (대연동, 부산대연우체국)"
하늘바람소극장,"부산광역시 남구 용소로13번길 17, 7층 (대연동)"
은마주유소,"부산광역시 남구 신선로 351 (용당동, 은마주유소)"
용호2동 체육공원,"부산광역시 남구 용호로231번길 128-48, 용호2동 체육공원 공중화장실 (용호동)"
문현2치안센터,"부산광역시 남구 전포대로 104 (문현동, 문현2치안센터)"
부경대학교 나래관,부산광역시 남구 용소로 45
부경대학교 5공학관,부산광역시 남구 신선로 365
부산광역시 여성회관 화장실,부산광역시 남구 수영로 356
용호동 섶자리,"부산광역시 남구 섶자리길 111, 용호동 섶자리 공중화장실 (용호동)"
부경대학교 수산과학관,부산광역시 남구 용소로 45
대연6동행정복지센터,부산광역시 남구 못골로 13
부경대학교 장영실관,부산광역시 남구 용소로 45
부경대학교 종합복지관,부산광역시 남구 신선로 365
문화주유소,"부산광역시 남구 유엔로 155 (대연동, 문화주유소)"
부산분포우체국(1층),"부산광역시 남구 신선로 566-1 (용호동, 부산분포우체국)"
부경대학교 동원장보고관,부산광역시 남구 용소로 45
문수사 입구,부산광역시 남구 홍곡로336번길 41 (용당동)
대연3동행정복지센터,"부산광역시 남구 수영로 345 (대연동, 대연힐스테이트푸르지오)"
유엔평화기념관 1층 야외,"부산광역시 남구 홍곡로 320번길 106 (대연동, UN평화기념관)"
이기대공원(옛관리초소 입구),"부산광역시 남구 이기대공원로 105, 이기대공원관리초소입구 공중화장실 (용호동)"
용당세관 공중화장실,"부산광역시 남구 신선로 325 (용당동, 용당세관)"
문현주유소,"부산광역시 남구 우암로 374 (문현동, 문현주유소)"
분포셀프주유소,부산광역시 남구 용호로 116
문현1동 행정복지센터,부산광역시 남구 고동골로60번길 1
부경대학교 호연관,부산광역시 남구 용소로 45
부경대학교 한울관,부산광역시 남구 용소로 45
남구 국민체육센터,"부산광역시 남구 백운포로 110 (용호동, 남구국민체육센터)"
굿오일주유소,부산광역시 남구 북항로 108 (감만동)
성지셀프주유소,"부산광역시 남구 유엔로 42 (우암동, 성지주유소)"
부산문화회관 다듬채,부산광역시 남구 유엔평화로 76번길 1
남구종합사회복지관,부산광역시 남구 동제당로 258
부경대학교 교양관,부산광역시 남구 신선로 365
구도일주유소용호,부산광역시 남구 용호로 172
부산박물관 부산관장애인화장실,부산광역시 남구 유엔평화로 63
부경대학교 공학1관,부산광역시 남구 용소로 45
부산문화회관 전시실,부산광역시 남구 유엔평화로 76번길 1
대연5동행정복지센터,"부산광역시 남구 진남로46번길 7 (대연동, 대연5동주민센터)"
드림씨어터 1층 화장실,부산광역시 남구 전포대로 133 (문현동)
부경대학교 향파관,부산광역시 남구 용소로 45
용호2동 복합청사,부산광역시 남구 용주로 12 (용호동)
대동골문화센터 3층,부산광역시 남구 황령대로319번가길 147 (대연동)
부경대학교 수조실험동,부산광역시 남구 용소로 45
인터지스 주유소,부산광역시 남구 신선로 173 (감만동)
대동골문화센터 2층,부산광역시 남구 황령대로319번가길 147 (대연동)
해파랑길관광안내소장애인화장실,"부산광역시 남구 오륙도로 137 (용호동, 해파랑길 관광안내소)"
드림씨어터 1층 장애인화장실,부산광역시 남구 전포대로 133 (문현동)
가람아트홀,"부산광역시 남구 유엔평화로76번길 26, 가람빌딩 지하1층 (대연동)"
용호3동행정복지센터,부산광역시 남구 동명로145번길 33
부산시립박물관 외부화장실,"부산광역시 남구 유엔평화로 63 (대연동, 부산박물관)"
부산 남구청,"부산광역시 남구 못골로 19 (대연동, 남구청)"
일제강제동원역사관 본관,부산광역시 남구 홍곡로320번길 100
부경대학교 대학본부,부산광역시 남구 용소로 45
환경공단남부사업소그라운드골프,부산광역시 남구 이기대공원로11
일제강제동원역사관 주차장,부산광역시 남구 홍곡로320번길 100
동명주유소,"부산광역시 남구 전포대로 7 (문현동, 동명주유소)"
부경대학교 수산질병관리원,부산광역시 남구 용소로 45
남부운전면허시험장 별관,"부산광역시 남구 용호로 16 (용호동, 남부운전면허시험장)"
부산박물관 보존관리동1층,부산광역시 남구 유엔평화로 63
매일주유소,"부산광역시 남구 수영로 22, 주유소 (문현동)"
부산남구문화원 3층,"부산광역시 남구 신선로 566-2, 용호1동 현장민원실 3층 (용호동)"
감만1동행정복지센터,"부산광역시 남구 우암로 71-7 (감만동, 감만1동주민센터)"
문현 지하철역,부산광역시 남구 전포대로 지하 17
용호종합사회복지관,부산광역시 남구 이기대공원로 7
문현4치안센터,"부산광역시 남구 지게골로 17 (문현동, 문현4치안센터)"
부산감만동우체국(1층),부산광역시 남구 우암로 84
삼화주유소,"부산광역시 남구 우암로 92 (감만동, 삼화주유소)"
백운포체육공원(테니스장앞),"부산광역시 남구 백운포로 34, 백운포테니스장 입구 공중화장실 (용호동)"
유엔기념공원주차장,"부산광역시 남구 유엔평화로 93, 유엔기념공원 (대연동)"
환경공단남부사업소공원중앙광장,부산광역시 남구 이기대공원로11
부경대학교 양어장관리사,부산광역시 남구 용소로 45
부산박물관 야외,부산광역시 남구 유엔평화로 63
부산남구문화원 2층,"부산광역시 남구 신선로 566-2, 용호1동 현장민원실 2층 (용호동)"
에저또 소극장,"부산광역시 남구 수영로293번길 42, 지하1층 (대연동)"
부경대학교 2공학관,부산광역시 남구 신선로 365
부경대학교 미래관,부산광역시 남구 용소로 45
부경대학교 9공학관,부산광역시 남구 신선로 365
(주)세일부산항주유소,부산광역시 남구 신선로 387
부경대학교 건축관,부산광역시 남구 용소로 45
문현4동 주민복합센터,부산광역시 남구 장고개로 79
부산문화회관 사랑채,부산광역시 남구 유엔평화로 76번길 1
부경대학교 1공학관,부산광역시 남구 신선로 365
광안대교주유소(구 용연주유소),"부산광역시 남구 유엔로 202 (대연동, 용연주유소)"
용호3치안센터,"부산광역시 남구 용호로159번길 15 (용호동, 용호3치안센터)"
용호1치안센터,"부산광역시 남구 용호로42번길 27 (용호동, 용호1치안센터)"
대연1치안센터,"부산광역시 남구 유엔평화로13번길 63 (대연동, 대연치안센터)"
드림씨어터 2층 장애인화장실,부산광역시 남구 전포대로 133 (문현동)
우암로셀프주유소,"부산광역시 남구 우암로 232, 명성주유소 (우암동)"
부경대학교 6공학관,부산광역시 남구 신선로 365
부산박물관 동래관1층,부산광역시 남구 유엔평화로 63
대연지구대 공중화장실,"부산광역시 남구 수영로 328 (대연동, 부산남부경찰서 대연지구대)"
드림씨어터 1층 가족화장실,부산광역시 남구 전포대로 133 (문현동)
못골파출소 공중화장실,"부산광역시 남구 진남로46번길 37 (대연동, 못골치안센터)"
부산문화회관 중극장,부산광역시 남구 유엔평화로 76번길 1
부경대학교 청운관,부산광역시 남구 용소로 45
21센츄리 상가,"부산광역시 남구 수영로 312 (대연동, 21 센츄리시티 오피스텔)"
용당119안전센터,"부산광역시 남구 신선로 398 (용당동, 용당119안전센터)"
문현4동행정복지센터,"부산광역시 남구 수영로 12 (문현동, 세종그랑시아아파트)"
부경대학교 학생회관,부산광역시 남구 신선로 365
문현2동행정복지센터,부산광역시 남구 전포대로92번길 31-7
황령산 편백단지,부산광역시 남구 황령대로319번가길 118 (대연동)
부경대학교 공학관(행정관),부산광역시 남구 신선로 365
내트럭부산용당사업소주유소,"부산광역시 남구 신선로 261 (용당동, 부산 용당 화물차 휴게소)"
장자산체육공원,부산광역시 남구 이기대공원로 11 (용호동)
초콜릿팩토리,"부산광역시 남구 수영로 298, 산암빌딩 지하층 (대연동)"
용당터미널주유소,부산광역시 남구 신선로 252 (용당동)
감만파출소 공중화장실,"부산광역시 남구 우암로 86 (감만동, 감만파출소)"
감만종합사회복지관,부산광역시 남구 우암로84-1
우암파출소 공중화장실,"부산광역시 남구 우암로 170 (우암동, 우암치안센터)"
부산문화회관 부설주차장,부산광역시 남구 유엔평화로 76번길 60
부산환경공단 남부사업소 정문,부산광역시 남구 이기대공원로11
유선정 체육공원,부산광역시 남구 신선대산복로 135 (용호동)
한국산업인력공단부산남부지사,부산광역시 남구 신선로 454-18 (용당동)
이기대공원(큰고개쉼터),"부산광역시 남구 이기대공원로 269, 이기대공원큰고개쉼터 공중화장실 (용호동)[*미고시]"
드림씨어터 2층 화장실,부산광역시 남구 전포대로 133 (문현동)
드림씨어터 3층 화장실,부산광역시 남구 전포대로 133 (문현동)
남구도서관,"부산광역시 남구 수영로267번길 61(대연동, 남구도서관)"
이기대공원(매점옆등산로),"부산광역시 남구 이기대공원로 105-19, 이기대공원매점옆 공중화장실 (용호동)[*미고시]"
부산용호동우체국(1층),"부산광역시 남구 용호로 163 (용호동, 부산용호동우체국)"
유엔조각공원,"부산광역시 남구 유엔평화로 93, 유엔기념공원 (대연동)"
대연수목전시원 화장실,부산광역시 남구 신선로 447번길 24
용호1동 체육공원,부산광역시 남구 동명로101번길 37-13 (용호동)
문현1동 체육공원,부산광역시 남구 진남로198번길 77-15 (문현동)
나다소극장,"부산광역시 남구 용소로40번길 11, 청해빌딩 지하층 (대연동)"
부경대학교 수상레저관,부산광역시 남구 용소로 45
우룡산공원,"부산광역시 남구 신정번영로31번길 26-40, 우룡산평화공원 공중화장실 (대연동)"
부산남부경찰서 공중화장실,부산광역시 남구 황령대로319번가길 81
부경대학교 자연과학2관,부산광역시 남구 용소로 45
부경대학교 한미르관,부산광역시 남구 용소로 45
황령산 봉수대,부산광역시 남구 황령산로 391-40 (대연동)
평화공원,부산광역시 남구 신선로447번길 10 (대연동)
문현3동행정복지센터,부산광역시 남구 고동골로4번길 7-18
남구 치매안심센터 1층,부산광역시 남구 수영로 155(대연동)
부경대학교 10공학관,부산광역시 남구 신선로 365
문현노인복지관,부산광역시 남구 고동골로 11(문현동)
우암동 체육공원,"부산광역시 남구 동제당로 250, 우암동 체육공원 공중화장실 (우암동)"
부경대학교 공학2관,부산광역시 남구 용소로 45
대연5동 체육공원,"부산광역시 남구 못골번영로71번길 29, 대연5동 체육공원 공중화장실 (대연동)"
용당CY주유소,"부산광역시 남구 신선로 392 (용당동, 용당LG주유소)"
경성대부경대(동명대) 지하철역,부산광역시 남구 수영로 지하 324
경인주유소,"부산광역시 남구 신선로 448, 경인주유소에너지플라자 (용당동)"
동명불원,부산광역시 남구 동명로 57
북부산세관,"부산광역시 남구 신선로 325 (용당동, 용당세관)"
금융단지주유소,"부산광역시 남구 전포대로 75, 문현금융단지주유소 (문현동)"
부경대학교 인문사회·경영관,부산광역시 남구 용소로 45
황령산 벚꽃약수터,부산광역시 남구 진남로 274-27 (문현동)
부산문현동우체국(1층),"부산광역시 남구 수영로 56, 부산문현동우체국 (문현동)"
분포문화체육센터,"부산광역시 남구 분포로 97 (용호동, 분포문화체육센터)"
용호별빛공원,부산광역시 남구 분포로 66-40
용호3동 마을건강센터,"부산광역시 남구 동명로164번길 40, 1층"
부산박물관 동래관지하,부산광역시 남구 유엔평화로 63
부경대학교 환경해양관,부산광역시 남구 용소로 45
부경대학교 자연과학1관,부산광역시 남구 용소로 45
북항대교주유소,부산광역시 남구 신선로 316
황령산 문현약수터,부산광역시 남구 진남로232번길 53-49 (문현동)
광진LPG충전소,"부산광역시 남구 수영로 212 (대연동, 광진LPG충전소)"
부경대학교 학술정보관,부산광역시 남구 용소로 45
황령산 바람고개,부산광역시 남구 황령대로319번가길 158-32 (대연동)
대한통운컨테이너터미널,부산광역시 남구 신선로 294 (용당동)
부경대학교 직장어린이집,부산광역시 남구 용소로 45
용당동 복합청사,"부산광역시 남구 신선로 396, 용당동복합청사 (용당동)"
부경대학교 체육관,부산광역시 남구 용소로 45
문현4동 체육공원,"부산광역시 남구 장고개로104번길 55-13, 문현4동 체육공원 공중화장실 (문현동)"
용당파출소 공중화장실,"부산광역시 남구 신선로 318 (용당동, 용암순찰지구대)"
대연운전자 휴게소(남/녀),부산광역시 남구 대연5동 산71-0번지
신선대 중턱,"부산광역시 남구 신선대산복로174번길 78, 신선대유원지 중턱 공중화장실 (용당동)"
비치주유소,"부산광역시 남구 용호로 60 (용호동, 비치주유소)"
우암동 도시숲,부산광역시 남구 우암동 129-339 우암동 도시숲
큰고개쉼터 무방류순환,부산광역시 남구 용호동 산 153
남구노인복지관,부산광역시 남구 못골로 97-10(대연동)
남구실내빙상장,부산광역시 남구 백운포로 106 (용호동)
부경대학교 산학협력관,부산광역시 남구 신선로 365
남부운전면허시험장 기능장,"부산광역시 남구 용호로 16 (용호동, 남부운전면허시험장)"
부경대학교 창업보육센터,부산광역시 남구 신선로 365
부경대학교 해양공동연구관,부산광역시 남구 용소로 45
부산박물관 보존관리동2층,부산광역시 남구 유엔평화로 63
부산박물관 부산관1층,부산광역시 남구 유엔평화로 63
부산지식산업센터 우암점 화장실,부산광역시 남구 신선로2
못골(남구청) 지하철역,부산광역시 남구 수영로 지하 170
부산박물관 부산관지하,부산광역시 남구 유엔평화로 63
부경대학교 아름관,부산광역시 남구 용소로 45
남구보건소,"부산광역시 남구 못골로 23 (대연동, 남구보건소)"
우암주유소,부산광역시 남구 우암로 204
영웅주유소,"부산광역시 남구 황령대로 346 (대연동, 영웅주유소)"
부산박물관 부산관2층,부산광역시 남구 유엔평화로 63
부경대학교 학군단,부산광역시 남구 신선로 365
팔성주유소,부산광역시 남구 유엔로 138
부경대학교 8공학관,부산광역시 남구 신선로 365
부경대학교 대학극장,부산광역시 남구 용소로 45
부경대학교 테니스장관리동,부산광역시 남구 용소로 45
부경대학교 충무관,부산광역시 남구 용소로 45
내트럭(주)부산사업소주유소,"부산광역시 남구 신선로 168, SK부산항화물차휴게소 (감만동)"
부경대학교 3공학관,부산광역시 남구 신선로 365
구포도서관,부산광역시 북구 백양대로 1016번 다길43
GS칼텍스LPG동양가스충전소,부산광역시 북구 금곡대로 103(덕천동)
낙동강관리본부 화명생태공원 7,부산광역시 북구 화명동 1718-10
이십일세기구포셀프주유소,부산광역시 북구 사상로 619(구포동)
노인전문제1병원,부산광역시 북구 함박봉로 98(만덕동)
시각장애인복지관,부산광역시 북구 시랑로132번길 38
만덕오리마을,부산광역시 북구 중리로 100 (만덕동)
덕천지소 화장실,부산광역시 북구 만덕대로 146
낙동강관리본부 화명생태공원 15,부산광역시 북구 강변대로 1629 (덕천동)
기후변화체험교육관,부산광역시 북구 학사로 118
경희요양병원,부산광역시 북구 만덕대로 106(덕천동)
낙동강관리본부 화명생태공원 5,부산광역시 북구 화명동 1718-21
부산북부경찰서,부산광역시 북구 화명신도시로 63
공창공원 화장실,부산광역시 북구 금곡동 92-1
화명중앙공원 화장실,부산광역시 북구 화명동 2279
만덕 지하철역,부산광역시 북구 만덕대로 지하291
좋은리버뷰요양병원,부산광역시 북구 금곡대로 586(금곡동)
북구청 제1별관 화장실,부산광역시 북구 낙동대로1570번길 33(구포동)
낙동강관리본부 화명생태공원 9,부산광역시 북구 금곡동 476
어촌민속관,부산광역시 북구 학사로 128
남산정요양병원,부산광역시 북구 만덕대로 158 대원빌딩(덕천동)
만덕백양체육공원 옆,부산광역시 북구 상리로18번길 49
만덕상학초등학교 옆,부산광역시 북구 상학산복길 197 (만덕동)
화명2동 행정복지센터 화장실,부산광역시 북구 양달로 58
보훈회관,부산광역시 북구 만덕3로 13
미래로병원,부산광역시 북구 금곡대로 15(덕천동)
덕천1동 행정복지센터,부산광역시 북구 만덕대로102번가길 11
부산인재개발원(운동장),부산광역시 북구 효열로 256
동원종합사회복지관,부산광역시 북구 금곡대로 616번길 10-9
화명수목원관리사업소,부산광역시 북구 산성로 299
부산광역시인재개발원,부산광역시 북구 효열로 256
화정근린공원 화장실,부산광역시 북구 화명동 2324
부산여성가족개발원,부산광역시 북구 효열로 256
북구보건소 화장실,부산광역시 북구 금곡대로 348
동심초공원 화장실,부산광역시 북구 만덕동 925-2
경덕주유소,부산광역시 북구 시랑로 58(구포동)
병풍사주차장,부산광역시 북구 만덕고개길 143
금곡종합사회복지관 화장실,부산광역시 북구 효열로 144
삼진셀프주유소,부산광역시 북구 의성로53번길 5(덕천동)
한사랑내과의원,부산광역시 북구 만덕대로 38(덕천동)
만덕1동 행정복지센터 화장실,부산광역시 북구 만덕1로 1
공창종합사회복지관,부산광역시 북구 효열로 268(금곡동)
북구평생학습관,부산광역시 북구 의성로115번길 71
정화양로원,부산광역시 북구 양달로 55
화명수목원 화장실,부산광역시 북구 산성로 299
남산정 지하철역,부산광역시 북구 만덕대로 지하179
쉼터공원 화장실,부산광역시 북구 덕천동 809-2
낙동강관리본부 화명생태공원 13,부산광역시 북구 화명동 1718-3
화명게이트볼장,부산광역시 북구 생태공원길 270 (화명동)
낙동강관리본부 화명생태공원 14,부산광역시 북구 화명동 1718-13
장선종합사회복지관,"부산광역시 북구 시랑로114번길 45, 장선종합사회복지관 (구포동)"
낙동강관리본부 화명생태공원 4,부산광역시 북구 덕천동 598
한마음공원 화장실,부산광역시 북구 만덕동 922-2
시랑골문화센터,부산광역시 북구 시랑로185번길 47
건강공원 화장실,부산광역시 북구 금곡동 57-2
성도주유소,부산광역시 북구 낙동대로 1642(구포동)
낙동강관리본부 화명생태공원 12,부산광역시 북구 금곡동 476
무지개주유소,부산광역시 북구 금곡대로 692(덕천동)
덕천생활체육공원 화장실,부산광역시 북구 457-49
금곡 지하철역,부산광역시 북구 금곡대로 685
문화예술플랫폼,부산광역시 북구 구포만세길 113
북구국민체육센터 화장실,부산광역시 북구 화명대로94번길 83
구포 지하철역,부산광역시 북구 낙동대로 1697
덕천3동행정복지센터 화장실 1층,부산광역시 북구 덕천로 118
부산지식산업센터(금곡),부산광역시 북구 효열로 111
남문마을,부산광역시 북구 남문길 1 (만덕동)
덕천 지하철역,"부산광역시 북구 금곡대로 지하14, 3호선덕천역 (덕천동)"
율리 지하철역,"부산광역시 북구 금곡대로 지하440, 율리역 (금곡동)"
금곡도서관 화장실,부산광역시 북구 효열로203번길 34
화명1동주민센터 화장실,부산광역시 북구 금곡대로 274
삼보부림셀프주유소,부산광역시 북구 만덕대로 343(만덕동)
화명대천천,부산광역시 북구 산성로 123-19 (화명동)
숙등 지하철역,부산광역시 북구 만덕대로 지하79
만덕종합사회복지관,부산광역시 북구 함박봉로 140번길 102
광신석유백양대로주유소,부산광역시 북구 백양대로 995(덕천동)
구남 지하철역,"부산광역시 북구 백양대로 지하1026, 도시철도구남역 (구포동)"
수정 지하철역,"부산광역시 북구 금곡대로 지하160, 수정역 (화명동)"
공영주차장 구남역(공용),부산광역시 북구 구포2동 896
한국철도공사 구포역,"부산광역시 북구 구포만세길 82, 구포역 (구포동)"
범방산 정상 화장실,부산광역시 북구 구포동 산 48-6
화명 지하철역,"부산광역시 북구 금곡대로 지하311, 화명역 (화명동)"
한국철도공사 화명역,"부산광역시 북구 학사로 135, 화명역 (화명동)"
북구청 제2별관 화장실,부산광역시 북구 낙동대로1570번길 28(구포동)
금곡청소년수련관,부산광역시 북구 효열로 158
낙동강관리본부 화명생태공원 11,부산광역시 북구 화명동 1718-28
북구문화예술회관,부산광역시 북구 금곡대로46번길 50
만덕제3동 행정복지센터,부산광역시 북구 만덕3로 52
대천천누리길 화장실,부산광역시 북구 화명동 산 43-14
화명3동주민센터 화장실,부산광역시 북구 화명신도시로 85
북부산등기소,부산광역시 북구 사상로583번길 14
낙동강관리본부 화명생태공원 1,부산광역시 북구 덕천동 815-301
광신석유직영 덕천주유소,부산광역시 북구 의성로 20(덕천동)
구포2치안센터,부산광역시 북구 백양대로1063번길 11
덕내공원 화장실,부산광역시 북구 덕천동 342-6
개나리공원 화장실,부산광역시 북구 만덕동 912-1
낙동강관리본부,부산광역시 북구 낙동대로 1739번길 7
실버벨노인복지관,"부산광역시 북구 시랑로114번길 45, 장선종합사회복지관 (구포동)"
부산실내빙상장,"부산광역시 북구 금곡대로46번길 50, 부산북구문화빙상센터 (덕천동)"
동원 지하철역,"부산광역시 북구 금곡대로 575, 동원지하철역사 (금곡동)"
구명 지하철역,"부산광역시 북구 백양대로 지하1094, 구명역 (구포동)"
구포일심요양병원,부산광역시 북구 낙동대로 1678(구포동)
라인주유소,부산광역시 북구 덕천로 179(만덕동)
화명119안전센터 화장실,부산광역시 북구 금곡대로 184
구포119안전센터 화장실,부산광역시 북구 만덕대로 31
금곡지구,부산광역시 북구 금곡대로 499 (금곡동)
교통문화연수원,부산광역시 북구 효열로 256
화명신도시주유소,부산광역시 북구 금곡대로 203(화명동)
구포3동행정복지센터,부산광역시 북구 시랑로118번길 23
남산정사회복지관,부산광역시 북구 만덕대로 155번길 86-9(덕천동)
덕천2동 행정복지센터 화장실,부산광역시 북구 금곡대로20번길 56
삼보가스충전소,부산광역시 북구 만덕대로 331(만덕동)
한국산업인력공단 부산지역본부,부산광역시 금곡대로441번길 26
만복드림주유소,부산광역시 북구 만덕대로 170(덕천동)
만덕2동행정복지센터 화장실,부산광역시 북구 만덕2로44번길 10
덕천지하상가,"부산광역시 북구 만덕대로 지하39, 덕천지하상가 (덕천동)"
북부소방서 화장실,부산광역시 북구 금곡대로 680
화명정수장 옆,부산광역시 북구 와석장터로 77-53 (화명동)
만덕지구대화장실,"부산광역시 북구 구포만세길 169, 구포1치안센타 (구포동)"
덕천지구대 화장실`,"부산광역시 북구 금곡대로 66-8, 덕천지구대 (덕천동)"
구포지하철역화장실,"부산광역시 북구 낙동대로 1697, 구포역 (구포동)"
숙등 지하철역,"부산광역시 북구 만덕대로 지하79, 숙등역 (덕천동)"
부산솔로몬로파크,부산광역시 북구 낙동북로 755
백양생활체육관 화장실,부산광역시 북구 상리로18번길 49
화명지구대 화장실,"부산광역시 북구 용당로 6, 화명지구대 (화명동)"
구포지구대 화장실,부산광역시 북구 시랑로79번길 3 (구포동)
만덕지하철역 화장실,"부산광역시 북구 만덕대로 지하291, 만덕역 (만덕동)"
금곡지하철역 화장실,"부산광역시 북구 금곡대로 685, 금곡지하철 (금곡동)"
금곡파출소,"부산광역시 북구 금곡대로 462, 금곡파출소 (금곡동)"
부산지방조달청 청사 1층,"부산광역시 북구 금곡대로 506-17, 부산지방조달청 (금곡동)"
화명도서관 화장실,부산광역시 북구 화명대로12번길59
만덕도서관 화장실,부산광역시 북구 은행나무로 26
화명역,부산광역시 북구 학사로 135
금곡동 행정복지센터,부산광역시 북구 금곡대로 466
부산북부고용센터,부산광역시 북구 화명대로 9
낙동강관리본부 화명생태공원 2,부산광역시 북구 덕천동 815-293
금곡주유소,부산광역시 북구 금곡대로 604(금곡동)
SK 구포LPG충전소,부산광역시 북구 사상로 613(구포동)
두꺼비주유소,부산광역시 북구 금곡대로 362(화명동)
북구선거관리위원회 화장실,부산광역시 북구 시랑로118번길 22
만덕119안전센터 화장실,부산광역시 북구 함박봉로 142
GS금곡대로주유소,부산광역시 북구 금곡대로 712(금곡동)
낙동강관리본부 화명생태공원 8,부산광역시 북구 화명동 1718-10
구포어린이교통공원,부산광역시 북구 낙동북로 687
북구문화빙상센터,부산광역시 북구 금곡대로 46번길 50
화명근린공원 화장실,부산광역시 북구 화명동 918-2
구포무장애숲길 주차장 화장실,부산광역시 북구 구포동 779-3
만덕1동 상학도서관 화장실,부산광역시 북구 상학산복길 215
낙동강관리본부 화명생태공원 3,부산광역시 북구 덕천동 597-17
공영주차장 만덕2동사,부산광역시 북구 만덕동 783-4
삼보주유소,부산광역시 북구 만덕대로 327(만덕동)
제2만덕지소(남),부산광역시 북구 구만덕로 60번길 37
현충공원 화장실,부산광역시 북구 금곡대로229번길 83
낙동강관리본부 화명생태공원 10,부산광역시 북구 금곡동 476
구포1치안센터,부산광역시 북구 구포만세길 169
동양가스산업㈜명품주유소,부산광역시 북구 금곡대로 113(덕천동)
병풍사입구,부산광역시 북구 만덕고개길 143-79 (만덕동)
구포1동행정복지센터,부산광역시 북구 백양대로1172번길 18
덕천지소,부산광역시 북구 만덕대로 89번길 9
낙동강관리본부 화명생태공원 6,부산광역시 북구 화명동 1718-17
사랑공원 화장싫,부산광역시 북구 금곡동 1107
북부산새마을금고주유소,부산광역시 북구 금곡대로 37(덕천동)
북구청 본관 화장실,부산광역시 북구 낙동대로1570번길 33(구포동)
부민병원,부산광역시 북구 만덕대로 59(덕천동)
화명일신기독병원,부산광역시 북구 금곡대로 264(화명동)
다사랑요양병원,부산광역시 북구 덕천로 337(만덕동)
부산학생예술문화회관,부산광역시 북구 낙동북로 737-1
구포2동 행정복지센터 화장실,부산광역시 북구 낙동북로681번길 23
평생교육진흥원,부산광역시 북구 효열로 256
구포시장,부산광역시 북구 낙동대로 1773
북구 화명동 솔밭도서관 화장실,부산광역시 북구 금곡대로 324번길 29
부산환경공단 (해운대소각장),부산광역시 해운대구 해운대로 898 (좌동)
마리나주유소,부산광역시 해운대구 해운대로 345 (우동)
석대천,부산광역시 해운대구 석대천로3
반송보건소,부산광역시 해운대구 반송로 853 (반송동)
대천공원4호,부산광역시 해운대구 양운로 202
양운우체국,"부산광역시 해운대구 대천로67번길 37, 양운우체국 (좌동)"
해운대경찰서 우동지구대,"부산광역시 해운대구 해운대로 398, 우동지구대 (우동)"
아시아선수촌공원,부산광역시 해운대구 반여로 121
반여시장,"부산광역시 해운대구 해운대로61번길 95-47 (반여동, 반여시장)"
한마음스포츠센터,"부산광역시 해운대구 세실로 175, 한마음스포츠센터 (좌동)"
송정관광봉사센터(송정해수욕장 2호),부산광역시 해운대구 송정해변로 62 (송정동)
동백공원 산정,부산광역시 해운대구 동백로 99(우동)
수영강변,부산광역시 해운대구 수영강변대로 527
언양봉계숯불갈비,부산광역시 해운대구 재반로 186 (반여동)
장산산림욕장 1호,부산광역시 해운대구 장산로 331-59
장산공원,부산광역시 해운대구 대천로67번길 48
해운대교육청 공동체육관,"부산광역시 해운대구 세실로 137, 해운대교육지원청 (좌동)"
우3동 주민센터,부산광역시 해운대구 해운대해변로 104 (우동)
좌4동 문화센터,부산광역시 해운대구 양운로 186 (좌동)
해운대경찰서 송정치안센터,"부산광역시 해운대구 송정중앙로8번길 65, 송정치안센터 (송정동)"
APEC나루공원2호,부산광역시 해운대구 수영강변대로 85
반송공원,부산광역시 해운대구 반송순환로 100-53
해운대종합사회복지관,"부산광역시 해운대구 재반로12번길 16, 해운대종합사회복지관 (재송동)"
장산중리시장,부산광역시 해운대구 선수촌로165번길 15 (반여동)
현대오일뱅크대운이엔지주유소,부산광역시 해운대구 해운대로 1178 (송정동)
해운대전통시장,부산광역시 해운대구 구남로41번길 8-1 (중동)
와우산 공중화장실,"부산광역시 해운대구 달맞이길 357, 와우산 공중화장실 (좌동)"
재송역사,"부산광역시 해운대구 해운대로 100, 재송역 (재송동)"
대천공원2호,부산광역시 해운대구 장산로 331-18
명장공원,부산광역시 해운대구 삼어로91번길 173
도로관리처 청사(남/녀),부산광역시 해운대구 해운대로 13
벡스코역,"부산광역시 해운대구 해운대로 351, 벡스코역 (우동)"
반송1동시장,부산광역시 해운대구 아랫반송로39번길 28 (반송동)
우1동우체국,"부산광역시 해운대구 중동1로 11, 우1동우체국 (우동)"
해변주유소,부산광역시 해운대구 해운대로 592 (우동)
센텀주유소,"부산광역시 해운대구 수영강변대로 504, 센텀주유소 (반여동)"
해운대블루라인(주)청사포정거장,"부산광역시 해운대구 청사포로 116, 청사포정거장 (중동)"
SK네트웍스㈜신도시주유소,부산광역시 해운대구 대천로 82 (좌동)
재송2동 주민센터,부산광역시 해운대구 재반로125번길 26 (재송동)
중2동 주민센터,부산광역시 해운대구 좌동순환로433번길 34 (중동)
해운대해수욕장 1호,부산광역시 해운대구 해운대해변로 260(우동)
좌1동우체국,"부산광역시 해운대구 양운로 87, 부산좌1동우체국 (좌동)"
해운대경찰서 재송지구대,"부산광역시 해운대구 해운대로161번길 17, 재송지구대 (재송동)"
반여4동주민센터,부산광역시 해운대구 삼어로133번길 50 (반여동)
동백공원 생태,부산광역시 해운대구 동백로 90(우동)
센텀역사,"부산광역시 해운대구 해운대로 210, 센텀역 (재송동)"
대천공원3호,부산광역시 해운대구 양운로 199
석대천대송교,부산광역시 해운대구 석대천로 173(반송동)
아르피나,부산광역시 해운대구 해운대해변로35
부산 영화촬영스튜디오,부산광역시 해운대구 해운대해변로 52 (우동)
해운대지소 화장실,부산광역시 해운대구 대천로 67번길 48
해운대구청,부산광역시 해운대구 중동2로 11 (중동)
반송2동큰시장,부산광역시 해운대구 윗반송로51번길 59-31 (반송동)
동부산주유소,"부산광역시 해운대구 반송로 875, 동부산주유소 (반송동)"
산들공원,부산광역시 해운대구 대천로103번길 55
해운대세무서,부산광역시 해운대구 좌동순환로 17 (좌동)
도로환경팀(남/녀),부산광역시 해운대구 해운대해변로 57
우호적무관심,부산광역시 해운대구 송정구덕포길 138 (송정동)
명품주유소,"부산광역시 해운대구 반송로 781, 석대명품주유소 (석대동)"
청사포공원 해월정,부산광역시 해운대구 달맞이길 184(중동)
중동역,부산광역시 해운대구 해운대로 지하 730
장산 정상 화장실,부산광역시 해운대구 장산로 331-187(반여동)
장산억새밭,부산광역시 해운대구 재반로282번길 129
그린레일웨이,부산광역시 해운대구 해운대로 635-11
청사포공원 어울마당,부산광역시 해운대구 달맞이길 220(중동)
대천공원1호,부산광역시 해운대구 장산로 331-19
해운대(해운대부민병원),부산광역시 해운대구 해운대로 지하 626
해운대역,"부산광역시 해운대구 해운대로 지하626, 부산지하철 해운대역 (우동)"
부산유스호스텔아르피나,"부산광역시 해운대구 해운대해변로 35, 부산유스호스텔아르피나 (우동)"
마리나타운 주유소,부산광역시 해운대구 해운대해변로 44 (우동)
선우빌딩,부산광역시 해운대구 명장로67번길 50 (반여동)
반송1동 자치센터,"부산광역시 해운대구 아랫반송로21번길 41 (반송동, 반송시장)"
송정동 주민센터,부산광역시 해운대구 송정중앙로21번길 20 (송정동)
반송제일주유소,부산광역시 해운대구 반송로 780 (석대동)
동백공원 대체,부산광역시 해운대구 동백로 88(우동)
반여종합복지관,부산광역시 해운대구 재반로226번길 13-73 (반여동)
견우공원,부산광역시 해운대구 해운대로 841
해운대문화회관,부산광역시 해운대구 양운로 97 (좌동)
송정 119 안전센터,"부산광역시 해운대구 송정중앙로15번길 16, 송정119안전센터 (송정동)"
수영강 세월교,부산광역시 해운대구 수영강변대로 527
미리내공원,부산광역시 해운대구 세실로 166
올드머그,부산광역시 해운대구 송정구덕포길 122 (송정동)
오봉산 숲 놀이터,부산광역시 해운대구 재반로 299 (반여동)
청사포 다릿돌전망대 관광안내소,"부산광역시 해운대구 청사포로 167, 청사포 다릿돌전망대 관광안내소 (중동)"
반송1동골목시장상가,부산광역시 해운대구 아랫반송로 16 (반송동)
APEC기후센터,부산광역시 해운대구 센텀 7로 12
어진샘노인종합복지회관,부산광역시 해운대구 재반로12번길 16 (재송동)
동백유원지,"부산광역시 해운대구 해운대해변로 220, 동백유원지 화장실 (우동)"
영화의전당 화장실,부산광역시 해운대구 수영강변대로120
부산지방법원 동부지원,부산광역시 해운대구 재반로112번길 19
해운대경찰서 반여지구대,"부산광역시 해운대구 선수촌로21번길 64, 반여119안전센터및지구대 (반여동)"
해운대해수욕장 3호,부산광역시 해운대구 해운대해변로 226(우동)
벡스코,"부산광역시 해운대구 APEC로 55, 벡스코 (우동)"
좌4동 주민센터,부산광역시 해운대구 좌동순환로 183 (좌동)
현대오일뱅크오시리아주유소,"부산광역시 해운대구 해운대로 1226, 송정동주유소및창고시설 (송정동)"
해운대경찰서 우1동치안센터,"부산광역시 해운대구 우동1로 56, 우1동치안센터 (우동)"
오산공원,부산광역시 해운대구 해운대로 762
해운대경찰서 재송치안센터,"부산광역시 해운대구 해운대로81번길 117, 재송치안센터 (재송동)"
수영강 관리사무소,"부산광역시 해운대구 삼어로 94-141, 수영강시설물관리사무소 (반여동)"
공영주차장 중동역(남/녀),부산광역시 해운대구 해운대로 731 (중동)
신곡우체국,"부산광역시 해운대구 좌동순환로 304, 신곡우체국 (좌동)"
반송종합사회복지관,부산광역시 해운대구 아랫반송로1번길 15 (반송동)
해운주유소,부산광역시 해운대구 해운대로 615 (우동)
심우정 앞 화장실,부산광역시 해운대구 장산로 331-91
부산사회체육센터,"부산광역시 해운대구 재반로 203, 반여동우체국 (반여동)"
우동종합상가,부산광역시 해운대구 해운대로383번길 23 (우동)
체육시설관리사업소,부산광역시 해운대구 해운대해변로 84 (우동)
푸른공원,부산광역시 해운대구 대천로53번길 15
요트경기장본관1층화장실,부산광역시 해운대구 해운대해변로 84
노인복지관 반여분관,"부산광역시 해운대구 선수촌로207번길 79, 노인복지관 반여분관 (반여동)"
좌2동 주민센터,부산광역시 해운대구 좌동순환로 304 (좌동)
해운대구보건소,부산광역시 해운대구 양운로37번길 59 (좌동)
석대,부산광역시 해운대구 석대천로 121
양천석유㈜덕진셀프주유소반송점,부산광역시 해운대구 반송로 782 (석대동)
상수도사업본부 해운대사업소,부산광역시 해운대구 마린시티1로 7
꽃다래공원,부산광역시 해운대구 반송순환로 100-26
동화주유소,"부산광역시 해운대구 해운대로 211, 지에스동화주유소 (재송동)"
윗반송,부산광역시 해운대구 반송로 917
반송공원간이화장실,부산광역시 해운대구 반송순환로 100-53
㈜조은하루주유소,"부산광역시 해운대구 해운대로 551, 조은하루 주유소 (우동)"
반여1동우체국,"부산광역시 해운대구 선수촌로 45, 반여1동우체국 (반여동)"
햇살공원,부산광역시 해운대구 세실로 119
반여3동주민센터,부산광역시 해운대구 재반로256번길 29-70 (반여동)
운봉종합사회복지관,"부산광역시 해운대구 신반송로 200 (반송동, 주공아파트)"
한국전력공사 남부산지점,"부산광역시 해운대구 해운대해변로 113, 한국전력남부산지점 (우동)"
반송동우체국,부산광역시 해운대구 아랫반송로 14
초록공원,부산광역시 해운대구 재반로282번길 67
반송3동(어르신일자리문화센터),부산광역시 해운대구 반송순환로 158 (반송동)
해운대센텀주유소,부산광역시 해운대구 수영강변대로 276 (재송동)
웃음누리공원 화장실,"부산광역시 해운대구 대천로 9, 화장실 (좌동)"
송정해수욕장 1호,부산광역시 해운대구 송정해변로 1-23 (송정동)
공영주차장 반송1·3동공영(공용),부산광역시 해운대구 반송순환로 100-6 (반송동)
해운대경찰서 반여3치안센터,"부산광역시 해운대구 재반로270번길 14, 반여3치안센터 (반여동)"
재송소공원,부산광역시 해운대구 해운대로383번길 573 (재송동)
반송2동우체국,"부산광역시 해운대구 APEC로 58, 부산광역시립미술관 (우동)"
한양브라보 주유소,부산광역시 해운대구 해운대로 1238 (송정동)
재송어린이도서관,부산광역시 해운대구 해운대로76번길 35-1 (재송동)
우동119안전센터,"부산광역시 해운대구 해운대해변로 106, 해운대소방서 (우동)"
장산역(해운대백병원),부산광역시 해운대구 해운대로 지하 820
센텀대림아파트 인근화장실,부산광역시 해운대구 수영강변대로 473 (반여동)[*미고시]
시립해운대도서관,"부산광역시 해운대구 우동1로 89, 부산광역시시립해운대도서관(우동분관) (우동)"
해운대경찰서 반여2치안센터,"부산광역시 해운대구 재반로 197, 반여2동 지구대 (반여동)"
오봉산여가녹지,부산광역시 해운대구 재반로255번길 30
부산광역시립 반송도서관,"부산광역시 해운대구 아랫반송로 22, 부산광역시립반송도서관 (반송동)"
동부환경공원,부산광역시 해운대구 센텀동로 191
부산지방검찰청동부지청,"부산광역시 해운대구 재반로112번길 19, 부산지방검찰청동부지청 (재송동)"
공영주차장 부산기계공고(남/녀),부산광역시 해운대구 해운대로 569
㈜이엠석유대흥주유소,"부산광역시 해운대구 좌동순환로 419, 메트로주유소 (중동)"
돌고래주유소,부산광역시 해운대구 해운대로573번길 16 (우동)
수영강변 이동식화장실,부산광역시 해운대구 수영강변대로 195(재송동)
좌동 119 안전센터,"부산광역시 해운대구 대천로67번길 35, 좌동119안전센터 (좌동)"
카페CCD송정점,"부산광역시 해운대구 송정구덕포길 140-5, 한라횟집 (송정동)"
중1동 주민센터,부산광역시 해운대구 중동1로37번길 20 (중동)
해운대교육청,"부산광역시 해운대구 세실로 137, 해운대교육지원청 (좌동)"
신촌주유소,"부산광역시 해운대구 반여로 153, 신촌주유소 (반여동)"
장산산림욕장 3호,부산광역시 해운대구 장산로 331-39
어르신일자리문화센터,"부산광역시 해운대구 반송순환로 158, 어르신 일자리 문화센터 (반송동)"
중동 119 안전센터,부산광역시 해운대구 달맞이길117번길 72
벡스코역사,"부산광역시 해운대구 해운대로 351, 벡스코역 (우동)"
해운대해수욕장 LCT 소공원,부산광역시 해운대구 해운대해변로298번길 34 (중동)
해운대해수욕장 이벤트광장,"부산광역시 해운대구 해운대해변로 280, 해운대해수욕장이벤트광장 화장실 (중동)"
광안대로주유소,"부산광역시 해운대구 수영강변대로 590, 부산광안대로주유소 (반여동)"
부산시립미술관,"부산광역시 해운대구 APEC로 68, 부산사회체육센타 (우동)"
영화진흥위원회,부산광역시 해운대구 수영강변대로 130 (우동)
시청자미디어센터,"부산광역시 해운대구 센텀중앙로 42, 시청자미디어센터 (우동)"
반여119안전센터,"부산광역시 해운대구 선수촌로21번길 64, 반여119안전센터및지구대 (반여동)"
해운대우체국및수련원,"부산광역시 해운대구 해운대해변로265번길 6, 해운대우체국및연수원 (중동)"
장산산림욕장 2호,부산광역시 해운대구 장산로 331-95
재송2동 한빛문화센터,부산광역시 해운대구 재반로103번길 32 (재송동)
재반보건지소,부산광역시 해운대구 해운대로61번길 28 (재송동)
수영강변대로주유소,"부산광역시 해운대구 수영강변대로 568, 영웅주유소 (반여동)"
영산대(아랫반송),부산광역시 해운대구 반송로 803
해운대주유소,"부산광역시 해운대구 좌동순환로 375, 해운대주유소 (중동)"
우2동 주민센터,부산광역시 해운대구 해운대로383번가길 7 (우동)
우동성불사임도,부산광역시 해운대구 해운대로383번길 478(재송동)
송정주유소,"부산광역시 해운대구 해운대로 1075, 웨스트트레이딩 빌딩 (송정동)"
반여2동주민센터,부산광역시 해운대구 재반로211번길 9 (반여동)
우1동 주민센터,부산광역시 해운대구 해운대로 612 (우동)
꿈나무공원,부산광역시 해운대구 양운로 33
송정해수욕장 2호,부산광역시 해운대구 송정해변로 62 (송정동)
재송동우체국,"부산광역시 해운대구 재반로 121-1, 재송동우체국 (재송동)"
달맞이주유소,부산광역시 해운대구 달맞이길 57 (중동)
해운대우체국,"부산광역시 해운대구 반송로 523, 해운대우체국 (석대동)"
반석종합사회복지관,"부산광역시 해운대구 신반송로 159 (반송동, 도개공아파트)"
송정역사,부산광역시 해운대구 해운대로 1147 (송정동)
반송2동 주민센터,부산광역시 해운대구 신반송로 173 (반송동)
청사랑화장실,"부산광역시 해운대구 청사포로128번길 25, 부산해양경찰서 송정파출소 청사포출장소 (중동)"
좌1동 주민센터,부산광역시 해운대구 양운로 91 (좌동)
장산노인복지관,부산광역시 해운대구 좌동로 126 (좌동)
영진종합사회복지관,부산광역시 해운대구 반여로 165 (반여동)
장산IC주유소,부산광역시 해운대구 양운로 107 (좌동)
재송1동 주민센터,부산광역시 해운대구 재반로63번길 23 (재송동)
송정현대주유소,부산광역시 해운대구 해운대로 1217 (송정동)
센텀시티주유소,부산광역시 해운대구 해운대로 285 (우동)
수영강 동천교,부산광역시 해운대구 수영강변대로 673(석대동)
센텀셀프주유소,"부산광역시 해운대구 해운대로 179, 센텀주유소 (재송동)"
센텀시티역(벡스코),부산광역시 해운대구 센텀남대로 지하 76
에스오일(주)유선주유소,부산광역시 해운대구 해운대로 1184 (송정동)
해운대소방서,"부산광역시 해운대구 해운대해변로 106, 해운대소방서 (우동)"
해운대시장공영주차장,"부산광역시 해운대구 구남로29번길 20-11, 돈천지 (중동)"
좌동우체국,"부산광역시 해운대구 좌동순환로 184, 부산좌동우체국 (좌동)"
삼양주유소,"부산광역시 해운대구 해운대로 1249, 삼양주유소 (송정동)"
동백역,"부산광역시 해운대구 해운대로 지하522, 부산지하철 동백역 (우동)"
벡스코(시립미술관),부산광역시 해운대구 해운대로 지하 396
반여동우체국,부산광역시 해운대구 신반송로 203-11
테니스장 화장실,부산광역시 해운대구 해운대로 898(좌동)
해운대해수욕장 2호,부산광역시 해운대구 해운대해변로 238(우동)
APEC나루공원1호,부산광역시 해운대구 수영강변대로 85
송정해수욕장 3호,부산광역시 해운대구 송정해변로 102 (송정동)
E1해운대LPG충전소,부산광역시 해운대구 해운대로 1255 (송정동)
부흥공원,부산광역시 해운대구 좌동순환로 300
반여도서관,부산광역시 해운대구 재반로282번길 38 (반여동)
반여1동주민센터,부산광역시 해운대구 선수촌로 85 (반여동)
재송시장,"부산광역시 해운대구 재송1로60번길 16 (재송동, 서해재송아파트)"
화이트락카페,"부산광역시 해운대구 청사포로 161, 바닷가횟집 (중동)"
신해운대역사,"부산광역시 해운대구 장산로 427, 신해운대역 (좌동)"
부산해운대경찰서,"부산광역시 해운대구 해운대로 129, 해운대경찰서 (재송동)"
반여농산물시장,부산광역시 해운대구 반송로 550
화인에너지 직영 석주유소,"부산광역시 해운대구 재반로 163, 석주유소 (재송동)"
좌동재래시장,부산광역시 해운대구 좌동로 99-19
해운대 인문학 도서관,부산광역시 해운대구 반여로 132 (반여동)
반여2동 상가시장,부산광역시 해운대구 해운대로61번길 99-79 (반여동)
올림픽공원,부산광역시 해운대구 해운대로394번길 70
문화복합센터,"부산광역시 해운대구 센텀중앙로 170, 해운대구문화복합센터 (재송동)"
해운대종합관광봉사센터(관광시설사업소),부산광역시 해운대구 해운대해변로 264 (우동)
좌3동 주민센터,부산광역시 해운대구 좌동순환로 65 (좌동)
와우공원,부산광역시 해운대구 좌동순환로351
해운대블루라인(주)미포정거장,"부산광역시 해운대구 달맞이길62번길 13, 미포정거장 (중동)"
파랑새종합사회복지관,"부산광역시 해운대구 신반송로 21, 파랑새유치원 (반송동)"
다대포해변공원관리센터,부산광역시 사하구 몰운대1길 14
아미산유아숲공중화장실,부산광역시 사하구 다대동 산31-5
국민은행(장림점) 화장실,부산광역시 사하구 장림번영로 13 (장림동)
부산광역시수협 다대공판장 화장실,부산광역시 사하구 다대동로8번길 40 (다대동)
감천산림공원,부산광역시 사하구 감천동 산130
감천문화마당 공중화장실,부산광역시 사하구 감내1로 145
사하소방서(신평119안전센터)화장실,부산광역시 사하구 장평로 270
다대2동 행정복지센터,부산광역시 사하구 다대로429번길 30
전진알뜰주유소화장실,부산광역시 사하구 다대로 575 (다대동)
낙동대로주유소화장실,부산광역시 사하구 낙동대로 312 (괴정동)
SK괴정주유소화장실,부산광역시 사하구 사하로 129 (괴정동)
홍티항 공중화장실,부산광역시 사하구 다산로53번길 63 (다대동)
낙조분수대관리동 화장실,부산광역시 사하구 몰운대1길 14
부산신평2동우체국 화장실,부산광역시 사하구 하신번영로 179
괴정골목시장 화장실,부산광역시 사하구 사하로198번길 7 (괴정동)
다대레포츠광장옆 공중화장실,"부산광역시 사하구 다송로 89, 다대레포츠광장옆 공중화장실 (다대동)"
하단유수지 공중화장실,부산광역시 사하구 하신번영로 243
부산다대동우체국화장실,부산광역시 사하구 다대낙조1길 21
감천2동 공영주차장 화장실,부산광역시 사하구 감내1로175번길 5 (감천동)
감천나누리파크 이동식화장실,"부산광역시 사하구 감천항로 7, 감천나누리파크 (감천동)"
하단역 공영주차장,"부산광역시 사하구 하신중앙로 313, 지하철하단주차장 (하단동)"
감천나누리파크 키즈카페 화장실,"부산광역시 사하구 감천항로 7, 감천나누리파크 (감천동)"
부산도시철도 다대포항역,부산광역시 사하구 다대로 548(다대동)
장림항(문화촌),부산광역시 사하구 하신중앙로53번길 67-1
서원탑마트신평점 화장실,부산광역시 사하구 하신중앙로 210 (신평동)
감천1동 복합센터,부산광역시 사하구 감천로 97
아미산자생식물원,부산광역시 사하구 다대동 929
중소기업은행(장림점) 화장실,부산광역시 사하구 장림번영로 44 (장림동)
감천119안전센터 화장실,부산광역시 사하구 원양로 405
신평로교회 화장실,부산광역시 사하구 다대로 73 (신평동)
장림유수지 공중화장실,"부산광역시 사하구 하신중앙로53번길 15, 장림유수지 공중화장실 (신평동)"
제석골체육공원공중화장실,부산광역시 사하구 제석로 242
통일아시아드공원공중화장실,부산광역시 다송로84번길 68
다대로주유소 화장실,부산광역시 사하구 을숙도대로 712 (장림동)
몰운대객사공중화장실,부산광역시 사하구 다대동 산 144
괴정제일교회 화장실,부산광역시 사하구 장평로449번길 17 (괴정동)
선경주유소화장실,"부산광역시 사하구 을숙도대로 728 (구평동,선경주유소)"
하단지구대 화장실,부산광역시 사하구 하신중앙로 316
괴정119안전센터 화장실,부산광역시 사하구 낙동대로 262
중앙U병원화장실,부산광역시 사하구 감천로 59 (감천동)
다대1동 복합센터(다대1동 행정복지센터),부산광역시 사하구 다대로530번길 7
동매누리 작은도서관,부산광역시 사하구 다대로130번길 112
회화나무 작은도서관,부산광역시 사하구 사하로141번나길 11-1
장림대흥주유소 화장실,부산광역시 사하구 다대로 292 (장림동)
강변환경공원 파크골프장 공중화장실,부산광역시 사하구 을숙도대로 466 (신평동)
에디스여성병원 화장실,부산광역시 사하구 낙동대로 361 (당리동)
감천주유소 화장실,부산광역시 사하구 감천로 79 (감천동)
현대오일뱅크장림주유소화장실,부산광역시 사하구 장림로 287 (장림동)
부산감천동우체국화장실,부산광역시 사하구 감천로 123
감천1동시장 화장실,부산광역시 사하구 옥천로 8 (감천동)
당리동 복합센터(당리동 행정복지센터),"부산광역시 사하구 낙동대로398번길 21, 당리동 복합센터 (당리동)"
감천문화마을 공중화장실,부산광역시 사하구 감내2로 197
다대포 동측해안 화장실,부산광역시 사하구 다대동 468-26
괴정4동행정복지센터 화장실,부산광역시 사하구 낙동대로309번길 9
상수도사업본부 사하사업소화장실,부산광역시 사하구 낙동대로 239
구평예들 작은도서관,부산광역시 사하구 을숙도대로745번길 16
노을정 공중화장실,부산광역시 사하구 다대로 741
노을이 아름다운 하단복합센터,"부산광역시 사하구 하신번영로 245, 노을이 아름다운 하단복합센터 (하단동)"
장림충전소화장실,부산광역시 사하구 다대로 309 (장림동)
에덴공원 공중화장실,부산광역시 사하구 하단동 786-1
부산도시철도 동매역,부산광역시 사하구 신산로 168(신평동)
대창제1주유소화장실,부산광역시 사하구 을숙도대로 821 (구평동)
부산은행(신평점) 화장실,부산광역시 사하구 장평로 278 (신평동)
몰운대주차장 서측 공중화장실,부산광역시 사하구 몰운대1길 14
산정현교회 화장실,부산광역시 사하구 낙동대로 160 (괴정동)
괴정1동행정복지센터 화장실,부산광역시 사하구 낙동대로250번안길 3
큐병원 화장실,부산광역시 사하구 낙동대로 408 (당리동)
사하구예비군훈련소화장실,부산광역시 사하구 구평동 산 16-8
부산사하우체국 화장실,부산광역시 사하구 다대로 166
옥녀봉공중화장실,부산광역시 사하구 감천동 산 66-12
(주)진명티오티 화장실,부산광역시 사하구 하신번영로151번길 71 (신평동)
부산도시철도 다대포해수욕장역,부산광역시 사하구 다대로 692(다대동)
문화마루터 공중화장실,부산광역시 사하구 당리동 1-4
부산도시철도 장림역,부산광역시 사하구 다대로 230(장림동)
몰운대전망대공중화장실,부산광역시 사하구 다대동 산 144
몰운대화손대공중화장실,부산광역시 사하구 다대동 산 144
부산도시철도 신장림역,부산광역시 사하구 다대로 310(장림동)
괴정3동행정복지센터 화장실,부산광역시 사하구 낙동대로171번길 30-5
동아대학교,부산광역시 사하구 낙동대로550번길 37
괴정오작교 체육공원 공중화장실,부산광역시 사하구 괴정동 산 79-2
해수욕장 중앙주차장 공중화장실,부산광역시 사하구 몰운대1길 14
부산은행몰운대지점 화장실,부산광역시 사하구 다대로 702(다대동)
재넘이 공중화장실,부산광역시 사하구 당리동 1-4
대호주유소 화장실,부산광역시 사하구 하신중앙로 55 (신평동)
감천나누리파크 문화카페 화장실,부산광역시 사하구 감천항로 7
장림1동행정복지센터 화장실,부산광역시 사하구 장림로161번길 2
구평동행정복지센터,부산광역시 사하구 서포로 48
청기와 화장실(낙동강하구둑 전망대 B동 화장실),부산광역시 사하구 낙동남로1233번길 98 (하단동)
장림시장화장실,부산광역시 사하구 장림번영로 22 (장림동)
토성셀프주유소 화장실,부산광역시 사하구 다대로 581 (다대동)
신한은행 화장실,부산광역시 사하구 을숙도대로 560 (신평동)
본병원화장실,부산광역시 사하구 승학로 8 (당리동)
청림요양병원 화장실,부산광역시 사하구 낙동대로 377 (당리동)
대진주유소 화장실,부산광역시 사하구 낙동대로 339 (괴정동)
부산도시철도 대티역,부산광역시 사하구 낙동대로 141(괴정동)
광신석유직영 구평주유소 화장실,부산광역시 사하구 서포로 61 (구평동)
당리 작은도서관,부산광역시 사하구 승학로20번길 25
다대자유마트 상가 화장실,부산광역시 사하구 다대로613
삼환상가 화장실,부산광역시 사하구 다대로429번길 20 (다대동)
평화노인건강센터 화장실,부산광역시 사하구 승학로233번길 49 (괴정동)
아트몰링화장실,"부산광역시 사하구 낙동남로 1413 (하단동, 아트몰링)"
을숙도리틀야구장 공중화장실,부산광역시 사하구 낙동남로1233번길 34
푸른누리 작은도서관,부산광역시 사하구 감천로83번길 26
감천아랫마을공용주차장 화장실,부산광역시 사하구 감천동 17-46 감천아랫마을 공영주차장
대로주유소화장실,부산광역시 사하구 다대로 280 (장림동)
샤브향다대점화장실,부산광역시 사하구 다대로 718 (다대동)
까치마을 작은도서관,부산광역시 사하구 까치고개로 50-10
장림무지개 작은도서관,부산광역시 사하구 장림로161번길 14
하남교회 화장실,부산광역시 사하구 하신중앙로 262 (하단동)
부산도시철도 신평역,부산광역시 사하구 하신번영로 140(신평동)
다대운전기사휴게소,부산광역시 사하구 다대로 806
오션셀프 화장실,부산광역시 사하구 감천항로 225 (구평동)
부산하단동우체국 화장실,부산광역시 사하구 낙동낙로 1423번길 8
㈜인성티티사하주유소 화장실,부산광역시 사하구 을숙도대로 583 (신평동)
서부산농협주유소 화장실,부산광역시 사하구 장평로 177 (장림동)
회화나무공영주차장 화장실,"부산광역시 사하구 괴정로 283-1, 회화나무공영주차장 1층 (괴정동)"
하단시장화장실,"부산광역시 사하구 승학로2번길 1 (당리동, 하단시장)"
장림2동 행정복지센터 화장실,부산광역시 사하구 장평로 131
부산광역시립사하도서관 화장실,부산광역시 사하구 승학로 247
을숙도 다목적 실내생활체육관,"부산광역시 사하구 낙동남로1233번길 25, 을숙도 문화회관 (하단동)"
양덕상가 화장실,부산광역시 사하구 다대로429번길 15 (다대동)
남성주유소 화장실,부산광역시 사하구 하신중앙로 240 (하단동)
동원주유소㈜ 화장실,부산광역시 사하구 감천항로 445 (구평동)
하단2동 행정복지센터 화장실,부산광역시 사하구 하신번영로 377
부산정비 화장실,부산광역시 사하구 을숙도대로 670 (장림동)
감천2동 행정복지센터,부산광역시 사하구 옥천로93번길 14
다대도서관,부산광역시 사하구 다대낙조2길 9
동아주유소 화장실,부산광역시 사하구 낙동대로 112(괴정동)
신평주유소 화장실,부산광역시 사하구 하신중앙로 166 (신평동)
강동병원 화장실,"부산광역시 사하구 다대로 145 (신평동, 강동병원)"
부산사하경찰서 화장실,부산광역시 사하구 을숙도대로 665
토브장림충전소 화장실,부산광역시 사하구 장림로 278 (장림동)
나루쉼터공중화장실,부산광역시 사하구 하단동 1203
감천횃불 작은도서관,부산광역시 사하구 감내1로 175번길 50
괴정3동 공영주차장 화장실,"부산광역시 사하구 낙동대로199번길 51, 괴정3동 공용주차장 (괴정동)"
동측 임해행정봉사실 화장실,부산광역시 사하구 몰운대2길 44 (다대동)
낫개 작은도서관,부산광역시 사하구 다대로429번길22
㈜신성에너지은광가스충전소,부산광역시 사하구 사하로 90 (감천동)
디지털프라자 화장실,"부산광역시 사하구 을숙도대로 679, 삼성전자 판매(주) 장림점 (신평동)"
신평동어울림센터(신평1동행정복지센터),"부산광역시 사하구 신산로 173, 신평동 어울림센터 (신평동)"
을숙도인라인 경기장 공중화장실,부산광역시 사하구 낙동남로1233번길 38
관음사 화장실,부산광역시 사하구 제석로79번길 33 (당리동)
두송반도,부산광역시 사하구 다대동 1-4
부산보건대학교,부산광역시 사하구 사리로55번길 16
HD현대오일뱅크금양티에스화장실,부산광역시 사하구 감천항로 20 (감천동)
사하구청(2청사),부산광역시 사하구 하신중앙로 185
부산현대미술관,부산광역시 사하구 낙동남로 1191
장림항(맛술촌),부산광역시 사하구 장림로93번길 40
을숙도 축구장 공중화장실,부산광역시 사하구 낙동남로1233번길 34
부산도시철도 낫개역,부산광역시 사하구 다대로 422(다대동)
장림복합공영주차장 화장실,"부산광역시 사하구 장림로 106, 장림복합공영주차장 (장림동)"
부산은행(장림점) 화장실,부산광역시 사하구 장림번영로 35 (장림동)
부산LPG충전소 화장실,부산광역시 사하구 장림로 139 (장림동)
부산괴정동우체국 화장실,부산광역시 사하구 사하로 191
아미산체육공원공중화장실,부산광역시 사하구 보덕포1길 192
구평제일교회 화장실,부산광역시 사하구 을숙도대로745번길 20 (구평동)
감천항 서방파제 공중화장실,부산광역시 사하구 구평동 496
낙조정(외부) 화장실,부산광역시 사하구 낙동남로 1169-1 (하단동)
다대자연병원 화장실,부산광역시 사하구 장평로 1 (장림동)
하단1동행정복지센터 화장실,부산광역시 사하구 하신중앙로 308
신평레포츠공원 공중화장실,부산광역시 사하구 하신번영로 119
부산도시철도 하단역,부산광역시 사하구 낙동남로 1415(하단동)
국영주유소 화장실,부산광역시 사하구 장림번영로 7 (장림동)
삼부자탕(삼부자갈비) 화장실,부산광역시 사하구 장평로 19 (장림동)
감천문화마을 쉼터,부산광역시 사하구 감내2로 152
하늘샘교회 화장실,부산광역시 사하구 사하로156번길 11 (괴정동)
다대성당 화장실,부산광역시 사하구 다송로 53 (다대동)
맘모스상가 화장실,부산광역시 사하구 다대로 473
부산도시철도 사하역,부산광역시 사하구 낙동대로 309(괴정동)
몰운대입구 공중화장실,부산광역시 사하구 다대동 1472-18
괴정2동행정복지센터화장실,부산광역시 사하구 까치고개로 14-1
김해횟집화장실,부산광역시 사하구 몰운대1길 41 (다대동)
을숙도대교 공중화장실,부산광역시 사하구 강변대로 19 (신평동)
새마당주유소 화장실,부산광역시 사하구 장평로 152 (장림동)
다대119안전센터 화장실,부산광역시 사하구 다대로 622
자갈마당 공중화장실,부산광역시 사하구 당리동 1-4
을숙도게이트볼장 공중화장실,부산광역시 사하구 낙동남로1233번길 34
부산장림동우체국 화장실,부산광역시 사하구 장평로 147
부산주유소 화장실,부산광역시 사하구 하신중앙로 165 (신평동)
회화에너지주유소화장실,부산광역시 사하구 사하로 150 (괴정동)
부산도시철도 당리역,부산광역시 사하구 낙동대로 405(당리동)
자연유산관리사무소 공중화장실,부산광역시 사하구 낙동남로 1250
참편한요양병원화장실,"부산광역시 사하구 감천로 125 (감천동, 우리빌딩)"
동매산체육공원공중화장실,부산광역시 사하구 신평동 산 77-2
광신홀딩스㈜을숙도대로주유소,부산광역시 사하구 을숙도대로 530 (신평동)
마하골길벗 작은도서관,부산광역시 사하구 승학로161번길 80
문화관(1층)화장실,"부산광역시 사하구 낙동남로1233번길 1, 낙동강문화관 (하단동)"
세리골약수터공중화장실,부산광역시 사하구 사리로70번나길 21-1
낙동강하구에코센터 야생동물치료센터 화장실,"부산광역시 사하구 낙동남로 1240-2, 야생동물치료센터 (하단동)"
낙동강하구에코센터 탐방체험장 화장실,"부산광역시 사하구 낙동남로 1240-10, 낙동강하구에코센터탐방체험장 (하단동)"
을숙도 유아숲체험원 화장실,"부산광역시 사하구 낙동남로 1240-2, 야생동물치료센터 (하단동)"
소방2정대화장실,부산광역시 사하구 감천항로 35 (감천동)
펌프장 옆 화장실,부산광역시 사하구 하단동 1142
남단 탐조대 화장실,부산광역시 사하구 하단동 1211
낙동강하구 아미산전망대 화장실,"부산광역시 사하구 다대낙조2길 77, 아미산전망대 (다대동)"
하단119안전센터 화장실,부산광역시 사하구 낙동남로 1407
부산괴정2동우편취급국 화장실,부산광역시 사하구 까치고개로 6
사하구청,부산광역시 사하구 낙동대로398번길 12
부산도시철도 괴정역,부산광역시 사하구 낙동대로 221(괴정동)
감천교회 화장실,부산광역시 사하구 감천로139번다길 7 (감천동)
가락쌈지공원 공중화장실,부산광역시 사하구 하단동 1163
피크닉광장 화장실,"부산광역시 사하구 낙동남로 1240-2, 야생동물치료센터 (하단동)"
메모리얼파크 화장실,부산광역시 사하구 하단동 1211-4
잔디광장 화장실,부산광역시 사하구 하단동 1142-7
옛 관리사무소 옆 화장실,부산광역시 사하구 하단동 1142
다대2동행정복지센터 열린화장실,"부산광역시 사하구 다대로429번길 30, 다대2동행정복지센터 (다대동)"
낙동강하구에코센터 화장실,"부산광역시 사하구 낙동남로 1240, 낙동강 하구 에코센터 (하단동)"
을숙도인라인스케이트장 대기동 화장실,부산광역시 사하구 낙동남로1233번길 38 (하단동)
수풀 작은도서관,부산광역시 사하구 다대로271번길 25
하단1동 공영주차장,부산광역시 사하구 제석로12번길 2
서3동주민센터 화장실,"부산광역시 금정구 서곡로33번길 9 (서동, 서3동주민센터)"
부곡1동주민센터 화장실,"부산광역시 금정구 동부곡로6번길 29 (부곡동, 부곡1동주민센터)"
동문 문화의 숲 공중화장실,부산광역시 금정구 동문로 10
온천천변 공중화장실,부산광역시 금정구 부곡온천천로189
상현마을 공중화장실,부산광역시 금정구 상현로 72 (선동)
금사회동동주민센터 화장실,"부산광역시 금정구 금사로 76, 제일케이블TV방송 5층 (금사동)"
서1동주민센터 화장실,부산광역시 금정구 서부로69번길17
금정산등산로변 공중화장실,부산광역시 금정구 범어사로 246-1 (청룡동)
아름다운 공중화장실,부산광역시 금정구 산성로 458
금성동주민센터 화장실,"부산광역시 금정구 산성로 452 (금성동, 금성동주민센터)"
홍법사앞 공중화장실,부산광역시 금정구 두구로33번길202
청년창업문화촌 화장실,"부산광역시 금정구 서동로 82(서동, 청년창업문화촌)"
선동주차장 공중화장실,부산광역시 금정구 상현로 44
부곡4동주민센터 화장실,"부산광역시 금정구 부곡로18번안길 37 (부곡동, 부곡4동주민센터)"
동문 공중화장실,부산광역시 금정구 동문로 35
장전1동주민센터 화장실,"부산광역시 금정구 금강로335번길 27 (장전동, 장전1동주민센터)"
서2동주민센터 화장실,"부산광역시 금정구 서동중심로 33 (서동, 서2동주민센터)"
윤산등산로변2 공중화장실,부산광역시 금정구 서부로 76번길21
구서2동주민센터 화장실,"부산광역시 금정구 두실로7번길 115 (구서동, 구서2동주민센터)"
윤산등산로변1(서곡초교뒤),부산광역시 금정구 윤산로 261
오륜동주차장 공중화장실,부산광역시 금정구 오륜대로 113
고갯마루 공중화장실,부산광역시 금정구 남문로 3
범어사 경외주차장 공중화장실,부산광역시 금정구 범어사로 267
금정구청 별관 화장실,"부산광역시 금정구 중앙대로 1777 (부곡동, 금정구청)"
남문 공중화장실,부산광역시 금정구 남문로 56 (금성동)
금정문화회관 화장실,"부산광역시 금정구 체육공원로 7 (구서동, 금정문화회관)"
윤산 산림욕장 공중화장실,부산광역시 금정구 금사동 산9번지
놀이마당 공중화장실,부산광역시 금정구 놀이마당로 5
온천천변 공중화장실,부산광역시 금정구 부곡온천천로 189
구민운동장 공중화장실,"부산광역시 금정구 고분로 148 (두구동, 한국도로공사 부산영업소)"
회동수원지 공중화장실,부산광역시 금정구 수원지로 58
수영강변 공중화장실,부산광역시 금정구 수영강서자전거길 120
선두구동주민센터 화장실,"부산광역시 금정구 두구죽전1길 13 (두구동, 선두구동주민센터)"
선동 공중화장실,부산광역시 금정구 상현로 72 (선동)
금정도서관 화장실,부산광역시 금정구 금정도서관로 26
땅뫼산산책로변 공중화장실,"부산광역시 금정구 오륜대로 260-1 (오륜동, 땅뫼산 산책로변 공중화장실)"
금정구청 1층 화장실,"부산광역시 금정구 중앙대로 1777 (부곡동, 금정구청)"
북문(구) 공중화장실,부산광역시 금정구 북문로 124-1
장전2동주민센터 화장실,"부산광역시 금정구 소정로 19 (장전동, 장전2동주민센터)"
북문(신) 공중화장실,부산광역시 금정구 북문로 124-2
서동시장 열린 공중화장실,부산광역시 금정구 서동시장길 65-5
구서1동주민센터 화장실,"부산광역시 금정구 수림로72번길 123 (구서동, 구서1동주민센터)"
금정산성광장(2) 공중화장실,부산광역시 금정구 산성로 501-2
부곡3동주민센터 화장실,"부산광역시 금정구 기찰로 107 (부곡동, 부곡3동주민센터)"
수영강(회동교) 공중화장실,부산광역시 금정구 개좌로239번길 14
상마공영주차장 공중화장실,부산광역시 금정구 범어사로 308
갈맷길(신천교) 공중화장실,부산광역시 금정구 체육공원로 384
금정산성광장(1) 공중화장실,부산광역시 금정구 산성로 501-1
청룡노포동주민센터 화장실,"부산광역시 금정구 청룡로 25 (청룡동, 청룡노포동주민센터)"
금정보건소 화장실,"부산광역시금정구 중앙대로 1777 (부곡동, 금정구청)"
만남의 광장 공중화장실,부산광역시 금정구 중앙대로 1810 (구서동)
남산동주민센터 화장실,"부산광역시 금정구 중앙대로2097번길 4 (남산동, 남산동주민센터)"
부곡2동주민센터 화장실,"부산광역시 금정구 부곡로156번길 7 (부곡동, 부곡2동주민센터)"
윤산 체육공원 공중화장실,부산광역시 금정구 윤산로 73-5
갈맷길(회동수원지) 공중화장실,부산광역시 금정구 상현로 79번길135
서문 공중화장실,부산광역시 금정구 산성로 361
회동호 치유숲길 공중화장실,부산광역시 금정구 오륜대로 218-2
김해공항 국제선 주차타워,부산광역시 강서구 공항진입로 108 (대저2동)
낙동아트센터 3층(콘서트홀),부산광역시 강서구 명지국제1로 141 (명지동)
낙동아트센터 1층(앙상블극장),부산광역시 강서구 명지국제1로 141 (명지동)
낙동아트센터 2층(콘서트홀),부산광역시 강서구 명지국제1로 141 (명지동)
미음야구장,"부산광역시 강서구 미음국제7로 42-1, 미음야구장 공중화장실 (미음동)"
수산자원연구소 사무연구동 화장실,"부산광역시 강서구 명지오션시티7로 12, 수산자원연구소 (명지동)"
국회부산도서관 화장실,부산광역시 강서구 명지국제1로 161 (명지동)
가덕도파출소,"부산광역시 강서구 동선길 134, 가덕도파출소 (성북동)"
서강주유소,부산광역시 강서구 낙동북로 42 (강동동)
가락생태공원(2),"부산광역시 강서구 식만로 68-18, 가락생태공원(2) 공중화장실 (죽림동)"
금룡주유소,부산광역시 강서구 가락대로 1361 (봉림동)
송정공원2(운동장),부산광역시 강서구 녹산산단17로 17 (송정동)
지하철강서구청역,"부산광역시 강서구 낙동북로 485, 강서구청역 (대저1동)"
낙동강관리본부 대저생태공원 7,부산광역시 강서구 대저2동 1200-3 야구장B 주변
신항만LPG충전소,부산광역시 강서구 가락대로 397 (송정동)
시큐 대저고속주유소,부산광역시 강서구 체육공원로 66 (대저1동)
CJ대한통운(주) 성민주유소,부산광역시 강서구 가락대로 389 (송정동)
강서체육공원야외화장실양궁장,"부산광역시 강서구 체육공원로 43, 강서체육공원 (대저1동)"
(주)경인에너지,부산광역시 강서구 생곡로 40 (녹산동)
강동동행정복지센터,"부산광역시 강서구 제도로 1171, 강동동 행정복지센터 (강동동)"
서부산(순천)휴게소,부산광역시 강서구 남해2지선고속도로 19 (대저2동)
낙동강관리본부 대저생태공원 8,부산광역시 강서구 대저1동 1-5 파크골프장 주변
명지오션시티 서편,"부산광역시 강서구 명지오션시티1로 28, 명지오션시티 서편 공중화장실 (명지동)"
맥도생태공원제방변,"부산광역시 강서구 공항로 212, 맥도생태공원 공중화장실 (대저2동)"
이왕주유소,부산광역시 강서구 공항로 1423 (대저1동)
낙동강관리본부 맥도생태공원 1,부산광역시 강서구 대저2동 1200-3 인라인장 입구
대항마을어촌관광단지,"부산광역시 강서구 가덕해안로 1242, 대항마을어촌관광단지 공중화장실 (대항동)"
대항새바지동굴앞,"부산광역시 강서구 가덕해안로1169번길 58-14, 대항새바지동굴앞 공중화장실 (대항동)"
삼성자동차동문(북),"부산광역시 강서구 화전산업대로 64, 삼성자동차동문(북) 공중화장실 (신호동)"
부산대저2동우체국,"부산광역시 강서구 공항로811번길 34, 부산대저2동우체국 (대저2동)"
우리2주유소,부산광역시 강서구 낙동북로 142 (강동동)
김해공항 국내선,부산광역시 강서구 공항진입로 108 (대저2동)
녹산고향동산2(배수펌프장),"부산광역시 강서구 범방4로 136, 녹산고향동산기념관 (범방동)"
대항항관광체험장,"부산광역시 강서구 가덕해안로1212번길 48-1, 대항항관광체험장 공중화장실 (대항동)"
강서노인종합복지관 화장실,부산광역시 강서구 체육공원로 39 (대저1동)
명지75광장(게이트볼장),"부산광역시 강서구 을숙도대로 150, 명지동75광장(게이트볼장) 공중화장실 (명지동)"
명지주유소,부산광역시 강서구 낙동남로 1042 (명지동)
가락오봉산,"부산광역시 강서구 가락대로1433번길 37-29, 가락오봉산 공중화장실 (죽림동)"
오봉주유소,부산광역시 강서구 호계로 1 (죽림동)
대저2동행정복지센터,"부산광역시 강서구 공항로811번가길 30-1, 대저2동 행정복지센터 (대저2동)"
가락동행정복지센터,"부산광역시 강서구 가락대로 1476, 가락동 행정복지센터 (죽림동)"
강서체육공원 보조경기장1층,"부산광역시 강서구 체육공원로 43, 강서체육공원 (대저1동)"
강서구여성센터,"부산광역시 강서구 낙동북로 477, 강서구청 (대저1동)"
중사도,"부산광역시 강서구 식만로280번길 48, 중사도 공중화장실 (식만동)"
남강공원,부산광역시 강서구 미음산단4로62번길 13 (미음동)
보람공원,부산광역시 강서구 녹산산단262로 6 (송정동)
젤코바주유소,부산광역시 강서구 낙동남로 700 (녹산동)
강서기적의도서관,"부산광역시 강서구 명지오션시티10로 80, 강서기적의도서관 (명지동)"
부산신항국제터미널(PNIT),"부산광역시 강서구 신항남로 330, PSA부산신항국제터미널(주) (성북동)"
지하철체육공원역,"부산광역시 강서구 낙동북로 371, 체육공원역 (대저1동)"
천성국군묘지,"부산광역시 강서구 서천로42번길 351, 천성국군묘지 공중화장실 (천성동)"
SK행복충전 대저충전소,부산광역시 강서구 체육공원로 24 (대저1동)
녹산화물터미널주유소,부산광역시 강서구 녹산산업북로 119 (송정동)
낙동강관리본부 맥도생태공원 6,부산광역시 강서구 신포길 14-2 (명지동)
낙동강관리본부 대저생태공원 3,부산광역시 강서구 대저1동 1-5 주차장3 주변
강서체육공원 야외화장실,"부산광역시 강서구 체육공원로 43, 강서체육공원 (대저1동)"
연결녹지4호2,부산광역시 강서구 명지국제6로 206 (명지동)
은마석유(주)신호주유소,부산광역시 강서구 낙동남로 514 (화전동)
연결녹지4호1,부산광역시 강서구 르노삼성대로 381 (명지동)
"부산해양경찰서
명지파출소","부산광역시 강서구 명지새동네길2번길 56-1, 부산해양경찰서 명지파출소 (명지동)"
부산지사동우체국,"부산광역시 강서구 과학산단2로20번길 13, 부산지사동우체국 (지사동)"
공항파출소,"부산광역시 강서구 공항진입로 39, 공항치안센터 (대저2동)"
가락보건지소,"부산광역시 강서구 가락대로 1476, 가락동 행정복지센터 (죽림동)"
명지동75호광장(테니스장),"부산광역시 강서구 을숙도대로 152, 명지동75호광장(테니스장) 공중화장실 (명지동)"
명지2동행정복지센터,"부산광역시 강서구 명지오션시티11로 35, 명지2동 행정복지센터 (명지동)"
수산자원연구소 휴게동,"부산광역시 강서구 명지오션시티7로 12, 수산자원연구소 (명지동)"
소양보육원앞,"부산광역시 강서구 동선길 354, 소양보육원앞 공중화장실 (동선동)"
천성보건진료소,"부산광역시 강서구 가덕해안로821번길 100, 천성보건진료소 (천성동)"
가락충전소,부산광역시 강서구 호계로 195 (죽동동)
비케이원 미래드림 주유소,부산광역시 강서구 가락대로 649 (생곡동)
강동파출소,"부산광역시 강서구 제도로 1191, 강동치안센터 (강동동)"
지하철 대저역,"부산광역시 강서구 낙동북로 295, 대저역 (대저1동)"
지사민원센터,"부산광역시 강서구 과학산단2로20번길 5, 지사문화회관 (지사동)"
대양석유(주) 한마음주유소,부산광역시 강서구 르노삼성대로 604 (명지동)
명지오션시티 남쪽,"부산광역시 강서구 명지오션시티1로 170, 명지오션시티 남쪽 공중화장실 (명지동)"
씨제이대한통운㈜신항주유소,부산광역시 강서구 가락대로 1027 (범방동)
신호동행정복지센터,부산광역시 강서구 신호사로 56 (신호동)
신항만주유소,부산광역시 강서구 가락대로1243번길 68 (봉림동)
OS신항주유소,부산광역시 강서구 가락대로 845 (미음동)
명지공원2(관리사무실),"부산광역시 강서구 명지오션시티10로 80, 강서기적의도서관 (명지동)"
녹산수문공원,"부산광역시 강서구 낙동남로 759, 녹산수문공원 공중화장실 (녹산동)"
대항노인회관,부산광역시 강서구 가덕해안로1208번길 9 (대항동)
북부산영업소,"부산광역시 강서구 남해고속도로 281, 한국도로공사 북부산영업소 (강동동)"
동서교 옆(평강하리),"부산광역시 강서구 평강로 54, 동서교 옆(평강하리) 공중화장실 (강동동)"
가덕도동노인복지관 화장실,"부산광역시 강서구 동선길 10, 가덕도동 행정복지센터 (성북동)"
구랑천 체육시설,"부산광역시 강서구 과학산단로 18-1, 구랑천 체육시설 공중화장실 (구랑동)"
대경산업 구랑주유소,부산광역시 강서구 가락대로 546 (구랑동)
낙동강관리본부 대저생태공원 2,부산광역시 강서구 대저1동 1-5 농구장A 주변
동선샛바람길,"부산광역시 강서구 동선새바지길 139-5, 동선샛바람길 공중화장실 (동선동)"
지사천,"부산광역시 강서구 과학산단로 194-4, 지사천 공중화장실 (지사동)"
김해국제공항 국제선청사(확충),부산광역시 강서구 공항진입로 108 (대저2동)
울림공원모래놀이터,부산광역시 강서구 명지국제6로318번길 29 (명지동)
수능엄사 옆,"부산광역시 강서구 낙동남로 754-11, 수능엄사 옆 공중화장실 (녹산동)"
가덕도동행정복지센터,"부산광역시 강서구 동선길 10, 가덕도동 행정복지센터 (성북동)"
낙동강관리본부 대저생태공원 4,부산광역시 강서구 대저1동 1-23 주차장4 주변
대항주차장,"부산광역시 강서구 가덕해안로 1189-1, 대항주차장 공중화장실 (대항동)"
신호작은도서관,부산광역시 강서구 르노삼성대로 14 (신호동)
은마석유(주) 경기장주유소,부산광역시 강서구 낙동북로 364 (대저1동)
대저1동행정복지센터,"부산광역시 강서구 대저로221번길 19, 대저1동 행정복지센터 (대저1동)"
죽림LPG충전소,부산광역시 강서구 호계로 102 (죽림동)
낙동강관리본부 맥도생태공원 2,부산광역시 강서구 대저2동 1200-31 진입광장 주차장
강동보건지소,"부산광역시 강서구 낙동북로102번길 76, 강동보건지소 (강동동)"
가락파출소,"부산광역시 강서구 가락대로 1465, 가락치안센터 (죽림동)"
내트럭㈜부산신항남컨사업소,부산광역시 강서구 신항남로 507 (성북동)
낙동강관리본부 대저생태공원 1,부산광역시 강서구 대저1동 1-5 축구장 A주변
낙동아트센터 2층(앙상블극장),부산광역시 강서구 명지국제1로 141 (명지동)
강서열린문화센터,부산광역시 강서구 대저로 269 (대저1동)
김해공항 국내선 주차타워,부산광역시 강서구 공항진입로 108 (대저2동)
강서구보훈복지회관,부산광역시 강서구 제도로 1167 (강동동)
강서구청,"부산광역시 강서구 낙동북로 477, 강서구청 (대저1동)"
명지농협주유소,부산광역시 강서구 르노삼성대로 572 (명지동)
녹산고향동산1(기념관),"부산광역시 강서구 범방4로 136, 녹산고향동산기념관 (범방동)"
대항새바지,"부산광역시 강서구 가덕해안로1169번길 62-51, 대항새바지 공중화장실 (대항동)"
외양포해변,"부산광역시 강서구 외양포로 8, 외양포해변 공중화장실 (대항동)"
맥도주유소,부산광역시 강서구 공항로 381 (대저2동)
신호솔밭공원,"부산광역시 강서구 신호산단1로98번길 80, 신호솔밭공원 공중화장실 (신호동)"
지사파출소,"부산광역시 강서구 과학산단2로20번길 7-20, 지사파출소 (지사동)"
가덕도보건지소,"부산광역시 강서구 성북1길 70-1, 가덕도보건지소 (성북동)"
낙동아트센터 1층 (중앙복도),부산광역시 강서구 명지국제1로 141 (명지동)
낙동강관리본부 대저생태공원 9,부산광역시 강서구 대저1동 1-5 파크골프장 주변(중앙광장)
(주)우양네트웍스 삼광주유소,"부산광역시 강서구 공항로 799, 삼광주유소 (대저2동)"
대항보건진료소,"부산광역시 강서구 가덕해안로1208번가길 9, 대항보건진료소 (대항동)"
신호민원센터,부산광역시 강서구 신호산단4로 56 (신호동)
낙동강관리본부 맥도생태공원 3,부산광역시 강서구 대저2동 1200-32 족구장 주변
삼성자동차동문(남),"부산광역시 강서구 화전산업대로 32, 삼성자동차동문(남) 공중화장실 (신호동)"
장항전망대,"부산광역시 강서구 가덕해안로 394, 장항전망대 공중화장실 (성북동)"
만은에너지(주)대사리주유소,부산광역시 강서구 낙동북로 65 (강동동)
낙동강관리본부 맥도생태공원 5,부산광역시 강서구 대저2동 1200-34 테니스장 입구
명지지구대,"부산광역시 강서구 명지국제2로28번길 13, 부산강서경찰서 명지파출소 (명지동)"
강동조정경기장입구,부산광역시 강서구 조정경기장길 72-2 (강동동)
외양포공영주차장,"부산광역시 강서구 외양포로 39, 외양포공영주차장 공중화장실 (대항동)"
부산축산업협동조합 농협주유소,부산광역시 강서구 낙동남로 448 (녹산동)
부산강서경찰서,"부산광역시 강서구 명지국제1로 305, 부산강서경찰서 (명지동)"
공항대로주유소,부산광역시 강서구 공항로 1217 (대저1동)
녹산파출소,"부산광역시 강서구 낙동남로604번길 2-17, 녹산파출소 (녹산동)"
화동공원,부산광역시 강서구 낙동남로582번길 44 (화전동)
덕두시장,부산광역시 강서구 공항로811번가길 20-14 (대저2동)
너울공원,부산광역시 강서구 명지국제6로220번길 30 (명지동)
명지시장(시장번영회),부산광역시 강서구 신포길 13-10 (명지동)
가락영업소,"부산광역시 강서구 남해2지선고속도로 13, 한국도로공사 가락영업소 (봉림동)"
평강주유소,부산광역시 강서구 평강로 309 (대저1동)
은마석유(주) 강서주유소,부산광역시 강서구 공항로 483 (대저2동)
송정셀프,부산광역시 강서구 낙동남로 127 (송정동)
강서브라이트센터,"부산광역시 강서구 공항로811번길 10, 강서브라이트센터 (대저2동)"
철새탐조대,"부산광역시 강서구 명지오션시티1로 282, 철새탐조대 공중화장실 (명지동)"
봉화산등산로,부산광역시 강서구 생곡동 산 61-5
가락생태공원(1),"부산광역시 강서구 식만로 68-20, 가락생태공원(1) 공중화장실 (죽림동)"
대저수문공원,"부산광역시 강서구 공항로 1487, 대저수문공원 공중화장실 (대저1동)"
내눌삼거리방조제앞,"부산광역시 강서구 동선새바지길 425, 내눌삼거리방조제앞 공중화장실 (눌차동)"
지사천 옆,"부산광역시 강서구 미음산단로199번길 57, 지사천 옆 공중화장실 (미음동)"
낙동종합사회복지관,"부산광역시 강서구 순아강변길 5, 낙동사회복지관 (명지동)"
신명지에너지,부산광역시 강서구 르노삼성대로 560 (명지동)
부산신항주유소,부산광역시 강서구 가락대로 706 (생곡동)
송정공원1(공원),부산광역시 강서구 녹산산단17로 41 (송정동)
녹산동행정복지센터,"부산광역시 강서구 가락대로900번가길 32, 녹산동 행정복지센터 (범방동)"
부산광역시농업기술센터 화장실,"부산광역시 강서구 공항로 1285, 부산광역시농업기술센터 (대저1동)"
희망공원,부산광역시 강서구 녹산산단321로 50 (송정동)
낙동강관리본부 대저생태공원 5,부산광역시 강서구 대저1동 1-5 강서낙동강교 밑
명지1동행정복지센터,"부산광역시 강서구 명지국제8로 131, 명지1동 행정복지센터 (명지동)"
두문마을앞,"부산광역시 강서구 가덕해안로 691, 두문마을앞 공중화장실 (천성동)"
항월마을,"부산광역시 강서구 가덕해안로2번길 252, 항월마을 공중화장실 (눌차동)"
녹산공영주차장,"부산광역시 강서구 녹산산단262로60번길 58, 강서구 산업단지관리사업소 (송정동)"
부산신호동우체국,"부산광역시 강서구 신호산단2로 43-31, 신호동우체국 (신호동)"
화암공원,부산광역시 강서구 화전산단5로 131 (화전동)
명지공원1(운동장),"부산광역시 강서구 명지오션시티10로 80, 강서기적의도서관 (명지동)"
울림공원(물놀이장),"부산광역시 강서구 명지국제6로318번길 77, 울림공원 관리사무소 (명지동)"
김해공항주유소,부산광역시 강서구 공항진입로 25 (대저2동)
신항만에너지,부산광역시 강서구 낙동남로 507 (녹산동)
강서구청 별관 문화원,"부산광역시 강서구 낙동북로 477, 강서구청 (대저1동)"
신호파출소,"부산광역시 강서구 녹산산단335로 12-22, 공단파출소 (송정동)"
노적봉공원(녹산수문옆),"부산광역시 강서구 낙동남로 776, 노적봉공원(녹산수문옆) 공중화장실 (녹산동)"
강서체육공원 보조경기장2층,"부산광역시 강서구 체육공원로 43, 강서체육공원 (대저1동)"
부산강서우체국 1층,"부산광역시 강서구 대저로63번길 49, 부산강서우체국 (대저1동)"
화전공원,부산광역시 강서구 화전산단5로 84 (화전동)
천성항 북측,부산광역시 강서구 가덕해안로 782 (천성동)
천성항 남측,부산광역시 강서구 가덕해안로 810 (천성동)
4호 근린공원 화장실,부산광역시 강서구 에코평강길 83 (강동동)
동선새바지,"부산광역시 강서구 동선새바지길 290-46, 동선새바지 공중화장실 (동선동)"
천성서중마을,"부산광역시 강서구 가덕해안로 750-1, 천성서중마을 공중화장실 (천성동)"
GS칼텍스 동성셀프주유소,부산광역시 강서구 명지국제8로 272 (명지동)
부산강서LPG충전소,부산광역시 강서구 낙동북로 310 (대저1동)
우리들주유소,부산광역시 강서구 낙동남로 667 (녹산동)
사덕시장,"부산광역시 강서구 대저로277번길 15-5, 사덕시장 (대저1동)"
유성주유소,부산광역시 강서구 생곡로 337 (생곡동)
부산공항LPG충전소,부산광역시 강서구 공항로 459 (대저2동)
세기상사(주)공항주유소,부산광역시 강서구 공항로 469 (대저2동)
바다공원,부산광역시 강서구 명지오션시티2로 17 (명지동)
지양곡연대봉등산로,"부산광역시 강서구 천성대항길 105, 지양곡연대봉등산로 공중화장실 (천성동)"
제방변(등구마을),"부산광역시 강서구 공항로 922, 제방변(등구마을) 공중화장실 (대저2동)"
부산지방검찰청서부지청민원실,부산광역시 강서구 명지국제7로 67 (명지동)
가락제일주유소,부산광역시 강서구 가락대로 1417 (죽림동)
지사도서관,"부산광역시 강서구 과학산단2로20번길 5, 지사문화회관 (지사동)"
우양네트웍스 송산주유소,부산광역시 강서구 호계로 200 (죽동동)
부산경제진흥원 녹산청사,"부산광역시 강서구 녹산산단232로 38-26, 부산진해경제자유구역청 (송정동)"
낙동강관리본부 맥도생태공원 4,부산광역시 강서구 대저2동 1200-32 잔디광장
농업인복지회관,"부산광역시 강서구 가락대로 1392, 강서농업인 복지회관 (봉림동)"
정거마을,"부산광역시 강서구 가덕해안로2번길 569, 정거마을 공중화장실 (눌차동)"
부산환경공단 생곡사업단 화장실,"부산광역시 강서구 생곡산단로 88, 부산환경공단 (생곡동)"
부산환경공단 생곡사업단 화장실,부산광역시 강서구 생곡산단로 90 (생곡동)
개인택시 신공항LPG충전소,"부산광역시 강서구 경전철로188번길 95, 신공항LPG충전소 (대저1동)"
대양산업(주)대양가덕주유소,부산광역시 강서구 거가대로 2571 (천성동)
구랑공원,부산광역시 강서구 미음산단로 52 (구랑동)
성민제2주유소,부산광역시 강서구 봉림길94번길 89 (봉림동)
무궁화공원,"부산광역시 강서구 대저중앙로 248, 무궁화공원 공중화장실 (대저1동)"
녹산보건지소,부산광역시 강서구 생곡로 17 (녹산동)
(주)범방주유소,"부산광역시 강서구 가락대로 963, 범방주유소 (범방동)"
숭림사 공중화장실,"부산광역시 강서구 낙동남로 641, 숭림사 공중화장실 공중화장실 (녹산동)"
소모 과학셀프주유소,부산광역시 강서구 과학산단로 297 (지사동)
상수도사업본부 강서사업소,부산광역시 강서구 공항로 721 (대저2동)
신호공원,부산광역시 강서구 신호산단1로72번길 46 (신호동)
부산강서세무서 공중화장실,"부산광역시 강서구 명지국제7로 44, 퍼스트월드 브라이튼 (명지동)"
동선동 공동주차장,"부산광역시 강서구 동선길 41, 동선동 공동주차장 공중화장실 (동선동)"
선창입구,"부산광역시 강서구 가덕해안로 22, 선창입구 공중화장실 (성북동)"
김해공항 국제선,부산광역시 강서구 공항진입로 108 (대저2동)
명지노인종합복지관 화장실,"부산광역시 강서구 명지국제13로 33, 명지노인종합복지관 (명지동)"
㈜DJS신항만물류단지주유소,부산광역시 강서구 가락대로 834 (범방동)
외눌마을(눌차마을)입구,"부산광역시 강서구 가덕해안로2번길 72, 외눌마을(눌차마을)입구 공중화장실 (눌차동)"
르노삼성자동차㈜,부산광역시 강서구 르노삼성대로 61 (신호동)
(주)시큐 국제산단주유소,부산광역시 강서구 생곡로 272 (생곡동)
명품주유소,부산광역시 강서구 대저로 235 (대저1동)
서부산주유소(순천방향),부산광역시 강서구 남해2지선고속도로 19 (대저2동)
강서체육공원 실내체육관(1층),"부산광역시 강서구 체육공원로 43, 강서체육공원 (대저1동)"
강서체육공원 실내체육관(2층),"부산광역시 강서구 체육공원로 43, 강서체육공원 (대저1동)"
제방변(덕두마을),"부산광역시 강서구 공항로 746, 제방변(덕두마을) 공중화장실 (대저2동)"
낙동강관리본부 대저생태공원 10,부산광역시 강서구 대저1동 1-5 파크골프장 주변(중앙광장)
부산지방기상청 1층,"부산광역시 강서구 대저로63번길 54, 부산지방기상청 (대저1동)"
대저파출소,"부산광역시 강서구 대저로 284, 대저지구대 (대저1동)"
생교동마을회관앞,"부산광역시 강서구 동선새바지길 181, 생교동마을회관앞 공중화장실 (동선동)"
미음 화물차 공영차고지,부산광역시 강서구 미음산단로 270 (미음동)
부산환경공단 생곡사업단 화장실,부산광역시 강서구 생곡산단로 76 (생곡동)
낙동강관리본부 대저생태공원 6,부산광역시 강서구 대저1동 1-39 게이트볼장 주변
광식석유 명지주유소,부산광역시 강서구 르노삼성대로 372 (명지동)
만선주유소,부산광역시 강서구 가락대로210번길 102 (송정동)
지사스포츠파크,부산광역시 강서구 지사동 27
어음포곡등산로,부산광역시 강서구 천성동 산 6-98
강서체육공원야외화장실테니스장,"부산광역시 강서구 체육공원로 43, 강서체육공원 (대저1동)"
워크재활의학과병원,부산광역시 연제구 고분로13번길 15(연산동)
진도빌딩,부산광역시 연제구 중앙대로 1084(연산동)
금룡산 배드민턴장,부산광역시 연제구
㈜BYC마트,부산광역시 연제구 중앙대로1159(연산동)
부산외국어고,부산광역시 연제구
거제(동해선),부산광역시 연제구 법원남로9번길 17
감사드림주유소,부산광역시 연제구 거제대로 98(거제동)
곰두리스포츠센터,부산광역시 연제구 화지로 109(거제동)
연제구청 (1층),부산광역시 연제구 연제로 2
부산과학교육원,부산광역시 연제구 토곡로 66
거제4동 행정복지센터 (1층),부산광역시 연제구 화지로 52번길 33
연산4동행정복지센터 (1층),부산광역시 연제구 쌍미천로151번길 42
"연제도서관 지하, 1층, 2층",부산광역시 연제구 황령산로 612
거제해맞이,부산광역시 연제구 거제대로 123
연제구 보훈회관,부산광역시 연제구 명륜로2번길9
거제종합사회복지관,부산광역시 연제구 아시아드대로46번길 45
만덕초읍지소(남),부산광역시 연제구 월드컵대로 430
영남종합시장,부산광역시 연제구 중앙대로 1030-1(연산동)
한양타워빌딩,부산광역시 연제구 명륜로 10(거제동)
연산 해수피아,부산광역시 연제구 거제천로 258(연산동)
현대오일뱅크 셀프주유소,부산광역시 연제구 중앙대로 1179(거제동)
연제주유소(천일),부산광역시 연제구 연수로 87(연산동)
금천주유소,부산광역시 연제구 과정로 134(연산동)
물만골 체육시설,부산광역시 연제구
온천천시민공원 수국,부산광역시 연제구
연제고등학교,부산광역시 연제구
해성빌딩,부산광역시 연제구 중앙대로 1135(연산동)
화지산 체육시설,부산광역시 연제구
연산,부산광역시 연제구 중앙대로 지하 1101
국민연금관리공단,부산광역시 연제구 중앙대로 1000
부산교육연수원,부산광역시 연제구 토곡로 66
부산광역시청,부산광역시 연제구 중앙대로 1001
과정공원,부산광역시 연제구
에너지드림주유소,부산광역시 연제구 반송로 68(연산동)
신한양주유소,부산광역시 연제구 연안로 20(연산동)
황령산 정상체육시설,부산광역시 연제구
함박골 체육시설,부산광역시 연제구
온천천시민공원 동백,부산광역시 연제구
거제3동 행정복지센터 (1층),부산광역시 연제구 거제대로 180
연산3동행정복지센터 (1층),부산광역시 연제구 연수로 218번길 4
영웅주유소,부산광역시 연제구 온천천남로 86(연산동)
부산현대주유소,부산광역시 연제구 아시아드대로 107(거제동)
바람고개 체육시설,부산광역시 연제구
연제문화체육시설,부산광역시 연제구
아시아드새마을 금고,부산광역시 연제구 아시아드대로46번길 3(거제동)
재능빌딩,부산광역시 연제구 중앙대로 1081(연산동)
금룡산 체육시설,부산광역시 연제구
거제시장,부산광역시 연제구 거제시장로14번길 28(거제동)
정림빌딩,부산광역시 연제구 법원로 34(거제동)
온천천시민공원 영산홍,부산광역시 연제구
한들공원,부산광역시 연제구
연산6동행정복지센터 (1층),부산광역시 연제구 쌍미천로52번길 2
연산2동행정복지센터 (1층),부산광역시 연제구 중앙대로1038번길 39
거제2동 행정복지센터 (1층),부산광역시 연제구 아시아드대로22번길 19
교대(동해선),부산광역시 연제구 중앙대로 1196
연미새시장,부산광역시 연제구 배산로23번길 3(연산동)
토곡셀프주유소,부산광역시 연제구 과정로 208(연산동)
GS칼텍스 아시아드주유소,부산광역시 연제구 거제대로 130(거제동)
푸른도시가꾸기사업소 화장실,부산광역시 연제구 고분로191번길6
시립연산도서관,부산광역시 연제구 고분로191번길 16
부산지방국세청,부산광역시 연제구 연제로 12
연제구보건소,"부산광역시 연제구 연제로 2, 연제구보건소"
연산8동 행정복지센터(1층),부산광역시 연제구 과정로251번길 33
온천천시민공원 관리사무소,부산광역시 연제구 온천천남로 39
부흥주유소,부산광역시 연제구 과정로 120(연산동)
"연산제일(1,8,9동) 새마을금고",부산광역시 연제구 과정로 306(연산동)
성학주유소,부산광역시 연제구 월드컵대로 249(거제동)
온천천시민공원 황매실,부산광역시 연제구
안국선원,부산광역시 연제구 교대로16번길 27(거제동)
부산시노인종합복지관,부산광역시 연제구 거제천로230번길 18
물만골,부산광역시 연제구 월드컵대로 지하 23
하이트빌딩,부산광역시 연제구 반송로 69(연산동)
부산은행 토곡지점,부산광역시 연제구 과정로 140(연산동)
연산동 우체국,부산광역시 연제구 연수로 197
시청(연제),부산광역시 연제구 중앙대로 지하 1017
연천시장,부산광역시 연제구 과정로276번길 28(연산동)
연산관자재요양병원,부산광역시 연제구 과정로 128(연산동)
좋은기름나라주유소,부산광역시 연제구 고분로 51(연산동)
연산종합사회복지관,부산광역시 연제구 봉수로 17
거제교회,부산광역시 연제구 아시아드대로 12(거제동)
거제(법원 · 검찰청),부산광역시 연제구 월드컵대로 지하 209
연산1동행정복지센터 (1층),부산광역시 연제구 연동로8번길 66
거제1동 행정복지센터 (1층),부산광역시 연제구 법원북로 88
연산5동행정복지센터 (1층),부산광역시 연제구 거제천로124번길 15
동래세무서,부산광역시 연제구 거제천로269번길 16
배산,부산광역시 연제구 연수로 지하 229
이마트연산점,부산광역시 연제구 연수로 89(연산동)
노동자종합복지관 화장실,부산광역시 연제구 연수로 86
국제신문,부산광역시 연제구 중앙대로 1217(거제동)
아시아드요양병원,부산광역시 연제구 월드컵대로 161(연산동)
연제구 가족센터,부산광역시 연제구 월드컵대로46번길 11
부산장애인종합복지관,부산광역시 연제구 중앙대로1150번길 1
연산6동 배드민턴장,부산광역시 연제구
온천천시민공원 백일홍,부산광역시 연제구
배산 제1체육시설,부산광역시 연제구
이마트트레이더스,부산광역시 연제구 좌수영로 241(연산동)
종합운동장,부산광역시 연제구 아시아드대로 지하 73
"부산광역시
영재교육진흥원",부산광역시 연제구
이사벨고등학교,부산광역시 연제구
연제구 국민체육센터,부산광역시 연제구 쌍미천로 132
연산9동 행정복지센터(1층),부산광역시 연제구 과정로164번길 38
국립농산물 품질관리원,부산광역시 연제구 거제대로 222
자이주유소,부산광역시 연제구 과정로 325(연산동)
은강빌딩,부산광역시 연제구 중앙대로 1089(연산동)
연제구육아종합지원센터,부산광역시 연제구 거제대로124번길 22
부산경상대학교,부산광역시 연제구
온천천시민공원 붓드레아,부산광역시 연제구
연제구 정신건강복지센터,부산광역시 연제구 거제대로178번길 51-1
교대,부산광역시 연제구 중앙대로 지하 1217
부산소방본부,부산광역시 연제구 고분로 216
계성여자상업고등학교,부산광역시 연제구
부산교육대학교,부산광역시 연제구
부산은행 연미지점,부산광역시 연제구 연수로 211(연산동)
연동시장,부산광역시 연제구 연동로8번길 22 (연산동)
인성주유소,부산광역시 수영구 연수로 250(망미동)
(주)청유주유소,부산광역시 수영구 좌수영로 147(망미동)
금련산청소년수련원,부산광역시 수영구 황령산로 156(광안동)
수영구평생학습관,부산광역시 수영구 수영로521번길77(광안동)
망미동 우체국,부산광역시 수영구 과정로 64(망미동)
부산해양경찰서 광안리파출소,부산광역시 수영구 민락수변로 92(민락동)
남부산 우체국,부산광역시 수영구 수영로 448(남천동)
금련산 제2호 간이화장실,부산광역시 수영구 황령산로 128
광안1동행정복지센터,부산광역시 수영구 광일로14번길 17(광안동)
남부산등기소,부산광역시 수영구 광남로 26(남천동)
민락역 공중화장실,부산광역시 수영구 부산광역시 수영구 수영로 지하 769
금련산주유소,부산광역시 수영구 수영로 491(남천동)
생활문화센터지하 공중화장실,부산광역시 수영구 광안해변로 219(광안동)
씨랜드 회센터,부산광역시 수영구 광안해변로 299(민락동)
수영팔도상가시장 공중화장실,부산광역시 수영구 수영로725번길 20-8(수영동)
지에스칼텍스(주)언덕주유소,부산광역시 수영구 연수로 239(망미동)
광안4동 간이화장실,부산광역시 수영구 호암로 81
소라화장실,부산광역시 수영구 남천바다로33번길 77(광안동)
부산동부고용복지플러스센터,부산광역시 수영구 수영로 676(광안동)
국민건강보험공단 부산남부지사,부산광역시 수영구 광남로48번길 24(남천동)
센텀타이거주유소,부산광역시 수영구 민락본동로 30(민락동)
국민연금공단 남부산지사,부산광역시 수영구 수영로 688(광안동)
남천2동 행정복지센터,부산광역시 수영구 광안해변로 99(남천동)
마린타이거주유소,부산광역시 수영구 광남로 241(민락동)
민락매립지 공영주차장 화장실,"부산광역시 수영구청 부산 수영구 민락동 113-49번지, 민락동 113-50번지(노외주차장으로 도로명 주소 없음)"
옥련선원,부산광역시 수영구 광남로257번길 58(민락동)
SK에너지(주)강일주유소,부산광역시 수영구 연수로 411(수영동)
금련산전망대 간이화장실,부산광역시 수영구 광안동 산39
망미역 공중화장실,부산광역시 수영구 부산광역시 수영구 연수로 지하 337
민락동 광민지구대,부산광역시 수영구 광안해변로295번길 22(민락동)
망미2동 행정복지센터,부산광역시 수영구 수미로35번길 40(망미동)
금련산역 공중화장실,부산광역시 수영구 부산광역시 수영구 수영로 지하 482
금련산 제3호 간이화장실,부산광역시 수영구 광안동 산61-2
광안4동 주민센터,부산광역시 수영구 수영로 541(광안동)
팔도야시장 공중화장실,부산광역시 수영구 수영성로 28-5(수영동)
신영주유소,부산광역시 수영구 과정로 23(망미동)
수영정,부산광역시 수영구호암로29번가길 54-19(광안동)
민락동 행정복지센터,부산광역시 수영구 광안해변로295번길 20(민락동)
수변공원 제1 공중화장실,부산광역시 수영구 민락수변로 95(민락동)
수영구 도서관,부산광역시 수영구 남천서로 33(남천동)
광안2동 주민센터,부산광역시 수영구 광안로16번길 22(광안동)
광안어린이도서관,부산광역시 수영구 장대골로 75-8(광안동)
금우 자동차 서비스,부산광역시 수영구 감포로 55(광안동)
망미동노외 공영주차장,부산광역시 수영구청 부산 수영구 금련로43번길 17(망미동)
남천2치안센터,부산광역시 수영구 남천동로 76(남천동)
망미1동 간이화장실,부산광역시 수영구 망미동 산107-1
광안졸음쉼터,부산광역시 수영구 광안동 산33
(주)세왕에너지,부산광역시 수영구 광남로 176(민락동)
삼익비치A상가(1층),부산광역시 수영구 광안해변로 95(남천동)
민락해변공원 공중화장실,부산광역시 수영구 민락동 181-78 내
부산종합사회복지관,부산광역시 수영구 금련로43번길54(망미동)
수영사적공원 공중화장실,부산광역시 수영구 수영성로 43(수영동)
광안리주유소,부산광역시 수영구 광남로 83(광안동)
광안3동 주민센터,부산광역시 수영구 망미번영로38번길 103(광안동)
하오르타이어,부산광역시 수영구 감포로 32(민락동)
수변모바일,부산광역시 수영구 민락수변로 115(민락동)
수영구 노인복지관,부산광역시 수영구 황령대로489번길 83(남천동)
금련산 제1호 간이화장실,부산광역시 수영구 황령산로 50
지에스칼텍스(주)부산주유소,부산광역시 수영구 수영로 558(광안동)
수변어린이공원 공영주차장,부산광역시 수영구 민락동 110-15
수영구 보건소,부산광역시 수영구 수영로 637-5(광안동)
망미1동 행정복지센터,부산광역시 수영구 연수로315번길 23(망미동)
용화여객,부산광역시 수영구 민락본동로19번길 51(민락동)
광안어패류시장,부산광역시 수영구 민락수변로7번길 19(민락동)
광안리해변 공중화장실,부산광역시 수영구 광안해변로 138(광안동)
삼익비치B상가(1층),부산광역시 수영구 광안해변로 122(남천동)
수영구 스포츠클럽,부산광역시 수영구 광남로257번길 12(민락동)
수영세무서,부산광역시 수영구 남천동로19번길 28(남천동)
해양레포츠센터 공중화장실,부산광역시 수영구 광안해변로54번길 222(남천동)
삼익비치노인정,"부산광역시 수영구 광안해변로 100(남천동, 비치아파트)"
광안역 공중화장실,부산광역시 수영구 부산광역시 수영구 수영로 지하 576
수영강변로 공중화장실,부산광역시 수영구 망미동 985
대영주유소,부산광역시 수영구 수영로 731(수영동)
망미1파출소,부산광역시 수영구 망미로8번길 74(망미동)
수변공원 제2 공중화장실,부산광역시 수영구 민락수변로 129(민락동)
수영망미2파출소,부산광역시 수영구 수영성로 36(수영동)
수미초등학교 야외화장실,부산광역시 수영구 연수로310번길 91(망미동)
금호주유소,부산광역시 수영구 과정로 4(망미동)
게스후,부산광역시 수영구 광안해변로 183(광안동)
수영구 국민체육센터,부산광역시 수영구 수영로521번길 77(광안동)
남천역 공중화장실,부산광역시 수영구 부산광역시 수영구 수영로 지하 410
남부소방서,부산광역시 수영구 광일로 64(광안동)
삼익비치아파트 야외화장실(307동 뒤편),부산광역시 수영구 광안해변로 95(남천동)
수영동 행정복지센터,부산광역시 수영구 수영성로 36(수영동)
수영구연제구선거관리위원회,부산광역시 수영구 과정로5번길 6(망미동)
광남지구대,부산광역시 수영구 수영로554번길 52(광안동)
남천1동 행정복지센터,부산광역시 수영구 남천동로 13(남천동)
남부경찰서광안1치안센터,부산광역시 수영구 수영로 635(광안동)
광안3동 간이화장실,부산광역시 수영구 망미번영로16번가길 40-1
수영역 공중화장실,부산광역시 수영구 부산광역시 수영구 수영로 지하 677
망미119안전센타,부산광역시 수영구 연수로 330(망미동)
땡큐망미주유소,부산광역시 수영구 연수로 254(망미동)
개미집,부산광역시 수영구 광남로130번길 9(광안동)
수영구청,부산광역시 수영구 남천동로 100(남천동)
보성녹차,부산광역시 수영구 수영로394번길 29(남천동)
남천해변시장,부산광역시 수영구 광안해변로15번길 77(남천동)
부산도서관,"부산광역시 사상구 사상로310번길 33, 부산도서관 (덕포동)"
덕포1동우체국,"부산광역시 사상구 사상로269번길 7, 덕포1동우체국 (덕포동)"
낙동강제방(2),부산광역시 사상구 삼락동 29-36
모라1동행정복지센터,"부산광역시 사상구 모라로 93, 모라1동 행정복지센터 (모라동)"
부산동감전우편취급국,"부산광역시 사상구 학감대로237번길 39, 부송빌딩 (감전동)"
덕포지하철역,"부산광역시 사상구 사상로 지하 320-1, 덕포역 (덕포동)"
사상생활사박물관,"부산광역시 사상구 낙동대로1258번길 36, 사상생활사박물관 (삼락동)"
구학공원,부산광역시 사상구 학장동 168-9
야시곡공원,부산광역시 사상구 모라동 1325
낙동강제방(1),부산광역시 사상구 괘법동 914-8
"사상근린공원
생태주차장",부산광역시 사상구 감전동 산4
학장동행정복지센터,"부산광역시 사상구 학감대로133번길 9, 학장동행정복지센터 (학장동)"
양지1공원,부산광역시 사상구 주례동 306
덕포체육공원,부산광역시 사상구 덕포동 763
주례 열린도서관,부산광역시 사상구 주례로 110 (주례동)
주례1동행정복지센터,"부산광역시 사상구 가야대로255번길 17, 주례1동 행정복지센터 (주례동)"
괘법동행정복지센터,"부산광역시 사상구 광장로97번길 6, 괘법동주민센터 (괘법동)"
운수공원,부산광역시 사상구 모라동 75-3
백양산임도(1),부산광역시 사상구 주례동 산 8-19
엄궁동 행정복지센터,"부산광역시 사상구 엄궁북로 15, 엄궁동주민센터 (엄궁동)"
괘법치안센터,"부산광역시 사상구 사상로202번길 27, 괘법치안센터 (괘법동)"
사상우체국,"부산광역시 사상구 사상로 165, 부산사상우체국 (괘법동)"
5대대계곡,부산광역시 사상구 모라동 산31
모라3치안센터,"부산광역시 사상구 모라로110번길 101, 모라3치안센터 (모라동)"
모라3동행정복지센터,"부산광역시 사상구 모라로110번길 99, 모라3동 주민센터 (모라동)"
모라백양공원,부산광역시 사상구 모라동 75-5
주례동우체국,"부산광역시 사상구 사상로 23, 부산주례동 우체국 (주례동)"
백양산임도(2),부산광역시 사상구 모라동 산33
주례편백림,부산광역시 사상구 주례동 산69-1
주례3동 행정복지센터,"부산광역시 사상구 냉정로 10, 주례3동주민센터 (주례동)"
사상역,"부산광역시 사상구 광장로 108, 사상역 (괘법동)"
사상구보훈회관,"부산광역시 사상구 사상로90번길 15-17, 보훈회관 (감전동)"
엄광산임도,부산광역시 사상구 주례동 산 69-1
운수사,"부산광역시 사상구 모라로219번길 173, 운수사 (모라동)"
주례백양공원,부산광역시 사상구 주례동 961
다누림센터(1층),"부산광역시 사상구 가야대로196번길 51, 사상구 다누림센터 (학장동)"
사상구청(1층),"부산광역시 사상구 학감대로 242, 사상구청 (감전동)"
괘법동우편취급국,부산광역시 사상구 광장로20번길 9 (괘법동)
탑골약수터,부산광역시 사상구 괘법동 산 1-2
삼락천 음악분수대,부산광역시 사상구 낙동대로 1142 (괘법동)
덕포백양공원,부산광역시 사상구 덕포동 776-1
새밭마을행복센터,부산광역시 사상구 학장동 585-42
창신공원,부산광역시 사상구 주례동 294
엄궁동우체국,"부산광역시 사상구 낙동대로 784-4, 엄궁동우체국 (엄궁동)"
운전기사휴게소,부산광역시 사상구 덕포동 784
주례119안전센터,"부산광역시 사상구 양지로 22, 주례119안전센터 (주례동)"
부산환경공단 위생사업소,"부산광역시 사상구 낙동대로943번길 157, 부산환경공단 위생사업소 (감전동)"
모라산림공원,부산광역시 사상구 모라동 산33
학장천친수공간,부산광역시 사상구 주례동 1233-7
운수천공간쉼터,부산광역시 사상구 모라동 산 93
부산광역시 여성문화회관,"부산광역시 사상구 학감대로 95, 부산광역시여성문화회관 (학장동)"
감전동 행정복지센터,"부산광역시 사상구 새벽시장로56번길 20, 감전동 주민센터 (감전동)"
사상도서관,"부산광역시 사상구 덕상로72번길 9, 사상도서관 (덕포동)"
주례건강약수터,부산광역시 사상구 주례동 산 113
사상경찰서,"부산광역시 사상구 학감대로 264, 부산사상경찰서 (감전동)"
모라1치안센터,"부산광역시 사상구 사상로 509, 모라1치안센터 (모라동)"
사상공원(신라대),"부산광역시 사상구 백양대로700번길 140, 신라대학교 (괘법동)"
낙동강제방(3),부산광역시 사상구 삼락동 29-13
모라119안전센터,"부산광역시 사상구 백양대로 950, 모라소방파출소 (모라동)"
주례지하철역,"부산광역시 사상구 가야대로 지하 292, 주례역 (주례동)"
괘내마을 쌈지공원,부산광역시 사상구 괘법동 87-2
새동창주유소,부산광역시 사상구 낙동대로 920 (감전동)
지에스칼텍스 강변주유소,"부산광역시 사상구 강변대로 412, 강변대로self주유소 (엄궁동)"
농산물주유소,"부산광역시 사상구 농산물시장로25번길 94, 엄궁농산물주유소 (엄궁동)"
경동주유소,부산광역시 사상구 백양대로 386 (주례동)
자이언트주유소,"부산광역시 사상구 강변대로 458, 자이언트주유소 (엄궁동)"
현대오일뱅크 감전주유소,"부산광역시 사상구 낙동대로 978, 감전현대오일뱅크(주)직영 (감전동)"
성경주유소,"부산광역시 사상구 모덕로 69, 성경주유소 (모라동)"
덕양에너지 굿모닝주유소,부산광역시 사상구 학감대로 70 (학장동)
낙동강제방(4),부산광역시 사상구 삼락동 21-6
스마트나라요양병원,부산광역시 사상구 낙동대로 1026(감전동)
현대오일뱅크(주) 낙동로주유소,부산광역시 사상구 낙동대로 1274(삼락동)
㈜호림에너지 호림주유소,부산광역시 사상구 낙동대로 669(엄궁동)
양지2공원,부산광역시 사상구 주례동 314
엄궁농산물도매시장관리사업소,"부산광역시 사상구 농산물시장로 9, 엄궁농산물도매시장 (엄궁동)"
사상구청(2층),"부산광역시 사상구 학감대로 242, 사상구청 (감전동)"
학장119안전센터,"부산광역시 사상구 학감대로 89, 학장119안전센터 (학장동)"
주례1치안센터,부산광역시 사상구 가야대로255번길 17-5 (주례동)
사상근린공원,부산광역시 사상구 백양대로 570 (감전동)
구덕산충전소,부산광역시 사상구 학감대로 102 (학장동)
엠에스가스 학장충전소,부산광역시 사상구 학장로 165 (학장동)
광신가스,"부산광역시 사상구 낙동대로 939, 광신가스(주) (감전동)"
서부충전소,"부산광역시 사상구 낙동대로 1384, 서부충전소 (삼락동)"
엠에스가스,부산광역시 사상구 가야대로176번길 92 (학장동)
덕포2치안센터,"부산광역시 사상구 모덕로 84, 덕포2치안센터 (덕포동)"
삼락지구대,"부산광역시 사상구 모덕로 13, 삼락지구대 (삼락동)"
절골공원,부산광역시 사상구 엄궁동 670
엄궁파출소,"부산광역시 사상구 낙동대로 740, 엄궁치안센터 (엄궁동)"
백양산임도,부산광역시 사상구 주례동 산113-10
감전2동우편취급국,부산광역시 사상구 새벽로 178 (감전동)
삼락동행정복지센터,"부산광역시 사상구 낙동대로1310번길 19, 삼락동 주민센터 (삼락동)"
구덕공원,부산광역시 사상구 학장동 168-6
북부소방서,"부산광역시 사상구 삼덕로 17, 북부소방서 (삼락동)"
부산북부고용노동지청,"부산광역시 사상구 백양대로 804, 부산북부고용노동지청 (덕포동)"
사상구선거관리위원회,"부산광역시 사상구 학감대로 91, 사상구선거관리위원회 (학장동)"
모라지하철역,"부산광역시 사상구 사상로 지하 498, 모라역 (모라동)"
주례지구대,부산광역시 사상구 주례로 141 (주례동)
북부산세무서,"부산광역시 사상구 학감대로 263, 북부산세무서 (감전동)"
서당골공원,부산광역시 사상구 모라동 75-15
지불마을  엄궁동 7  학장천,부산광역시 사상구 대동로 55 (엄궁동)
모덕지하철역,"부산광역시 사상구 사상로 지하 409, 모덕역 (덕포동)"
엄궁유수지체육공원,부산광역시 사상구 감전동 516
주례2동우편취급국,"부산광역시 사상구 가야대로366번길 8, 주례2동우편취급국 (주례동)"
냉정지하철역,"부산광역시 사상구 가야대로 지하 362-1, 냉정역 (주례동)"
주례2동행정복지센터,부산광역시 사상구 가야대로366번길 64-8 (주례동)
모라3동우체국,"부산광역시 사상구 모라로192번길 25, 모라3동우체국 (모라동)"
학장천 강변갤러리,부산광역시 사상구 학장동 473-2
학장공단우편취급국,"부산광역시 사상구 대동로 194, 학장공단우편취급국 (학장동)"
덕포2동행정복지센터,"부산광역시 사상구 사상로333번길 17, 덕포2동주민센터 (덕포동)"
학장동우체국,"부산광역시 사상구 학감대로 101, 부산학장동우체국 (학장동)"
운수천계곡(1),부산광역시 사상구 모라동 산 88
부산북부운전면허시험장,"부산광역시 사상구 사상로367번길 35, 부산북부운전면허시험장 (덕포동)"
덕포파출소,"부산광역시 사상구 사상로 257, 덕포파출소 (괘법동)"
감전119안전센터,"부산광역시 사상구 가야대로 41, 감전119안전센터 (감전동)"
"사상공원
숲속모험놀이장
화장실",부산광역시 사상구 감전동 38
사상국제화센터,"부산광역시 사상구 덕상로72번길 27, 국제화센터 (덕포동)"
모라동우체국,"부산광역시 사상구 사상로519번길 11, 모라동우체국 (모라동)"
교통안전공단 주례검사소,"부산광역시 사상구 학장로 256, 교통안전공단 (주례동)"
사상지하철역,"부산광역시 사상구 사상로 지하 203, 사상역 (괘법동)"
사상구종합사회복지관,"부산광역시 사상구 백양대로 527, 사상구종합사회복지관 (주례동)"
사상평생학습관,"부산광역시 사상구 새벽로168번길 61, 사상평생학습관 (감전동)"
감전지하철역,"부산광역시 사상구 사상로 지하 93-1, 감전역 (감전동)"
감전지구대,"부산광역시 사상구 가야대로 39, 감전지구대 (감전동)"
덕포1동 행정복지센터,"부산광역시 사상구 강선로 31, 덕포1동 행정복지센터 (덕포동)"
고동바위공원,부산광역시 사상구 모라동 1359
스마트주유소,부산광역시 사상구 가야대로 377(주례동)
더 리치 주유소,부산광역시 사상구 낙동대로 753(엄궁동)
한국가스산업㈜,부산광역시 사상구 가야대로 157(감전동)
중앙주유소,"부산광역시 사상구 낙동대로 1316, 중앙오일뱅크 (삼락동)"
주안교회,"부산광역시 사상구 학장로324번길 8, 주안교회 (주례동)"
학장축산물도매시장,부산광역시 사상구 학감대로 111(학장동)
가락타운주유소,부산광역시 사상구 낙동대로 730(엄궁동)
서부산IC 셀프주유소,부산광역시 사상구 학감대로 170(학장동)
서부산센텀병원,부산광역시 사상구 새벽로 226(괘법동)
아산주유소(1층),"부산광역시 사상구 새벽로 1, 아산주유소 (학장동)"
구덕산주유소,부산광역시 사상구 학감대로 98(학장동)
학장성심병원,"부산광역시 사상구 대동로 153, 학장성심요양병원 (학장동)"
몬스타주식회사,부산광역시 사상구 학장로 329 (주례동)
㈜제이와이비젼 명성주유소,부산광역시 사상구 학감대로 220(감전동)
에스씨(주) 새문주유소,부산광역시 사상구 학감대로 30(학장동)
부영석유(주) 도매주유소,부산광역시 사상구 가야대로 10(감전동)
부영병원,부산광역시 사상구 학감대로123번길 76(학장동)
한국요양병원,부산광역시 사상구 광장로 33(괘법동)
세원주유소,부산광역시 사상구 학감대로 178 (학장동)
곰보식당,"부산광역시 사상구 낙동대로 1564, 곰보식당 (삼락동)"
영재의료재단 큰솔병원,부산광역시 사상구 대동로 141(학장동)
극동유화(주) 감전충전소,부산광역시 사상구 낙동대로 878(감전동)
큰솔2병원 별관,부산광역시 사상구 학감대로147번길 15-10 (학장동)
우리주유소,부산광역시 사상구 백양대로 701(덕포동)
강변대성충전소,"부산광역시 사상구 강변대로 412, 강변대로self주유소 (엄궁동)"
대선석유 학장점,부산광역시 사상구 학감대로 73 (학장동)
한영 주유소 주례지점,부산광역시 사상구 백양대로 349 (주례동)
엄궁주유소,부산광역시 사상구 낙동대로 681 (엄궁동)
좋은기름나라 새사상셀프주유소,"부산광역시 사상구 새벽로 154, 사상셀프주유소 (감전동)"
극동유화(주) 주례충전소,부산광역시 사상구 가야대로 203(주례동)
더블유케이에너지,부산광역시 사상구 백양대로 480(주례동)
대흥주유소,부산광역시 사상구 새벽로 2(학장동)
㈜지엠지 우경주유소,부산광역시 사상구 백양대로 477(주례동)
흥일주유소(주),부산광역시 사상구 낙동대로 1520(삼락동)
구룡주유소,"부산광역시 사상구 가야대로 150, 구룡주유소 (학장동)"
큰솔2병원,부산광역시 사상구 학장로 189 (학장동)
태림샐틱스(학장동 574-24)(2층),부산광역시 사상구 대동로 123(학장동)
학장파출소,부산광역시 사상구 학감대로123번길 4 (학장동)
부산디지털대학교,"부산광역시 사상구 주례로 57, 부산디지털대학교 (주례동)"
우신충전소,부산광역시 사상구 가야대로 75(감전동)
사상LPG충전소,부산광역시 사상구 학장로 21(학장동)
사상중앙병원,부산광역시 사상구 삼덕로5번길 85(삼락동)
좋은삼선병원,부산광역시 사상구 가야대로 326(주례동)
서부버스터미널,부산광역시 사상구 사상로 201(괘법동)
강림요양병원,부산광역시 사상구 낙동대로 792(엄궁동)
산업주유소,"부산광역시 사상구 낙동대로 879, 산업주유소 (감전동)"
대림주유소,부산광역시 사상구 낙동대로 1320 (삼락동)
동서대학교(대학본관),"부산광역시 사상구 주례로 47, 동서대학교 (주례동)"
신라대학교(대학본부동),"부산광역시 사상구 백양대로700번길 140, 신라대학교 (괘법동)"
경남정보대학교(50주년기념관),"부산광역시 사상구 주례로 45, 경남정보대학교 (주례동)"
GS칼텍스 서부주유소,부산광역시 사상구 낙동대로 1380(삼락동)
우신프라자,부산광역시 사상구 백양대로 884(모라동)
부산은행 감전동지점,"부산광역시 사상구 새벽로 160, 부산은행감전동지점 (감전동)"
학장제일교회(1~4층),부산광역시 사상구 학장로 211 (학장동)
고신교회(2층),부산광역시 사상구 가야대로213번길 12-19(주례동)
롯데마트사상점(1~4층),"부산광역시 사상구 낙동대로 733, 롯데마트 사상점 (엄궁동)"
(주)심다,부산광역시 사상구 학감대로 233 (감전동)
한라주유소,부산광역시 사상구 학장로 107(학장동)
광신석유(주) 가야대로주유소,부산광역시 사상구 가야대로 395(주례동)
용마주유소,부산광역시 사상구 가야대로 329(주례동)
젤코바,부산광역시 사상구 가야대로 63(감전동)
㈜부영에너지 부영주유소,부산광역시 사상구 낙동대로 994(감전동)
영광빌딩,부산광역시 사상구 새벽시장로 121 (감전동)
대성산업(주) 부산대성충전소,부산광역시 사상구 사상로 339(덕포동)
좌광천 산책로,부산광역시 기장군 정관읍 예림리 184번지
수산과학관 전시관 2층 화장실,"부산광역시 기장군 기장읍 기장해안로 216, 수산과학원"
장안사4(주차장),부산광역시 기장군 장안읍 장안리 596번지
기룡농산물판매장,부산광역시 기장군 장안읍 기룡리 766번지 1호
홍연폭포,부산광역시 기장군 철마면 웅천리 산 109번지 2호
좌천시장마을1(자전거도로),부산광역시 기장군 장안읍 좌천리 510번지 34호
오시리아역,"부산광역시 기장군 기장읍 동부산관광5로 14, 동해선 오시리아역"
부산추모공원,"부산광역시 기장군 정관읍 정관로 225, 부산추모공원"
좌광천 산책로2,부산광역시 기장군 정관읍 모전리 120번지 5호
동백항,부산광역시 기장군 일광면 동백리 21번지 8호
연화리물양장,부산광역시 기장군 기장읍 연화리 119번지 10호
굿거리공원,부산광역시 기장군 기장읍 내리 800
문동방파제,부산광역시 기장군 일광면 문동리 29번지 5호
부산울산고속도로 동부산영업소,"부산광역시 기장군 기장읍 소정길 12, 1층"
용소웰빙공원(관리사무소옆),부산광역시 기장군 기장읍 서부리 336번지
소두방공원(3호),부산광역시 기장군 정관읍 정관중앙로 100
장안사1,부산광역시 기장군 장안읍 장안리 산 66번지
부산시설공단 곰내지소,부산광역시 기장군 철마면 정관산업로 910
나무누리공원,부산광역시 기장군 정관읍 용수리 1356
통일공원,부산광역시 기장군 기장읍 동부리 160번지
용궁사주차장,부산광역시 기장군 기장읍 시랑리 415번지
장안사5,부산광역시 기장군 장안읍 장안리 산 52번지 18호
내리숲속,부산광역시 기장군 기장읍 내리 산 100번지 1호
일광119안전센터,부산광역시 기장군 일광읍 해빛5로 15
일광역,"부산광역시 기장군 일광면 일광로 111-10, 일광역"
신평소공원,부산광역시 기장군 일광면 신평리 11번지 1호
연밭,부산광역시 기장군 장안읍 장안리 664번지 19호
구기공원,부산광역시 기장군 장안읍 장안산단4로 42
임기 지장암,부산광역시 기장군 철마면 임기리 산 166번지 1호
정관읍복지회관,부산광역시 기장군 정관읍 웅상대로 623
수산과학관 종합편의시설,"부산광역시 기장군 기장읍 기장해안로 216, 수산과학원"
새마을어린이공원,"부산광역시 기장군 기장읍 차성동로 88-8, 새마을 어린이공원"
부산환경공단 일광처리장 공원,부산광역시 기장군 일광읍 해빛1로 87
떡곡숲공원,부산광역시 기장군 일광읍 삼성리 751
기장군도시관리공단,"부산광역시 기장군 정관읍 정관덕산길 33, 기장군도시관리공단"
기장-현대차 드림 볼파크,부산광역시 기장군 일광읍 체육공원1로 155
내리저수지,부산광역시 기장군 기장읍 내리 620-5
부산울산고속도로 장안영업소,"부산광역시 기장군 장안읍 기장대로 1561-67, 부산울산간 장안영업소 1층"
부산치유의숲 방문자센터,부산광역시 기장군 철마면 철마천로 101
기장문화원,"부산광역시 기장군 기장읍 청강로74번길 35-6, 기장문화원"
국립부산과학관 천체투영관,"부산광역시 기장군 기장읍 동부산관광6로 59, 국립부산과학관"
대변항2,부산광역시 기장군 기장읍 대변리 444번지 80호
기장제1공영주차장,"부산광역시 기장군 기장읍 차성동로 70, 기장제1공영주차장"
기장군농업기술센터 아카데미관,"부산광역시 기장군 기장읍 반송로 1370-22, 농업기술센터"
농업기술센터 유용미생물배양장,"부산광역시 기장군 기장읍 반송로 1370-8, 기장군농업기술센터 유용미생물 배양장"
해동성취사,부산광역시 기장군 일광면 동백리 317번지 6호
대변해양공원,부산광역시 기장군 기장읍 대변리 245번지 8호
교리근린공원,부산광역시 기장군 기장읍 교리 산 34번지 8호
기장군수산자원연구센터,"부산광역시 기장군 일광읍 이동길 4-1, 해조류육종융합연구센터"
정관환경공원,"부산광역시 기장군 정관읍 산단로 632-12, 환경공단정관사업소"
국민건강보험공단 기장지사 1층,"부산광역시 기장군 기장읍 차성로 414, 국민건강보험공단기장지사"
동백방파제,부산광역시 기장군 일광면 동백리 233번지 43호
철마우체국,"부산광역시 기장군 철마면 철마로 475-1, 철마우체국"
장안사2(숲길),부산광역시 기장군 장안읍 장안리 610번지
임랑해수욕장2(임해봉사실),부산광역시 기장군 장안읍 임랑해안길 49-6
임랑해수욕장3,부산광역시 기장군 장안읍 임랑해안길 80
수산과학관 전시관 1층 화장실,"부산광역시 기장군 기장읍 기장해안로 216, 수산과학원"
용소웰빙공원(입구),부산광역시 기장군 기장읍 서부리 221번지 8호
임랑해수욕장1,부산광역시 기장군 장안읍 임랑해안길 14-1
용소웰빙공원고가교하부,부산광역시 기장군 기장읍 서부리 321번지 1호
오시리아수변공원,부산광역시 기장군 기장읍 당사리 407-26
덕발어린이공원,부산광역시 기장군 기장읍 청강리 188번지
일광해수욕장2(임해봉사실),"부산광역시 기장군 일광면 삼성3길 17, 일광해수욕장행정봉사실"
광산마을,부산광역시 기장군 일광면 원리 748번지 24호
매암산 등산로,부산광역시 기장군 정관읍 용수리 1047번지
일광천 휴게쉼터 2,부산광역시 기장군 일광읍 화전리 585-35
소두방공원 관리사무실,"부산광역시 기장군 정관읍 정관중앙로 138-11, 소두방공원관리동"
기장군청,"부산광역시 기장군 기장읍 기장대로 560, 기장군청"
월내2,부산광역시 기장군 장안읍 월내리 618번지 54호
기장군육아종합지원센터,부산광역시 기장군 정관읍 정관중앙로 110
장전주민쉼터,부산광역시 기장군 철마면 장전리 583-29
국립부산과학관 본관,"부산광역시 기장군 기장읍 동부산관광6로 59, 국립부산과학관"
좌천역,"부산광역시 기장군 장안읍 해맞이로 2, 동해선 좌천역"
아라공원,부산광역시 기장군 일광면 삼성리 801
정관우체국,"부산광역시 기장군 정관읍 정관덕산2길 14, 부산정관우체국"
부산모전우체국,"부산광역시 기장군 정관읍 모전1길 6-3, 모전우체국"
오리보건진료소,"부산광역시 기장군 장안읍 오리길 3-6, 장안오리보건진료소"
근린공원(1호),부산광역시 기장군 정관읍 산단로 363
학리입구,부산광역시 기장군 일광면 학리 260번지 18호
일광우체국,"부산광역시 기장군 일광읍 삼성1길 6-6, 일광 우체국"
기장지구대,"부산광역시 기장군 기장읍 차성동로 94-6, 기장지구대"
테마임도공원2,부산광역시 기장군 기장읍 만화리 산 1번지
일광파출소,부산광역시 기장군 일광읍 일광로 77-15
장안파출소,"부산광역시 기장군 장안읍 해맞이로 5, 장안파출소"
대변항1,부산광역시 기장군 기장읍 대변리 444번지 80호
정관보건지소,"부산광역시 기장군 정관읍 용수로 11, 정관보건지소"
월드컵빌리지,"부산광역시 기장군 일광읍 체육공원1로 29, 기장국민체육공원"
기장군지회부설노인대학,부산광역시 기장군 기장읍 차성로333번길 4
부산기장경찰서,"부산광역시 기장군 일광읍 기장대로 692, 기장경찰서"
일광해수욕장3(강변),부산광역시 기장군 일광면 삼성리 673번지 24호
장안사 백련암,부산광역시 기장군 장안읍 장안리 산 53번지 1호
소망공원,부산광역시 기장군 기장읍 교리 346
개나리공원,부산광역시 기장군 기장읍 청강리 295번지
장안(부산)휴게소,"부산광역시 기장군 장안읍 동해고속도로 25, 장안휴게소하행"
동부근린공원,"부산광역시 기장군 기장읍 반송로 1618, 동부근린공원 관리사무소"
황학대,부산광역시 기장군 기장읍 죽성리 30번지 27호
병산빛물꿈테마길,부산광역시 기장군 정관읍 병산리 575-25
고촌어울림도서관,부산광역시 기장군 철마면 고촌로 51
기장도예관광힐링촌,부산광역시 기장군 장안읍 기룡리 산 133-1
수산과학관 야외화장실,"부산광역시 기장군 기장읍 기장해안로 216, 수산과학원"
이동항2,부산광역시 기장군 일광읍 이천리 170-8
칠암방파제,부산광역시 기장군 일광면 칠암리 2번지 3호
중앙공원,부산광역시 기장군 정관읍 구연3로 27
고불사,부산광역시 기장군 철마면 고촌리 산 23번지 1호
국립부산과학관 경비동,"부산광역시 기장군 기장읍 동부산관광6로 59, 국립부산과학관"
문중방파제,부산광역시 기장군 일광면 문중리 202번지 4호
기장우체국 1층,"부산광역시 기장군 기장읍 대변로 1, 기장우체국"
길천2(원자력),"부산광역시 기장군 장안읍 길천길 58, 울산해양경찰서"
송정천체육공원,부산광역시 기장군 철마면 송정리 609번지
장안사3(쉼터),부산광역시 기장군 장안읍 장안리 613번지
오리중앙공원,부산광역시 기장군 장안읍 오리 1119-4
기장도서관(본관),"부산광역시 기장군 기장읍 차성동로126번길 13-5, 기장도서관"
강계1,부산광역시 기장군 기장읍 대변리 14번지 1호
기장종합사회복지관,"부산광역시 기장군 기장읍 차성로 206, 기장종합사회복지관"
비둘기공원,부산광역시 기장군 기장읍 동부리 138번지
길천,부산광역시 기장군 장안읍 길천리 190번지 94호
기장읍경로식당,"부산광역시 기장군 기장읍 차성동로 88-6, (사)대한노인회기장군지회"
월전물양장,부산광역시 기장군 기장읍 죽성리 154번지 31호
연잎,부산광역시 기장군 정관읍 달산리 1220번지
두호해변,부산광역시 기장군 기장읍 죽성리 134번지 12호
일광해수욕장1,부산광역시 기장군 일광면 삼성리 143번지 8호
기장역,"부산광역시 기장군 기장읍 차성로288번길 86, 기장역"
공수체험장,부산광역시 기장군 기장읍 시랑리 545번지 12호
기장군청소년수련관,"부산광역시 기장군 정관읍 달음산길 106, 기장군청소년수련관"
연어테마길(화전마을) 화장실,부산광역시 기장군 일광읍 화전리 342-1
기장장관청,부산광역시 기장군 기장읍 동부리 196번지 1호
정관읍경로식당,부산광역시 기장군 정관읍 구연3로 27
기장군농업기술센터 본관,"부산광역시 기장군 기장읍 반송로 1370-22, 농업기술센터"
안평역,"부산광역시 기장군 철마면 반송로 1101, 안평역"
부울고속도로 기장일광영업소,"부산광역시 기장군 일광읍 기장대로 909-45, 부산울산선 기장영업소 1층"
한국폴리텍대학동부산캠퍼스,"부산광역시 기장군 정관읍 산단4로 2-69, 한국폴리텍대학 동부산캠퍼스"
기장군보건소,"부산광역시 기장군 기장읍 기장대로 560, 기장군보건소"
한국수산자원공단,"부산광역시 기장군 일광읍 이동길 4, 한국수산자원공단"
이동1,부산광역시 기장군 일광면 이천리 산 1번지 1호
기장생활체육센터,"부산광역시 기장군 기장읍 차성서로109번길 24, 기장생활체육공원"
온정마을,부산광역시 기장군 일광면 동백리 266번지 3호
구목정공원,부산광역시 기장군 정관읍 용수리 1354
대변항3,부산광역시 기장군 기장읍 대변리 304번지 18호
기장시장공영주차장,부산광역시 기장군 기장읍 읍내로94번길 9
서암마을,부산광역시 기장군 기장읍 연화리 297번지 22호
산수곡,부산광역시 기장군 일광면 용천리 91번지 7호
솔마루공원,부산광역시 기장군 정관읍 모전리 726
안데르센 동화동산,부산광역시 기장군 장안읍 기룡리 산 133-1
이천2(미역),부산광역시 기장군 일광면 이천길 66
두명쉼터,부산광역시 기장군 정관읍 두명2길 4
월내우체국 1층,"부산광역시 기장군 장안읍 길천2길 5-1, 월내우체국"
옥정사(연리지),부산광역시 기장군 일광면 원리 산 89번지
상수도사업본부 기장사업소,부산광역시 기장군 기장읍 차성동로31번길 10
대라다목적도서관,"부산광역시 기장군 기장읍 차성서로 86, 대라다목적도서관"
정관읍행정복지센터,"부산광역시 기장군 정관읍 용수로 4, 정관읍행정복지센터"
공수마을(산),부산광역시 기장군 기장읍 시랑리 655번지
월내물양장,"부산광역시 기장군 장안읍 월내해안길 62, 월내 특산물 판매장"
기장수산물체험홍보센터,부산광역시 기장군 기장읍 기장해안로 678
안적사,부산광역시 기장군 기장읍 내리 692번지
기장도서관어린이실(별관),"부산광역시 기장군 기장읍 차성동로126번길 13-5, 기장도서관"
철마파출소,"부산광역시 기장군 철마면 철마로 473, 철마파출소"
칠암물양장,부산광역시 기장군 일광면 칠암리 2번지 5호
삼동보건진료소,부산광역시 기장군 철마면 철마삼동로 94
이천1(소라),부산광역시 기장군 일광면 이천리 874번지 19호
좌천시장마을2(주차장안),부산광역시 기장군 장안읍 좌천리 45번지 8호
수효사,부산광역시 기장군 장안읍 반룡리 821번지 3호
철마체육시설,부산광역시 기장군 철마면 철마로 543
사라수변공원,부산광역시 기장군 기장읍 대라리 656번지
이천생태공원,부산광역시 기장군 일광면 이천리 696번지 7호
정관도서관,부산광역시 기장군 정관읍 정관중앙로 100
국립부산과학관 캠프관 B동,"부산광역시 기장군 기장읍 동부산관광6로 59, 국립부산과학관"
송정천,부산광역시 기장군 기장읍 내리 378-14
윗골공원,부산광역시 기장군 정관읍 정관8로 11
철마면행정복지센터,부산광역시 기장군 철마면 철마로 485
정관지구대,부산광역시 기장군 정관읍 용수로 17
기장군선거관리위원회,"부산광역시 기장군 기장읍 대청로36번길 11-6, 기장군선거관리위원회"
연화리물양장2(여성전용),부산광역시 기장군 기장읍 연화리 119번지 10호
장안사진입로,부산광역시 기장군 장안읍 장안리 507번지 1호
척판암,부산광역시 기장군 장안읍 장안리 606번지 1호
내리새라도서관,부산광역시 기장군 기장읍 기장대로 51
사라수변공원입구,부산광역시 기장군 기장읍 대라리 374-22
국립부산과학관 어린이과학관,"부산광역시 기장군 기장읍 동부산관광6로 59, 국립부산과학관"
대변해변2,부산광역시 기장군 기장읍 대변리 산 21번지
일광해수욕장4,부산광역시 기장군 일광면 삼성리 676번지 2호
정관어린이도서관,부산광역시 기장군 정관읍 정관8로 11
테마임도공원1,부산광역시 기장군 기장읍 만화리 산 1번지
부울고속도로해운대송정영업소,"부산광역시 기장군 기장읍 기장대로 116-125, 고속도로영업소 1층"
좌광천3(자전거도로),부산광역시 기장군 장안읍 좌천리 산 16번지 15호
정관읍교육행복센터,"부산광역시 기장군 정관읍 용수로 4, 정관읍행정복지센터"
기장체육관,"부산광역시 기장군 기장읍 기장대로 650, 기장체육관"
햇님공원,부산광역시 기장군 일광읍 이천리 925
삼성숲공원,부산광역시 기장군 일광면 삼성리 790
기룡솔밭,부산광역시 기장군 장안읍 기룡리 510번지 1호
동백1,부산광역시 기장군 일광면 동백리 산 57번지 1호
장안천야구장,부산광역시 기장군 장안읍 고무로 294
월내역,"부산광역시 기장군 장안읍 해맞이로 351-31, 동해선 월내역"
기장군국민체육센터,"부산광역시 기장군 일광읍 체육공원1로 29, 기장국민체육공원"
횡계공원,부산광역시 기장군 일광읍 횡계리 302
동암마을,부산광역시 기장군 기장읍 시랑리 664번지 6호
물빛공원,부산광역시 기장군 정관읍 모전로 29
장안(울산)휴게소,"부산광역시 기장군 장안읍 동해고속도로 26, 장안휴게소상행"
고촌역,"부산광역시 기장군 철마면 반송로 991, 고촌역"
죽순,부산광역시 기장군 정관읍 달산리 1246번지
리틀-소프트볼구장,부산광역시 기장군 일광읍 체육공원2로 50
기장구조대,"부산광역시 기장군 정관읍 정관로 923-9, 기장소방서구조대"
기장군노인복지회관,"부산광역시 기장군 기장읍 대청로22번길 61, 기장군노인복지회관"
죽성왜성,부산광역시 기장군 기장읍 죽성리 267번지
부산환경공단 기장사업소 공원,"부산광역시 기장군 기장읍 기장대로 564, 부산환경공단기장사업소"
기장문화예절학교,"부산광역시 기장군 장안읍 해맞이로 311-31, 기장문화예절학교"
오랑대,부산광역시 기장군 기장읍 기장해안로 340-40
철마노인대학(4층),"부산광역시 기장군 철마면 개좌로 822, 철마복지회관"
길천근린공원,부산광역시 기장군 장안읍 길천리 산 100번지
철마면행정복지센터 별동,부산광역시 기장군 철마면 철마로 485
이동항,부산광역시 기장군 일광면 이천리 170-2
백두사,부산광역시 기장군 일광면 삼성리 산 60번지
부산환경공단 문오성처리장 공원,부산광역시 기장군 일광읍 칠암3길 47
학리2(방파제),부산광역시 기장군 일광면 학리 120번지 2호
이순신공원(위령탑),경상남도 통영시 정량동605-1
우도(마을식당 옆),경상남도 통영시 우도길103-3
통영케이블카(하부1층),경상남도 통영시 발개로 205
산양해변공원 공중화장실,경상남도 통영시 산양읍 영운리 72-1
안정공원,경상남도 통영시 광도면 춘원1로6
케이블카 파크랜드(관리동),경상남도 통영시 발개로 172-26
무전동주민센터,경상남도 통영시 중앙로 320
학림 공중화장실,경상남도 통영시 산양읍 저림리산47
도남주차장 공중화장실,경상남도 통영시 도남동635
한국전기안전공사 경남남부지사,경상남도 통영시 원문로 33
국도,경상남도 통영시 국도길17
통영관광정보센터(도남동),경상남도 통영시 도남로 269-26
한산대첩광장 공중화장실,경상남도 통영시 통영해안로 267
통영시청 제1청사(민원용),경상남도 통영시 통영해안로515
미수광바위 공중화장실,경상남도 통영시 미수동854-3
통영관광휴게소,경상남도 통영시 용남면 남해안대로 325
통영종합버스터미널,경상남도 통영시 광도면 죽림4로 24
소고포 공중화장실,경상남도 통영시 세작목길 42
도산면사무소,경상남도 통영시 도산면 도산일주로30-2
이마트통영점,경상남도 통영시 광도면 죽림4로 9
농업기술센터,경상남도 통영시 광도면 향교옆길 31
욕지모노레일(상부역사-야외),경상남도 통영시 욕지면 욕지일주로 1467
죽림다목적구장(풋살),경상남도 통영시 광도면 죽림리292-5
도남관광주유소,경상남도 통영시 도남로 78
유동 공중화장실,경상남도 통영시 욕지면 유동길106-20
수우도 공중화장실,경상남도 통영시 사량면 수우도길1
곡룡포 공중화장실,경상남도 통영시 추봉로 545
내지 공중화장실,경상남도 통영시 사량면 상도일주로501-2
안정사 공중화장실,경상남도 통영시 광도면 안정1길310
욕지 자부마을,경상남도 통영시 자부포길79-1
미수주유소,경상남도 통영시 미수로 73
용남주유소,경상남도 통영시 남해안대로 332
세인주유소,경상남도 통영시 통영해안로 532
중앙동사무소,경상남도 통영시 동문로28-1
노대상리 공중화장실,경상남도 통영시 상리길45-14
한산서좌무방류시스템공중화장실,경상남도 통영시 한산면 창좌리 32-17
용남신촌 공중화장실,경상남도 통영시 용남면 장평신촌1길77
미수해저터널 공중화장실,경상남도 통영시 미수동907-1
죽림십자공원(죽림6어린이공원),경상남도 통영시 광도면 죽림4로23-76
크리에이티브허브,경상남도 통영시 세병로 32
케이블카 파크랜드(입구),경상남도 통영시 발개로172-9(도남동)
산양신전 항포구 공중화장실,경상남도 통영시 산양읍 신전리167-2
통영시장애인종합복지관,경상남도 통영시 용남면 기호바깥길 7-89
동부마을 공중화장실,경상남도 통영시 용남면 지도해안로315
박경리 추모공원,경상남도 통영시 산양읍 산양중앙로191
통영생태숲(관리동),경상남도 통영시 통영터널로15-28
동피랑점방 공중화장실,경상남도 통영시 동피랑2길25
먹방 공중화장실,경상남도 통영시 사량면 읍덕리57-4
창원지방검찰청 통영지청,경상남도 통영시 용남면 동달안길 65
산양일운소공원,경상남도 통영시 산양읍 영운리927-1
통영시민문화회관,경상남도 통영시 남망공원길29
충무체육관,경상남도 통영시 북문2길34
도남비치발리볼장 공중화장실,경상남도 통영시 도남동105
광도면사무소,경상남도 통영시 노산길115
성자암,경상남도 통영시 사량면 옥동길301
서촌 공중화장실,경상남도 통영시 서촌아랫길96
한산파출소,경상남도 통영시 한산면 한산일주로 840-1
통영해양경찰서(민원동),경상남도 통영시 광도면 죽림2로 45
수산과학관,경상남도 통영시 산양읍 척포길 628-111
통영우체국,경상남도 통영시 중앙로 325
산양저도 항포구 공중화장실,경상남도 통영시 산양읍 저림리170-4
원문공원(입구),경상남도 통영시 용남면 장문리995
달아공원,경상남도 통영시 산양읍 산양일주로 1113
미수 게이트볼장,경상남도 통영시 미수동247-7
청마문학관,경상남도 통영시 망일1길82
사량돈지 공중화장실,경상남도 통영시 사량면 상도일주로910
한산대항 공중화장실,경상남도 통영시 한산면 매물도대항길 20
북신동사무소,경상남도 통영시 여황로403-6
통영RCE세자트라센터,경상남도 통영시 용남해안로116
용남구장,경상남도 통영시 용남면 원평리 917-163
논아랫개 공중화장실,경상남도 통영시 논아랫개길168
내죽도공원,경상남도 통영시 광도면 죽림리1574-3
당동해저터널 공중화장실,경상남도 통영시 도천1길7
목과 공중화장실,경상남도 통영시 욕지면 동항리651-1
욕지해운(동촌),경상남도 통영시 욕지면 욕지일주로113
한산당금 공중화장실,경상남도 통영시 한산면 당금길 28
만지 공중화장실,경상남도 통영시 산양읍 만지길19
강구안 공중화장실,경상남도 통영시 통영해안로 352
도산 동촌마을,경상남도 통영시 도산면 도산일주로 790-27
북신지구대,경상남도 통영시 무전대로 40
통영생태숲(입구),경상남도 통영시 통영터널로15-28
욕지파출소,경상남도 통영시 욕지면 천왕로 29
원평지도선착장 공중화장실,경상남도 통영시 용남면 원평리293-43
사량대교 전망대,경상남도 통영시 하도일주로1459
케이블카 파크랜드(오토캠핑장),경상남도 통영시 발개로 172-24
서피랑공원(입구),경상남도 통영시 명정동305-13
서피랑공원(중간),경상남도 통영시 중앙동185
한국국토정보공사 통영지사,경상남도 통영시 안개2길16
한국자산관리공사 통영지사,경상남도 통영시 중앙로 297
사량면사무소,경상남도 통영시 상도일주로1580-13
풍해주유소,경상남도 통영시 도산면 남해안대로 2119
참편한주유소,경상남도 통영시 도산면 남해안대로 1442
천일주유소,경상남도 통영시 통영해안로 559
사량 은포마을 공중화장실,경상남도 통영시 사량면 양지리647
미수해양공원 공중화장실,경상남도 통영시 미수해안로45
용화사띠밭등 공중화장실,경상남도 통영시 산양읍 영운리산189
산양대항 공중화장실,경상남도 통영시 산양읍 추도일주로6-1
능양 공중화장실,경상남도 통영시 사량면 능양길45
이순신공원(기상대),경상남도 통영시 정량동 846-1
연명마을 공중화장실,경상남도 통영시 연명길57
남망산공원,경상남도 통영시 남망공원길29
한산추원무방류시스템공중화장실,경상남도 통영시 한산면 추봉리 531-2
통영시공설봉안당,경상남도 통영시 장대길 144
통영체육청소년센터,경상남도 통영시 광도면 죽림해안로 187
동피랑 벽화마을 공중화장실,경상남도 통영시 태평동 449-42
선촌(게이트볼장),경상남도 통영시 용남해안로154
한산비산도무방류시스템화장실,경상남도 통영시 한산면 염호리 909
통영한산대첩문화재단,경상남도 통영시 중앙로 65
대각사 공중화장실,경상남도 통영시 산양읍 삼덕리599
욕지모노레일(하부역사),경상남도 통영시 욕지면 욕지일주로 1467
북신해변공원,경상남도 통영시 무전동1053
경상남도 수산안전기술원,경상남도 통영시 미수해안로 164-20
정량천 생태하천,경상남도 통영시 장대길88-1
통영시선거관리위원회,경상남도 통영시 광도면 죽림3로 64
선촌마을 공중화장실,경상남도 통영시 용남면 용남해안로 116-1
민양회차지 공중화장실,경상남도 통영시 인평동761-2
옥동마을 공중화장실,경상남도 통영시 사량면 금평리산101-12
죽림다목적구장(족구),경상남도 통영시 광도면 죽림리318-30
국립농산물품질관리원 통영·거제사무소,경상남도 통영시 광도면 향교옆길 86
의항 공중화장실,경상남도 통영시 문어포길 21-35
용남면사무소,경상남도 통영시 용남면 달포큰길28
용남견유 공중화장실,경상남도 통영시 용남면 장평리411-2
황리임중 시내버스 종점,경상남도 통영시 광도면 황리1666
민양마을 입구 공중화장실,경상남도 통영시 인평동932-2
통영유람선터미널,경상남도 통영시 도남로 269-38
욕지도동 공중화장실,경상남도 통영시 욕지면 도동길96
산양파출소,경상남도 통영시 산양읍 산양중앙로 1
비진도해수욕장행정봉사실,경상남도 통영시 외항길 24
진촌 공중화장실,경상남도 통영시 사량면 상도일주로1580-9
읍덕마을 공중화장실,경상남도 통영시 하도일주로254
사량여객터미널,경상남도 통영시 사량면 진촌1길 9
꿈이랑도서관,경상남도 통영시 산양읍 둔전길155
사량통포무방류시스템공중화장실,경상남도 통영시 사량면 양지리49-1
도천동사무소,경상남도 통영시 평인일주로36
욕지면사무소,경상남도 통영시 욕지면 중촌길193
내지숲 공중화장실,경상남도 통영시 사량면 상도일주로487
새천년공원 공중화장실,경상남도 통영시 욕지면 동항리산95-76
신봉 공중화장실,경상남도 통영시 산양읍 산양일주로547
수우도해수욕장,경상남도 통영시 사량면 수우도길2-147
산양수월 무방류시스템,경상남도 통영시 산양읍 풍화리 1613-22
용화사광장 공중화장실,경상남도 통영시 봉평동산19-6
해동주유소,경상남도 통영시 중앙로 304
대교주유소,경상남도 통영시 남해안대로 47
신봉마을 시내버스종점,경상남도 통영시 산양읍 신전리324-12
사량논개무방류시스템공중화장실,경상남도 통영시 사량면 돈지리75-7
명정동사무소,경상남도 통영시 충렬로6
도산하양지 공중화장실,경상남도 통영시 도산면수월리198-1
평림산책로 공중화장실,경상남도 통영시 평림동 산33-7
동남지방통계청 통영사무소,경상남도 통영시 용남면 용남해안로 355
광도면 안정민원실,경상남도 통영시 광도면 벽방4길 2
동피랑갤러리,경상남도 통영시 동피랑1길6-18
죽도 공중화장실,경상남도 통영시 죽도길 81
미수지구대,경상남도 통영시 운하2길 17
봉평동사무소,경상남도 통영시 도남로 185
마동마을,경상남도 통영시 산양읍 미남리338-6
욕지 출렁다리,경상남도 통영시 욕지면 옥동로117
스포츠파크(사무동),경상남도 통영시 산양읍 산양중앙로 100
한산면사무소,경상남도 통영시 한산면 한산일주로844
이순신공원(중간),경상남도 통영시 정량동626
삼덕영동해운 공중화장실,경상남도 통영시 산양읍 원항1길3
욕지도서관,경상남도 통영시 욕지면 중촌길203
사량대항해수욕장 공중화장실,경상남도 통영시 사량면 대항길64-52
도남전통공예관 공중화장실,경상남도 통영시 도남로281
죽림산책로 공중화장실,경상남도 통영시 광도면 죽림해안로9-8
근로복지공단 통영지사,경상남도 통영시 광도면 죽림2로 49-10
욕지영동해운(불곡),경상남도 통영시 욕지면 욕지일주로79
충무도서관,경상남도 통영시 용남면 기호바깥길7-87
민양마을 종점 공중화장실,경상남도 통영시 인평동1135-9
욕지연화도 보덕암 공중화장실,경상남도 통영시 욕지면 십리골길 315
평림(해넘이쉼터),경상남도 통영시 평인일주로577
통영해양경찰서 통영파출소,경상남도 통영시 통영해안로 200
봉평동주민자치센터,경상남도 통영시 해평1길 33-10
통영국제음악당,경상남도 통영시 큰발개1길 38
광도면 죽림민원실,경상남도 통영시 광도면 죽림3로 56
수월숲 공중화장실,경상남도 통영시 도산면 도산일주로1163
욕지노적 공중화장실,경상남도 통영시 욕지면 노적길89-5
욕지덕동공중화장실,경상남도 통영시 욕지면 덕동길40-12
도남분수대 공중화장실,경상남도 통영시 도남로281(도남동)
한산소매물도 공중화장실,경상남도 통영시 한산면 소매물도길 18
통영알뜰주유소,경상남도 통영시 도산면 남해안대로 1574
국치마을 공중화장실,경상남도 통영시 국치2길66-10
창원보호관찰소 통영지소,경상남도 통영시 여황로 403-8
비진도 공중화장실,경상남도 통영시 한산면 비진도길 457
도남해수욕장 공중화장실,경상남도 통영시 산양읍 삼칭이해안길187
롯데마트,경상남도 통영시 무전대로 65
통영주유소,경상남도 통영시 안개로 22
공설운동장,경상남도 통영시 북문2길25
원문공원(말구리),경상남도 통영시 무전동757-1
통영시청 제2청사(민원용),경상남도 통영시 해미당1길33
연기마을 공중화장실,경상남도 통영시 용남면 연기길325
산양이운마을,경상남도 통영시 산양읍 영운리269-7
통영교육지원청,경상남도 통영시 광도면 죽림2로 25-32
한산대첩광장 공중화장실(지하),경상남도 통영시 통영해안로 267
김춘수유품전시관,경상남도 통영시 해평5길 142-16
당동 어선대체부두,경상남도 통영시 통영해안로20
통영시립도서관,경상남도 통영시 무전3길29
제승당 공중화장실,경상남도 통영시 한산면 한산일주로 96
풍경주유소,경상남도 통영시 도산면 남해안대로 2152
바다휴게소,경상남도 통영시 도산면 남해안대로 2125
학섬휴게소,경상남도 통영시 도산면 남해안대로 1869
내항 공중화장실,경상남도 통영시 한산면 비진도길 11
사량대항 공중화장실,경상남도 통영시 사량면 대항길47-42
이순신공원주차장,경상남도 통영시 멘데산업길141-9
사량파출소,경상남도 통영시 사량면 진촌2길 17
용남죽촌 공중화장실,경상남도 통영시 용남면 원평리18-8
사량덕동 공중화장실,경상남도 통영시 사량면 읍덕리174-2
통영체육관,경상남도 통영시 평인일주로831
우포마을 공중화장실,경상남도 통영시 평림동 813-5
영운 항포구 공중화장실,경상남도 통영시 산양읍 산양일주로 271
산등마을 공중화장실,경상남도 통영시 산등길6
도산상양지 공중화장실,경상남도 통영시 도산면수월리530-5
중앙지구대,경상남도 통영시 중앙로 170
산양읍사무소,경상남도 통영시 산양읍 산양일주로1683-25
봉암(해수욕장) 공중화장실,경상남도 통영시 봉암1길 167
연대 공중화장실,경상남도 통영시 연대길8
서호전통시장,경상남도 통영시 새터길42-6
죽림4어린이공원(무장애통합놀이터),경상남도 통영시 광도면 죽림리 1576-1
당산나무 공중화장실,경상남도 통영시 데메3길 42
여객선터미널 공중화장실,경상남도 통영시 통영해안로 234
정량천 물놀이시설,경상남도 통영시 장대4길26
미수동 어선대체부두 공중화장실,경상남도 통영시 미우지해안로 52
미수체육공원 공중화장실,경상남도 통영시 미수동601-5
통영시공설봉안당,"경상남도 통영시 장대길 144, 통영시립화장장 (정량동)"
통영케이블카(상부),경상남도 통영시 발개로 205
사량술미무방류시스템공중화장실,경상남도 통영시 사량면 돈지리32-2
국립공원관리공단 한려해상국립공원동부사무소,경상남도 통영시 도남로 117
한산호두 공중화장실,경상남도 통영시 호두1길 85
통영해양스포츠센타,경상남도 통영시 도남로269-20
수산과학관(실외),경상남도 통영시 산양읍 척포길 628-111
정량동사무소,경상남도 통영시 장좌로28
통영문화재단,"경상남도 통영시 세병로 32, 통영시향토역사관 (태평동)"
미수동사무소,경상남도 통영시 미수해안로51-1
중화마을,경상남도 통영시 산양읍 산양일주로1449
사량백학 무방류시스템,경상남도 통영시 사량면 백학길 57
통영시공설화장장,"경상남도 통영시 장대길 115, 통영시추모공원 (정량동)"
용남지도 공중화장실,경상남도 통영시 용남면 지도리662-5
남망산주차장 공중화장실,경상남도 통영시 동호동250
북포루 공중화장실,경상남도 통영시 문화동산2
봉암마을 공중화장실,경상남도 통영시 한산면 봉암1길218
능양 공중화장실(요트계류장),경상남도 통영시 능양길45
경남남부세관 통영지원센터,경상남도 통영시 통영해안로 257
스포츠파크(실외),경상남도 통영시 산양읍 산양중앙로 100
비진도서편 공중화장실,경상남도 통영시 한산면 외항길 48-7
산양송도 공중화장실,경상남도 통영시 산양읍 저림리산95-10
우도마을(해수욕장및구멍섬사이),경상남도 통영시 우도길193
내지마을 특산물판매장,경상남도 통영시 사량면 상도일주로 490
사량능양 무방류시스템,경상남도 통영시 사량면 양지리187-1
사량외지 무방류시스템,경상남도 통영시 사량면 양지리 678-5
삼도수군통제영,경상남도 통영시 세병로26
욕지흰작살해수욕장,경상남도 통영시 욕지면 욕지일주로352
달아마을 공중화장실,경상남도 통영시 산양읍 산양일주로1015
동암 공중화장실,경상남도 통영시 용남면 동달리1408-1
평림구장,경상남도 통영시 평인일주로 831
광도지구대,경상남도 통영시 광도면 죽림3로 25
서호전통시장 고객지원센터,경상남도 통영시 새터길58-9
노산다목적구장 공중화장실,경상남도 통영시 광도면 노산리912-8
중앙전통시장,경상남도 통영시 중앙시장1길 7-7
세자트라(방문자센터),경상남도 통영시 용남면 용남해안로 116
박경리기념관,경상남도 통영시 산양읍 산양중앙로173
수륙일주도로 공중화장실,경상남도 통영시 산양읍 삼칭이해안길820
미조마을 공중화장실,경상남도 통영시 산양읍 추도일주로303-21
소포마을 공중화장실,경상남도 통영시 평림동 1090
수우마을,경상남도 통영시 수우도길2-49
고용노동부 통영지청,경상남도 통영시 광도면 죽림1로 69
삼도수군통제영(세병관),경상남도 통영시 세병로27
용화사광장밑 공영주차장,경상남도 통영시 봉수로 93
통영경찰서,경상남도 통영시 광도면 죽림3로 53
통영케이블카(하부야외),경상남도 통영시 발개로 205
두미북구,경상남도 통영시 학리길44-8
산유골 수목정원,경상남도 통영시 산양읍 신전리1464-1
원문공원(기호마을),경상남도 통영시 용남면 장문리1024
구계서원,경상남도 사천시 사천읍 구암두문로 361-11
신수항1,경상남도 사천시 대구길 316 (신수동)
곤양생활체육시설 주차장,경상남도 사천시 곤양면 북문길 123
신수항2,경상남도 사천시 대구길 270 (신수동)
물빛정원,경상남도 사천시 곤명면 경서대로 3435-1
서포생활체육공원,경상남도 사천시 서포면 까치섬들로 23
사천시외버스터미널,경상남도 사천시 사천읍 옥산로  120
서금방파제,경상남도 사천시 등대길  70 (서금동)
대곡숲,경상남도 사천시 정동면 한실안길  11-13
노산공원1(서금매립지),경상남도 사천시 노산공원길  72
저도마을3,경상남도 사천시 저도길  69
우천숲 주차장앞,경상남도 사천시 사남면 사남로  584-22
남일대해수욕장,경상남도 사천시 남일대길  60-3
초전공원(게이트볼장),경상남도 사천시 사남면 외국기업로  139
노룡,경상남도 사천시 석양길  98
방지공원,경상남도 사천시 사남면 방지로  52-26
통창공원,경상남도 사천시 통창동길  32-6 (동금동)
사천소방서 신축 본서 화장실,"경상남도 사천시 용현면 용현4길 46, 사천소방서"
수양공원1(팔각정)->폐쇄,경상남도 사천시 사천읍 수양공원길  85
사천시 서부사회복지관 화장실,"경상남도 사천시 곤양면 곤북로 20, 사천시 서부사회복지관 3층"
서포시장,경상남도 사천시 서포면 자구로  473
아주주유소,경상남도 경상남도 사천시 진삼로  95 (송포동)
사천농협주유소,경상남도 경상남도 사천시 사천읍 무산로  8
삼천포종합운동장 보조축구장 입구,경상남도 사천시 주공로 32-2
서부상가(주차장),경상남도 사천시 서부시장길  88
대영채비(주) 사천주유소,경상남도 경상남도 사천시 사천대로  732 (노룡동)
서포농협주유소,경상남도 경상남도 사천시 서포면 서포로  322
신송->마을회관으로 제외,경상남도 사천시 용현면 신송1길  29
축동 만남의광장,경상남도 사천시 서삼로 1742
조명군총,경상남도 사천시 용현면 선진공원길 324
곤양시외버스터미널,경상남도 사천시 곤양면 성내로  2
사천공설게이트볼장,경상남도 사천시 사천읍 구암두문로  85-2
사천소방서 곤양119안전센터 화장실,경상남도 사천시 곤양면 곤북로  64
삼광주유소,경상남도 경상남도 사천시 서포면 서포로  214
임내등산로,경상남도 사천시 새섬바위길  265
삼천포유도체육관,경상남도 사천시 주공1길  8-24 (벌리동)
진널전망대,경상남도 사천시 신향2길  140 (향촌동)
신수도 대구동,경상남도 사천시 대구길  56
주식회사 승일배춘주유소,경상남도 경상남도 사천시 축동면 두량로  66
사천(순천)휴게소,"경상남도 사천시 곤양면 묵실길 31-11, 사천(순천)휴게소"
노랑주유소,경상남도 경상남도 사천시 서포면 서포로 438
낙지포항,경상남도 사천시 서포면 거북길  468-14
용머리주유소,경상남도 경상남도 사천시 용현면 사천대로  1121
당산마을,경상남도 사천시 동남평길  59 (봉남동)
남양동행정복지센터 화장실,"경상남도 사천시 임내안길 65, 남양동행정복지센터"
다맥어촌체험마을,경상남도 사천시 서포면 다평로  2-1
삼천포주유소,경상남도 경상남도 사천시 삼천포대교로  484 (동림동)
정동농협주유소,경상남도 경상남도 사천시 정동면 상정대로  2540-27
백운마을,경상남도 사천시 백천길  291-1 (백천동)
상촌선착장,경상남도 사천시 서포면 토끼로  219-27
용소,경상남도 사천시 사남면 사남로  286-26
늑도유류창고,경상남도 사천시 늑도길  32-14 (늑도동)
광포주차장,경상남도 사천시 해안관광로  336
항공우주테마공원(우주항공테마공원),경상남도 사천시 정동면 반룡1길  193
실안소공원,경상남도 사천시 해안관광로  182 (실안동)
수협공영주차장,경상남도 사천시 유람선길 128
동서금동행정복지센터 1층 화장실,"경상남도 사천시 신항로 25, 동서금동행정복지센터 1층 (동금동)"
창원출입국외국인사무소 사천출장소 화장실,"경상남도 사천시 삼천포대교로 450, 마산출입국 사천출장소 (선구동)"
다솔주유소,경상남도 경상남도 사천시 곤명면 봉명로  89
월등도 입구,경상남도 사천시 서포면 용궁로  22
사천국민체육센터,경상남도 사천시 용현면 대밭담로 27-21
모충공원,경상남도 사천시 해안관광로  429-13 (송포동)
청소년쉼터,경상남도 사천시 남일로  72-7
농협승강장,경상남도 사천시 사천읍 구암두문로  24
다솔사(주차장),경상남도 사천시 곤명면 다솔사길 276
능화마을입구,경상남도 사천시 사남면 능화길  39
사천(부산)휴게소,"경상남도 사천시 곤양면 서삼로 619, 사천(부산)휴게소"
삼천포시외버스터미널,경상남도 사천시 중앙로  158
연천유원지,경상남도 사천시 사남면 사남로  390-15
용현근린1공원,경상남도 사천시 용현면 용현로  61
선진거북선공원,경상남도 사천시 용현면 선진공원길 623
남포주유소,경상남도 경상남도 사천시 삼상로  415 (이금동)
대방굴항,경상남도 사천시 굴항길  82-10
수양공원2(게이트볼장),경상남도 사천시 사천읍 수양공원길  52
중앙시장(공동물류창고),경상남도 사천시 중앙시장2길  6-4
"중앙시장(구,상인회)",경상남도 사천시 중앙시장1길  12-39
향촌동행정복지센터 화장실,경상남도 사천시 향촌5길 25(향촌동) 향촌동행정복지센터
사천소방서 서포지역대 화장실,경상남도 사천시 서포면 서포로  221
사천시문화예술회관 실내 2층화장실,"경상남도 사천시 삼천포대교로 471, 사천시문화예술회관"
죽천천소공원,경상남도 사천시 사남면 죽천강길  50
동서동행정복지센터 2층 화장실,"경상남도 사천시 수남길  102, 동서동행정복지센터"
반룡공원,경상남도 사천시 정동면 진삼로  1344-15
정동면행정복지센터 화장실,"경상남도 사천시 정동면 상정대로 2540-39, 정동면행정복지센터 1층"
국내선 1층 도착장 화장실,"경상남도 사천시 사천읍 사천대로 1971, 국내선 1층 도착장 화장실"
곤양체육시설,경상남도 사천시 곤양면 북문길  123
사천시 청소년수련관 화장실,"경상남도 사천시 문선 4길 23, 사천시청소년수련관"
서포시장길,경상남도 사천시 서포면 서포로  276
비토국민여가캠핑장 주차장,경상남도 사천시 서포면 용궁로  130
삼천포대교공원 음악분수대,경상남도 사천시 사천대로  35 (대방동)
학동주유소,경상남도 경상남도 사천시 정동면 상정대로  2061
오인숲,경상남도 사천시 정동면 사천강2길  122-5
곤명농협곤양지점주유소,경상남도 경상남도 사천시 곤양면 남산로  75
대포항,경상남도 사천시 대포길  255
와룡마을,경상남도 사천시 와룡1길  6
사천읍시장,경상남도 사천시 사천읍 시장1길  16
동서동행정복지센터 1층 화장실,"경상남도 사천시 수남길  102, 동서동행정복지센터"
종포산단주차장,경상남도 사천시 용현면 종포산단로 118
효천산업개발(주) 사천주유소,경상남도 경상남도 사천시 축동면 서삼로  1468
용장군주유소,경상남도 경상남도 사천시 용현면 사천대로  936
바보주유소,경상남도 경상남도 사천시 삼천포대교로  485 (동림동)
YM21유통(주) 사천(상)주유소,경상남도 경상남도 사천시 곤양면 묵실길  31-13
축동주유소,경상남도 경상남도 사천시 축동면 서삼로  1242
곤명농협주유소,경상남도 경상남도 사천시 곤명면 경서대로  3401
사천소방서 사남119안전센터 화장실,경상남도 사천시 사남면 공단2로  53
사천소방서 곤명구급지원센터 화장실,경상남도 사천시 곤명면 원전새길  64
삼천포종합운동장,경상남도 사천시 주공로 32
삼천포도서관,"경상남도 사천시 삼천포대교로 622(좌룡동), 삼천포도서관"
다솔사,경상남도 사천시 곤명면 다솔사길  159-123
부두주차장버스승강장,경상남도 사천시 청널1길 3-1
사천시문화예술회관 실내 1층화장실,"경상남도 사천시 삼천포대교로 471, 사천시문화예술회관"
곤양쉼터,경상남도 사천시 곤양면 남산로  60
용현면행정복지센터 화장실,"경상남도 사천시 용현면 진삼로 637, 용현면행정복지센터 2층"
곤양주유소,경상남도 경상남도 사천시 곤양면 곤양로  94
(주)경남석유 삼포주유소,경상남도 경상남도 사천시 삼천포대교로  911 (송포동)
신월교(공원),경상남도 사천시 정동면 소곡길  22
무지갯빛,경상남도 사천시 용현면 사천대교로  75-63
사남농협주유소 경제사업장,경상남도 경상남도 사천시 사남면 진삼로  1107
향교산,경상남도 사천시 사천읍 동문4길  48-93
사천소방서 삼천포119안전센터 화장실,경상남도 사천시 동금로  51
인성주유소,경상남도 경상남도 사천시 삼천포대교로  632 (좌룡동)
삼천포종합운동장 (구)테니스장,경상남도 사천시 주공로  32
광신직영(사천셀프),경상남도 경상남도 사천시 사천읍 사천대로  1813
서포면행정복지센터 2층 화장실,"경상남도 사천시 서포면 자구로  465-17, 서포면행정복지센터"
삼천포종합운동장 실내수영장 앞,경상남도 사천시 주공로  32
평생학습센터 화장실,"경상남도 사천시 사천읍 무산로 21, 평생학습관"
사주체육관,경상남도 사천시 사천읍 진삼로 1279-32
군영숲,경상남도 사천시 군영숲길  61 (대방동)
대곡저수지,경상남도 사천시 정동면 대곡1길  319
초양선착장,경상남도 사천시 초양길  37
신향마을물량장,경상남도 사천시 신향1길  58
용두공원묘지->폐쇄,경상남도 사천시 배고개3길  64
임내숲,경상남도 사천시 숲안길  7-8
국내선 1층 일반대합실 화장실(2번 게이트 옆),"경상남도 사천시 사천읍 사천대로 1971, 국내선 1층 일반대합실 화장실(2번 게이트 옆)"
와룡산청룡사앞,경상남도 사천시 와룡길 351-8 (와룡동)
경서대로주유소,경상남도 경상남도 사천시 곤명면 경서대로  3643
실내수영장,경상남도 사천시 주공로 32-2
사천소방서 사천119안전센터 화장실,경상남도 사천시 사천읍 무산로  21
와룡주차장,경상남도 사천시 와룡길  288 (와룡동)
서포면행정복지센터 1층 화장실,"경상남도 사천시 서포면 자구로  465-17, 서포면행정복지센터"
아남주유소,경상남도 경상남도 사천시 삼천포대교로  736 (죽림동)
대산마을체육공원,경상남도 사천시 정동면 노천2길  253
곤양시장1,경상남도 사천시 곤양면 남산로  65
사천도매주유소,경상남도 경상남도 사천시 사천읍 사천대로  1986
선황사 등산로,경상남도 사천시 정동면 바느실길  189-82
망산공원,경상남도 사천시 선구2길  50 (선구동)
목화주유소,경상남도 경상남도 사천시 용현면 사천대로  916
팔포물량장,경상남도 사천시 팔포3길  56-35
신도 화장실,경상남도 사천시 신도둘레길 63 (늑도동)
고속주유소,경상남도 경상남도 사천시 서포면 서포로  746
성일주유소,경상남도 경상남도 사천시 사천읍 사천대로  1851
신송마을 화장실,경상남도 사천시 용현면 신송1길  29
삼일주유소,경상남도 경상남도 사천시 삼천포대교로  588 (좌룡동)
미관광장,경상남도 사천시 사남면 해안산업로  474
서부어시장(포장마차촌),경상남도 사천시 등대길  26
사천시문화예술회관 실내 장애인화장실,"경상남도 사천시 삼천포대교로 471, 사천시문화예술회관"
송포체육공원,경상남도 사천시 사천대로  509 (송포동)
신수도 바다정원 화장실,경상남도 사천시 신수서길 186-32 (신수동)
임내저수지,경상남도 사천시 새섬바위길  96 (죽림동)
향촌신향마을,경상남도 사천시 신향1길  30-28
향촌동매향관 화장실,경상남도 사천시 향촌5길 25(향촌동) 향촌동매향관
완사역,"경상남도 사천시 경서대로 3435, 완사역"
사천시문화예술회관 야외화장실,"경상남도 사천시 삼천포대교로 471, 사천시문화예술회관"
능화숲,경상남도 사천시 사남면 능화길 193-23
실안관광지(서커스장),경상남도 사천시 노을길  146 (실안동)
사천바다케이블카 야외 공중화장실,"경상남도 사천시 사천대로 18, 사천바다케이블카 야외"
남양 만남의광장,경상남도 사천시 사천대로  690 (신벽동)
마도 화장실,경상남도 사천시 마도길  17
(주)월성주유소,경상남도 경상남도 사천시 사남면 사천대로  1654
두량저수지,경상남도 사천시 사천읍 두량공원길  108
사천소방서(본서) 화장실->폐쇄,경상남도 사천시 남일로  29
팔포매립지 주차장,경상남도 사천시 목섬길  143
산분령,경상남도 사천시 노을길  235
천일주유소,경상남도 경상남도 사천시 주공로  110 (용강동)
늑도방파제,경상남도 사천시 늑도길  113
만마마을,경상남도 사천시 정동면 상정대로  2167-26
국내선 1층 일반대합실 화장실(1번 게이트 옆),"경상남도 사천시 사천읍 사천대로 1971, 국내선 1층 일반대합실 화장실(1번 게이트 옆)"
사천해양경찰서,"경상남도 사천시 용현면 시청1길 59, 사천해양경찰서"
수청숲,경상남도 사천시 정동면 수청길  112-38
사천바다케이블카 대방정류장 공중화장실,"경상남도 사천시 사천대로 18, 사천바다케이블카 대방정류장"
동강체육공원,경상남도 사천시 용현면 죽천강길  50-1
초양도 대관람차,경상남도 사천시 초양길  12-1
국내선 1층 출발대합실 화장실,"경상남도 사천시 사천읍 사천대로 1971, 국내선 1층 출발대합실 화장실"
삼천포대교공원,경상남도 사천시 사천대로  17 (대방동)
구룡마을 화장실,경상남도 사천시 사남면 사남로 854
(주)포유주유소,경상남도 경상남도 사천시 삼천포대교로 401 (선구동)
사천대교휴게소,경상남도 사천시 서포면 자구로  5
팔포항,경상남도 사천시 팔포3길  56-35
사천시 여성회관 화장실,"경상남도 경상남도 사천시 용현면 부곡3길 90, 사천시여성회관"
사천바다케이블카 각산정류장 공중화장실,"경상남도 사천시 실안길   144-174, 사천바다케이블카 각산정류장"
늑도하붓개,경상남도 사천시 늑도안길  70-19
사천바다케이블카 초양정류장 공중화장실,"경상남도 사천시 사천대로 18, 사천바다케이블카 초양정류장"
사천호국공원,경상남도 사천시 진삼로 384-10
각산등산로,경상남도 사천시 삼천포대교로  263-56 (대방동)
사천시 곤양면보건지소 화장실,"경상남도 사천시 곤양면 곤북로 20, 사천시 서부사회복지관 1층"
SK에너지(주)사천역사주유소,경상남도 경상남도 사천시 사천읍 사천대로  1846
삼천포체육관,경상남도 사천시 주공로 32-1 (용강동)
YM21유통(주) 사천(하)주유소,경상남도 경상남도 사천시 곤양면 서삼로  637
문화예술회관(주차장),경상남도 사천시 하동림1길  32
사천파출소 1층 민원실,경상남도 사천시 팔포3길 56-43 (동금동)
수양공원1(관리동),경상남도 사천시 사천읍 수양공원길 84
사천문화재단 3층 화장실,"경상남도 사천시 사천대로 17, 사천문화재단 3층"
용현면행정복지센터 화장실,"경상남도 사천시 용현면 진삼로 637, 용현면행정복지센터 3층"
청양주유소,경상남도 경상남도 사천시 남일로  128 (향촌동)
금문소공원,경상남도 사천시 용현면 석양길  500
남척주유소,경상남도 경상남도 사천시 삼천포대교로  890 (송포동)
완사시장,경상남도 사천시 곤명면 완사2길  12
삼천포보조축구장,경상남도 사천시 주공로  32-2
사천첨단항공우주과학관 화장실,"경상남도 사천시 사남면 공단1로 108, 사천항공우주과학관"
유람선선착장,경상남도 사천시 유람선길  42 (대방동)
윤창주유소,경상남도 경상남도 사천시 삼천포대교로  831 (송포동)
신수도 둘레길,경상남도 사천시 신수서길  108 (신수동)
사천읍시장주차장,경상남도 사천시 사천읍 시장2길  31
삼천포학생체육관,"경상남도 사천시 문선7길 28, 삼천포학생체육관"
사천도서관 화장실,"경상남도 사천시 사천읍 평화2길 21, 사천도서관"
축동면행정복지센터,"경상남도 사천시 축동면 서삼로 1727, 축동면행정복지센터"
(주)케이씨직영사천공항주유소,경상남도 경상남도 사천시 사천읍 사천대로  1997
선진공원 주차장,경상남도 사천시 선진공원길 673
사천교육지원청 특수교육지원센터 화장실,"경상남도 사천시 삼상로  85, 사천교육지원청"
진분계,경상남도 사천시 사남면 삼상로  830-1
선진리성,경상남도 사천시 선진안길  83-28
삼천포공설테니스장,경상남도 사천시 주공로  32
향촌주유소,경상남도 경상남도 사천시 남일로  161 (향촌동)
선구동행정복지센터 화장실,"경상남도 사천시 각산로 22, 선구동행정복지센터 1층"
사천교육지원청 화장실,"경상남도 사천시 삼상로  85, 사천교육지원청"
우천숲 관리동옆,경상남도 사천시 사남면 사남로  584-48
진주세무서 사천지서,"경상남도 사천시 용현면 용현2길 27-20, 진주세무서 사천지서"
푸른주유소,경상남도 경상남도 사천시 사남면 진삼로  1188
용현면행정복지센터 화장실,"경상남도 사천시 용현면 진삼로 637, 용현면행정복지센터 1층"
부자주유소,경상남도 경상남도 사천시 삼천포대교로  930 (송포동)
실안선착장,경상남도 사천시 노을길  101
팔포매립지 주차장(장애인),경상남도 사천시 목섬길 141 (서금동)
(주)한주에너지,경상남도 경상남도 사천시 사천읍 진삼로  1293
항공우주테마공원2(BEST)(우주항공테마공원),경상남도 사천시 정동면 반룡1길  142-19
신향마을 입구,경상남도 사천시 신항만1길  169 (향촌동)
사천신흥주유소,경상남도 경상남도 사천시 용현면 진삼로  585
사천체육관,경상남도 사천시 사천읍 운동장길 7
통양사랑테마공원,경상남도 사천시 용현면 신촌길  58
장신소공원,경상남도 사천시 곤명면 장신2길 1
축동면 스포츠타운,경상남도 사천시 축동면 사다길  63
흥사마을 화장실,경상남도 사천시 곤양면 흥신로 139
동백제3주유소,경상남도 경상남도 사천시 각산로  114 (대방동)
(주)하나주유소,경상남도 경상남도 사천시 삼천포대교로  692 (죽림동)
남일대축구장,경상남도 사천시 남일대길  53-13 (향촌동)
태양주유소,경상남도 경상남도 사천시 사천대로  706 (노룡동)
사천문화재단 2층 화장실,"경상남도 사천시 사천대로 17, 사천문화재단 2층"
사천시 종합사회복지관 화장실,"경상남도 사천시 벌리6길 102, 사천시 종합사회복지관"
사천종합운동장,경상남도 사천시 사천읍 구암두문로 85
하봉선착장,경상남도 사천시 서포면 용궁항길  11
초양도주차장,경상남도 사천시 삼천포대교로  112 (늑도동)
선구동행정복지센터 화장실,"경상남도 사천시 각산로 22, 선구동행정복지센터 2층"
청널공원[(전)동서공원],경상남도 사천시 서리1길  10-5
종합시장,경상남도 사천시 새시장길  19
합동주유소,경상남도 경상남도 사천시 삼상로  8 (동금동)
초전공원님처럼,경상남도 사천시 사남면 외국기업로  107
사천시근로자종합복지관 화장실,"경상남도 사천시 사남면 공단1로 8, 사천시근로자종합복지관"
사천소방서 119구조대 화장실,경상남도 사천시 진삼로  212
용두공원,경상남도 사천시 와룡길  38 (용강동)
동서동행정복지센터 3층 화장실,"경상남도 사천시 수남길  102, 동서동행정복지센터"
스카이셀프주유소,경상남도 경상남도 사천시 사천읍 사천대로  1797
곤명생태학습장,경상남도 사천시 곤명면 흥신로 844
하남주유소,경상남도 경상남도 사천시 삼상로  279 (봉남동)
용현농협주유소,경상남도 경상남도 사천시 용현면 진삼로  640
송정주유소,경상남도 김해시 진례면 서부로 645
진례테크노밸리,경상남도 김해시 진례면 테크노밸리1로 63-32
만땅주유소,경상남도 김해시 한림면 김해대로 1300
김해가야테마파크 공예체험장화장실,경상남도 김해시 가야테마길 161 (어방동)
선천들공원,경상남도 김해시 주촌면 천곡로15번길 34
대동주유소,경상남도 김해시 대동면 대동로 645
테크노밸리주유소,경상남도 김해시 진례면 고모로 534
시청 구지관 화장실(서관),경상남도 김해시 김해대로 2401 (부원동)
보건소  화장실,경상남도 김해시 분성로 227 (외동)
(주)성우디오씨 빙그레주유소,경상남도 김해시 한림면 김해대로 926
생림도요생태공원,경상남도 김해시 생림면 도요리 5
(주)안하주유소,경상남도 김해시 한림면 안하로 75
삼정공원,경상남도 김해시 활천로36번길 28-13 (삼정동)
매정공원,경상남도 김해시 삼계로 45 (삼계동)
시민체육공원(야구장)화장실,경상남도 김해시 삼계로 132-1 (삼계동)
신어시민체육관,경상남도 김해시 분성로579번길 73 (어방동)
조만강생태체육공원 이동식화장실,경상남도 김해시 이동 52-1
김해기적의도서관 지상1층 화장실1,경상남도 김해시 율하1로 55 (율하동)
레일바이크공원강변,경상남도 김해시 생림면 금곡로 606
칠암도서관 화장실,경상남도 김해시 활천로285번길 14 (삼방동)
메가마트 김해점,경상남도 김해시 김해대로2492번길 20(삼정동)
활천동행정복지센터청사 화장실,경상남도 김해시 인제로11번길 51 (삼정동)
동양주유소,"경상남도 김해시 생림대로 166 (삼계동,외1필지)"
함박공원,경상남도 김해시 함박로 21 (외동)
관광예술원,경상남도 김해시 안양로255번안길 6-12
능동공원,경상남도 김해시 대청로210번길21
달개비공원,경상남도 김해시 삼계동1439-3
장유마을공원,경상남도 김해시 율하6로34
공주공원,경상남도 김해시 내외로95번길 4 (내동)
장유중앙광장,경상남도 김해시 번화1로68번길 22 (대청동)
청학프라자,경상남도 김해시 장유로301번길 3
김해가야테마파크 어드벤처내화장실,경상남도 김해시 가야테마길 161 (어방동)
김해문화의전당 예술동 화장실,경상남도 김해시 김해대로 2060 (내동)
국립김해박물관 옥외 야외화장실,경상남도 김해시 가야의길 190 (구산동)
나들목주유소,경상남도 김해시 주촌면 소망길 149
선학공원,경상남도 김해시 내동 1109-1
장척계곡(계곡내) 공중화장실,경상남도 김해시 상동면 장척로 534
신천주유소,경상남도 김해시 한림면 김해대로 1419
대진주유소,경상남도 김해시 진영읍 테크노밸리길 3
한림면행정복지센터 화장실,경상남도 김해시 한림면 한림로 369
김해시 생활문화 평생학습관 1층,경상남도 김해시 금관대로 910번지 52
클레이아크김해 미술관 체험관 화장실,경상남도 김해시 진례면 분청로 25
봉황역,경상남도 김해시 김해대로 2249
명문주유소,경상남도 김해시 금관대로 936 (풍유동)
전원주유소,경상남도 김해시 생림면 인제로 714
구도일주유소 김해,경상남도 김해시 김해대로 2329 (부원동)
수인공원,경상남도 김해시 평전로 163 (내동)
(주)성윤이앤지 엠케이주유소,경상남도 김해시 금관대로 745 (내덕동)
진영공원,경상남도 김해시 진영읍 진영산복로72번길 20-30
수남공원,경상남도 김해시 율하2로153번길 3
대청계곡 대청자연 공중화장실,경상남도 김해시 대청동 산69-11
부경에너지(주) 알뜰제2충전소,경상남도 김해시 생림대로 162 (삼계동)
한글박물관,경상남도 김해시 분성로 221
진영셀프주유소,경상남도 김해시 진영읍 김해대로 68
대로주유소,경상남도 김해시 진영읍 서부로 340
봉명공원,경상남도 김해시 함박로 88 (외동)
청소년수련관 화장실,경상남도 김해시 진영읍 김해대로 257
불암동체육관 화장실,경상남도 김해시 삼안로 36-19 (지내동)
(주)신화이엔엘주유소,경상남도 김해시 진례면 고모로 350
(주)가온,경상남도 김해시 금관대로 994 (풍유동)
대성동고분박물관 기획전시관 화장실,경상남도 김해시 가야의길 127 (대성동)
롯데마트 장유점,경상남도 김해시 번화1로56번길 15(대청동)
김해어방LPG충전소,경상남도 김해시 분성로 555 (어방동)
소방공원,경상남도 김해시 인제로11번길 30 (삼정동)
클레이아크김해 미술관 큐빅하우스 화장실,경상남도 김해시 진례면 분청로 25
클레이아크김해 미술관 돔하우스,경상남도 김해시 진례면 분청로 25
선지공원,경상남도 김해시 주촌면 선지로 70
퍼시픽에너지(주) 서부주유소,경상남도 김해시 전하로 171 (흥동)
김해진영우체국,경상남도 김해시 진영읍 여래로20번길21
홀인원주유소,경상남도 김해시 생림면 인제로 621
주촌면행정복지센터 화장실,경상남도 김해시 주촌면 서부로1638번길 12
김해운동장화장실2(좌측),경상남도 김해시 가야로 245-3 (구산동)
활천공원,경상남도 김해시 활천로16번길 36 (삼정동)
시민체육공원 테니스장 (이동식화장실),경상남도 김해시 금관대로 1138
생림 무척산(주차장) 공중화장실,경상남도 김해시 생림면 마사로 36-68
대중주유소,경상남도 김해시 대동면 대동로 302-3
반석주유소,경상남도 김해시 금관대로 1140 (외동)
신어산 산림욕장 화장실,경상남도 김해시 신어산길 140 (삼방동)
청천주유소,경상남도 김해시 진례면 서부로 520
달무리수변공원B,경상남도 김해시 상동면 동북로 1296
동상동 전통시장 장터 화장실,경상남도 김해시 구지로180번길 36
부광주유소,경상남도 김해시 삼안로52번길 28 (지내동)
오일컴퍼니,경상남도 김해시 인제로 132 (어방동)
한솔유화(주) 동김해IC주유소,경상남도 김해시 인제로 23 (어방동)
새로운주유소,경상남도 김해시 생림면 생림대로 862
클레이아크김해 미술관 연수관 화장실,경상남도 김해시 진례면 분청로 25
금강병원,경상남도 김해시 가락로 20
우리동네주유소,경상남도 김해시 주촌면 서부로 1329
대창들공원,경상남도 김해시 진영읍 본산로 48
율하체육공원 공중화장실(율하관동유적체육공원),경상남도 김해시 율하2로 258 (관동동)
어방체육공원 화장실,경상남도 김해시 활천로 195-23
국제주유소,경상남도 김해시 김해대로 1888 (삼계동)
문화체육관화장실,경상남도 김해시 가야의길 98-19 (봉황동)
(주)행복한식품 펭귄주유소,경상남도 김해시 김해대로 2757 (불암동)
매리생태공원(야구장공원),경상남도 김해시 상동면 매리 57
평화주유소,경상남도 김해시 가야로 500 (동상동)
정자나무공원,경상남도 김해시 계동로23번길 20 (관동동)
김해분청도자박물관 화장실(장애인),경상남도 김해시 진례면 분청로 17
김해천문대 강의동화장실,경상남도 김해시 가야테마길 254 (어방동)
현대주유소,경상남도 김해시 한림면 한림로 131
개미공원,경상남도 김해시 번화2로28번길 14 (삼문동)
김해농협주유소,경상남도 김해시 김해대로 2476 (삼정동)
정석주유소,경상남도 김해시 관동로 168 (관동동)
거북공원,경상남도 김해시 내외로77번길 17 (내동)
성조암,경상남도 김해시 활천로 121-49 (삼정동)
진례농협주유소,경상남도 김해시 진례면 서부로 558
주촌복지관 화장실,경상남도 김해시 주촌면 서부로1637번길 15
착한셀프주유소,경상남도 김해시 장유로 117 (부곡동)
칠산서부동행정복지센터 화장실,경상남도 김해시 전하로99
화포천습지생태 박물관 주차장 공중화장실,경상남도 김해시 한림면 한림로 183-296
굿모닝빌딩,경상남도 김해시 분성로 444
김해대동우체국,경상남도 김해시 대동면 대동로 615
시민체육공원(게이트볼경기장)화장실,경상남도 김해시 가야로 245 (구산동)
(주)에스엔디유통,"경상남도 김해시 진영읍 우동리 352 번지외 6필지(352-1, 353-5, 345-3, 424-1, 425, 428-4)"
롯데마트 김해점,경상남도 김해시 김해대로 2330(부원동)
부원역,경상남도 김해시 김해대로 2350
신어천문화공원,경상남도 김해시 삼방동 1436
영구암 공중화장실,경상남도 김해시 신어산길 170 (삼방동)
하키경기장옥외화장실,경상남도 김해시 신어산길 44 (삼방동)
보배주유소,경상남도 김해시 반룡로 66 (대청동)
다누리주유소 (주)해광에너지,경상남도 김해시 호계로 326 (부원동)
홈플러스 김해점,경상남도 김해시 김해대로 2078(내동)
MVG주유소,경상남도 김해시 금관대로 1279 (내동)
태영가스충전소,경상남도 김해시 진영읍 서부로 18
삼방시장상인회,경상남도 김해시 삼안로255번안길 6-12
숲속 마사터널아지트 복합문화공간,경상남도 김해시 생림면 금곡로 382
김해문화의전당 스포츠동 화장실,경상남도 김해시 김해대로 2060 (내동)
김해진례우체국,경상남도 김해시 진례면 송현로 11
동창원IC충전소,경상남도 김해시 진영읍 김해대로 133
북부동 생태숲공원(생태숲생태체험관),경상남도 김해시 삼계로 146
장유전통시장 공중화장실,경상남도 김해시 장유로 287-22 (무계동)
김해제일주유소,경상남도 김해시 분성로 440 (삼정동)
연지공원(북),경상남도 김해시 내동 118-2
김해목재문화박물관,경상남도 김해시 관동로27번길 5-49
농업인회관 화장실,경상남도 김해시 가야로 432
초선대 공중화장실,경상남도 김해시 김해대로2596번길 20 (안동)
대청 체육시설(희망공원) 공중화장실,경상남도 김해시 대청동 산63-2 초소
진영시외버스터미널 화장실,경상남도 김해시 진영읍 진영로 217-9
경남프라자,경상남도 김해시 내외중앙로 57
장유사 공중화장실,경상남도 김해시 대청동 산68-2
김해문화의전당 야외 화장실,경상남도 김해시 김해대로 2060 (내동)
럭키LPG충전소,경상남도 김해시 금관대로 1047 (풍유동)
대양석유(주)서김해주유소,경상남도 김해시 금관대로 892 (풍유동)
인제대학교박물관,경상남도 김해시 인제로 197
율하2지구주유소,경상남도 김해시 율하로 515 (장유동)
동원주유소,경상남도 김해시 상동면 상동로 578
불암체육공원,경상남도 김해시 식만로 389-7
연지공원역,경상남도 김해시 해반천로 5
대성주유소,경상남도 김해시 주촌면 골든루트로66번길 101
해반천 공중화장실A,경상남도 김해시 전하동 60-4
분성산 삼계근린공원(하),경상남도 김해시 삼계로 142 (삼계동)
시청 구보건소 화장실,경상남도 김해시 김해대로 2401 (부원동)
가야대역,경상남도 김해시 해반천로 211
삼성프라자,경상남도 김해시 내외중앙로 62
율하체육관 화장실,경상남도 김해시 율하2로 258 (관동동)
충혼탑 공중화장실,경상남도 김해시 신어산길 56 (삼방동)
설창주유소,경상남도 김해시 진영읍 김해대로 793
흥일주유소,경상남도 김해시 칠산로 457 (흥동)
대박주유소,경상남도 김해시 생림면 생림대로 865
김해우체국,경상남도 김해시 전하로 176번길 83
대현주유소,경상남도 김해시 한림면 장방로 92
삼성공원,"경상남도 김해시 인제로39번길 48-13 (삼정동, 송학빌라)"
박물관역,경상남도 김해시 김해대로 2103
대청주유소,경상남도 김해시 금관대로 328 (대청동)
관동고분공원,경상남도 김해시 대청로 22 (관동동)
"김해터미널쇼핑센터(이마트,신세계백화점)",경상남도 김해시 김해대로 2232(외동)
경운공원,경상남도 김해시 평전로57번길 7 (외동)
테크노타운  화장실,경상남도 김해시 주촌면 골든루트로 80-59
율하천공원,경상남도 김해시 율하1로 49 (율하동)
도요보건진료소 지상1층 화장실,경상남도 김해시 생림면 안양로274번길 338
(주)삼문주유소,경상남도 김해시 진례면 고모로 599 (외 1필지)
금관가야 휴게소 하행선,경상남도 김해시 대동면 동남로 400
김해LPG,경상남도 김해시 김해대로 2625 (안동)
(주)제때 직영 스마일주유소(김해점),경상남도 김해시 한림면 김해대로 1045
롯데프리미엄아울렛,경상남도 김해시 장유로 469(신문동)
진영단감시장 공중화장실,경상남도 김해시 진영읍 진영로 180-10
부성셀프주유소,경상남도 김해시 삼안로 6 (지내동)
안동체육공원 화장실2,경상남도 김해시 삼안로112번길 20-61 (안동)
김해시서부청소년센터 화장실,"경상남도 김해시 월산로 116, 김해시서부청소년센터 (부곡동)"
장척계곡(주차장) 공중화장실,경상남도 김해시 상동면 장척로 535
김해체육관 화장실,경상남도 김해시 가야로 245 (구산동)
인공폭포(동림선원) 공중화장실,경상남도 김해시 대청동 796-1
세은주유소,경상남도 김해시 김해대로 2724 (지내동)
(주)가온에너지 힘대로주유소,경상남도 김해시 김해대로 1924 (구산동)
중앙주유소,경상남도 김해시 대동면 대동로 264
진영가스충전소,경상남도 김해시 진영읍 진산대로 108
시민체육공원(사격장)화장실,경상남도 김해시 가야로 245 (구산동)
예진주유소,경상남도 김해시 인제로 145 (어방동)
한림배수장 공중화장실,경상남도 김해시 한림면 한림로638번길 226
화현생태공원,경상남도 김해시 상동면 감노리 116-1
김해상동우체국,경상남도 김해시 상동면 상동로 557
동산주유소,경상남도 김해시 생림면 생림대로 503
세기상사(주) 빵집주유소,경상남도 김해시 율하로 443 (장유동)
생림딴섬생태공원(드론연습장),경상남도 김해시 생림면 금곡로 461-102
금관가야 휴게소 상행선,경상남도 김해시 대동면 동남로 400
장신대역,경상남도 김해시 해반천로 129
지에스칼텍스(주) 남해주유소,경상남도 김해시 금관대로 1079 (풍유동)
국립김해박물관 화장실,경상남도 김해시 가야의길 190 (구산동)
김해운동장화장실3(우측),경상남도 김해시 가야로 245 (구산동)
(주)우보주유소,경상남도 김해시 진영읍 김해대로 606
김해추모의공원 화장동 화장실,경상남도 김해시 주촌면 서부로1637번길 574
김해여객터미널,경상남도 김해시 김해대로 2232 (외동)
에이치디현대오일뱅크(주) 직영 김해대로셀프주유소,경상남도 김해시 삼계중앙로 10 (삼계동)
봉하마을 묘역화장실,경상남도 김해시 진영읍 본산리 24-2
보은주유소,경상남도 김해시 김해대로 2541 (어방동)
참셀프주유소,경상남도 김해시 가락로 323 (구산동)
봉하마을(주차장) 공중화장실,경상남도 김해시 진영읍 봉하로 115
불모산주유소,경상남도 김해시 금관대로 187 (대청동)
김해복음병원,경상남도 김해시 활천로 33
장유2동행정복지센터 화장실,경상남도 김해시 능동로 43 (삼문동)
수남주유소,경상남도 김해시 수가로 160 (장유동)
진례유성주유소,경상남도 김해시 진례면 서부로 401
무지개셀프주유소,경상남도 김해시 호계로 282 (부원동)
무지개공원1,경상남도 김해시 주촌면 주선로 117
임호체육공원 화장실,경상남도 김해시 금관대로 1136
동상주유소,경상남도 김해시 가야로 501 (동상동)
칠산충전소,경상남도 김해시 금관대로 916 (풍유동)
해반천 공중화장실B,경상남도 김해시 전하동 1230-5
두바이주유소,경상남도 김해시 진례면 서부로 914
네오푸드앤조이,경상남도 김해시 월산로 162 (부곡동)
장유고속버스환승정류장,경상남도 김해시 금관대로 587(무계동)
생림 나룻터 공중화장실,경상남도 김해시 생림면 생림대로 1410
장유도서관 화장실,경상남도 김해시 대청로176번길 7 (대청동)
동상동 전통시장  칼국수 화장실,경상남도 김해시 구지로180번길 25 (동상동)
(주)산본주유소,경상남도 김해시 진례면 고모로 109 (외 1필지)
대청계곡 입구 공중화장실(휴게소옆),경상남도 김해시 대청동 531-1
대청(계동)공원,경상남도 김해시 번화1로59
김해주촌우체국,경상남도 김해시 주촌면 서부로 1638번길 4
(주)경일진영지점 세경주유소,경상남도 김해시 진영읍 김해대로 118
주촌주유소 주식회사,경상남도 김해시 주촌면 서부로 1419
김해농협 서김해주유소,경상남도 김해시 금관대로 1013 (풍유동)
김해운동장 옥외화장실1,경상남도 김해시 가야로 245-3 (구산동)
무척산(시민의숲) 공중화장실,경상남도 김해시 생림면 안양로46번길 61
부국주유소,경상남도 김해시 진영읍 김해대로 701
김해시청역,경상남도 김해시 김해대로 2408
코스트코홀세일 김해점,경상남도 김해시 주촌면 선천남로 16
다인산업(주) 장유주유소,경상남도 김해시 장유로 581 (응달동)
(주)에스엔디유통(진영-기장),경상남도 김해시 진영읍 하계로96번길 68
지내역,경상남도 김해시 김해대로 2718
광동페트로(주) 다인주유소,경상남도 김해시 호계로 281 (부원동)
생림면행정복지센터 화장실,경상남도 김해시 생림면 봉림로 40
부원공원,경상남도 김해시 가락로 8-23 (부원동)
화인공원,경상남도 김해시 김해대로2453번길 18 (삼정동)
대밭골(천하장사) 공중화장실,경상남도 김해시 대청동 산112-15
술미주유소,경상남도 김해시 한림면 한림로 686
지에스칼텍스(주) 명품주유소,경상남도 김해시 호계로 272 (부원동)
지에스칼텍스(주) 율하신도시주유소,경상남도 김해시 율하로 293 (율하동)
경양주유소,경상남도 김해시 진영읍 김해대로 587
김해한림우체국,경상남도 김해시 한림면 한림로370
화포천 생태체험장 화장실,경상남도 김해시 한림면 한림로 332
구산럭키LPG충전소,경상남도 김해시 가야로 353 (구산동)
축협마트가야,경상남도 김해시 가야로 175
장유(서부산방향)휴게소,경상남도 김해시 장유로 116번길 44-82
하키경기장(중앙)화장실,경상남도 김해시 신어산길 44 (삼방동)
해동이국민체육센터 화장실,경상남도 김해시 삼계로 136
김해금관가야휴게소주유소(창원방향),경상남도 김해시 대동면 동남로 400
김해대학역,경상남도 김해시 김해대로 2641
김해종합운동장 주차빌딩,"경상남도 김해시 가야로 243, 주차빌딩 (구산동)"
무지개공원2,경상남도 김해시 주촌면 주선로 117
소바우공원,경상남도 김해시 우암로 124 (내동)
대동생태체육공원 화장실3(주차장),경상남도 김해시 대동면 동남로 234-1
율하유적전시관 화장실,경상남도 김해시 율하1로 63
영원주유소,경상남도 김해시 호계로 459 (부원동)
김해천문대 옥외(야외)화장실,경상남도 김해시 가야테마길 254 (어방동)
내외동행정복지센터 지상1층 화장실,경상남도 김해시 내외로 67 (내동)
한림정주유소,경상남도 김해시 한림면 한림로 226
구암충전소,경상남도 김해시 진영읍 본산로 60
풀무원식품(주)장유(부산방향)충전소,경상남도 김해시 장유로116번길 44-82 (부곡동)
조만강생태체육공원 이동식화장실2,경상남도 김해시 칠산로210번길 128-245(이동)
대동보건지소 지상1층 화장실,경상남도 김해시 대동면 동남로41번길 25-32
신어천 공중화장실,경상남도 김해시 어방동 111-1
알뜰성원주유소,경상남도 김해시 진영읍 김해대로 134
(주)가온,경상남도 김해시 금관대로 994  (풍유동)
연지공원 평전,경상남도 김해시 내동 1068
고향주유소,경상남도 김해시 상동면 동북로473번길 241
김해시 수도박물관,경상남도 김해시 김해대로 1347
상동보건지소 지상1층 화장실,경상남도 김해시 상동면 상동로556번길 7-1
토박이주유소,경상남도 김해시 대동면 대동로 126
나경타운,경상남도 김해시 김해대로 361번길16
무척산주유소,경상남도 김해시 생림면 생림대로 1010
화생주유소,경상남도 김해시 장유로 367 (신문동)
대청계곡 희망공원 공중화장실,경상남도 김해시 대청동 산63-2 초소
김해서부문화센터 부속동 화장실,경상남도 김해시 율하2로 210
대동생태체육공원 화장실2(야구장앞),경상남도 김해시 대동면 동남로 234-1
아이스퀘어몰,경상남도 김해시 김해대로 2342(부원동)
김해시구산사회복지관 화장실,경상남도 김해시 가락로 222 (구산동)
해안주유소,경상남도 김해시 금관대로 820-15 (명법동)
김해구산동우체국,경상남도 김해시 구산로39번길 33
이원 김해LPG충전소,경상남도 김해시 김해대로2567번길 38-14 (어방동)
김해추모의공원 제2봉안당 화장실,경상남도 김해시 주촌면 서부로1637번길 574
우리주유소,경상남도 김해시 삼안로66번길 5 (안동)
동부건강생활지원센터 화장실,경상남도 김해시 분성로727번길 8-35 (지내동)
시청 본관 화장실,경상남도 김해시 김해대로 2401 (부원동)
효천주유소,경상남도 김해시 생림면 생림대로 1037
본산공원,경상남도 김해시 진영읍 장등1로 68
삼계두곡근린공원,경상남도 김해시 삼계동 1557
동상동주민자치센터 화장실,경상남도 김해시 분성로335번길 34 (동상동)
대경주유소,경상남도 김해시 상동면 상동로 449
부원동행정복지센터 화장실,경상남도 김해시 김해대로2371번길 24-16 (부원동)
김해관동우체국,경상남도 김해시 계동로 23
청운주유소,경상남도 김해시 계동로 172 (대청동)
어방녹지대,경상남도 김해시 분성로541번길 25 (어방동)
장유체육공원 인라인스케이트장 화장실,경상남도 김해시 대청로 345
수로왕릉 공중화장실(서편),경상남도 김해시 왕릉길 26(서상동)
시민체육공원 시민축구장화장실,경상남도 김해시 삼계로 132-2(삼계동)
용전숲 공중화장실,경상남도 김해시 진례면 서부로860번길 41
나비공원,경상남도 김해시 분성로 209 (외동)
대동선착장 공중화장실,경상남도 김해시 대동면 동남로 64
신한프라자,경상남도 김해시 내외중앙로 60
장유3동행정복지센터 화장실,경상남도 김해시 관동로 25 (관동동)
김해장유우체국,경상남도 김해시 장유로273
천진암 공중화장실,경상남도 김해시 신어산길 169 (삼방동)
비즈니스센터 화장실,경상남도 김해시 주촌면 골든루트로 80-16
수리공원,경상남도 김해시 해반천로144번길 17-20 (삼계동)
김해시서부노인종합복지관 화장실,경상남도 김해시 덕정로 115 (관동동)
영광주유소,경상남도 김해시 김해대로 1705 (삼계동)
모산공원,경상남도 김해시 율하4로 12 (장유동)
화영삼방셀프주유소,경상남도 김해시 삼안로 151 (삼방동)
주촌건강생활지원센터 화장실,경상남도 김해시 주촌면 주선로 29-1
OK주유소,경상남도 김해시 금관대로 920 (풍유동)
수로왕릉 공중화장실(정문),경상남도 김해시 왕릉길 26(서상동)
가야셀프주유소,경상남도 김해시 해반천로 268 (삼계동)
김해운동장 야외화장실,"경상남도 김해시 가야로 245-3, 김해운동장 공중화장실 (구산동)"
김해활천동우체국,경상남도 김해시 인제로39번길 44
용담주유소,경상남도 김해시 진영읍 서부로38번길 6
김해추모의공원 제1봉안당 화장실,경상남도 김해시 주촌면 서부로1637번길 574
출광주유소,경상남도 김해시 금관대로 1152 (외동)
내룡주유소,경상남도 김해시 진영읍 서부로 60
클레이아크김해 미술관 교육관 화장실,경상남도 김해시 진례면 분청로 25
시청 제2청사 화장실,경상남도 김해시 김해대로 2402 (부원동)
진영한빛도서관 화장실,경상남도 김해시 진영읍 김해대로 440
김해삼계동우체국,경상남도 김해시 해반천로 168번길6
깨어있는시민 문화체험전시관 화장실,경상남도 김해시 진영읍 봉하로 132
율천공원,경상남도 김해시 율하2로 71 (율하동)
풀무원식품㈜ 장유(부산)주유소,경상남도 김해시 장유로116번길 44-82 (부곡동)
축협마트서상점,경상남도 김해시 분성로308번길 18
봉황동 유적 공중화장실(사무실),경상남도 김해시 가락로63번길 51(봉황동)
김해셀프주유소충전소,경상남도 김해시 주촌면 서부로 1608
클레이아크김해 미술관 수장고 화장실,경상남도 김해시 진례면 분청로 25
굿모닝주유소,경상남도 김해시 내외중앙로 99 (내동)
비케이주유소,경상남도 김해시 상동면 상동로 707
용덕주유소,경상남도 김해시 한림면 용덕로 236
스타주유소,경상남도 김해시 가야로 409 (대성동)
김해가야테마파크 익스트림앞화장실,경상남도 김해시 가야테마길 161 (어방동)
경남주유소,경상남도 김해시 금관대로 578 (무계동)
진영스포츠센터 화장실,경상남도 김해시 진영읍 진영대로 253(진영스포츠센터)
신어주유소,경상남도 김해시 분성로 569 (어방동)
감노강변공원,경상남도 김해시 상동면 감노리 264-72
시청 사업소동 화장실(북관),경상남도 김해시 김해대로 2401 (부원동)
(주)이손에너지 동남주유소,경상남도 김해시 생림면 생림대로 693
(주)에스엘선린 유림주유소,경상남도 김해시 진영읍 서부로 127
한림시산 파크골프장(시호술미),경상남도 김해시 한림면 장방로335번길 26-146
해반공원,경상남도 김해시 내외중앙로102번길 26 (내동)
금성에너지,경상남도 김해시 진례면 서부로 672
인제대역,경상남도 김해시 김해대로 2515
영남화훼원예농협주유소,경상남도 김해시 분성로 465 (삼정동)
부성주유소,경상남도 김해시 상동면 상동로 799
광신석유(주) 김해대로주유소,경상남도 김해시 김해대로 1816 (삼계동)
부경에너지(주) 황제주유소,경상남도 김해시 진영읍 김해대로 684
김해기적의도서관 지상1층 화장실2,경상남도 김해시 율하1로 55 (율하동)
수릉원(북),경상남도 김해시 가락로125번길 53 (대성동)
김해삼안동우체국,경상남도 김해시 삼안로 77번길 17
수릉원(남),경상남도 김해시 분성로261번길 35 (봉황동)
김해서부문화센터 공연동 화장실,경상남도 김해시 율하2로 210
김해시동부노인종합복지관 화장실,경상남도 김해시 신어산길 46 (삼방동)
낙동강레일파크2(매표소밑) 공중화장실,경상남도 김해시 생림면 마사로 473번길 41
한림보건지소 지상1층 화장실,경상남도 김해시 한림면 한림로401번길 6-20
대양석유(주) 고속주유소,경상남도 김해시 진영읍 서부로 386
한림술뫼파크골프장(이동식),경상남도 김해시 한림면 한림로 738
차주유소,경상남도 김해시 장유로 71 (부곡동)
김해삼성병원,경상남도 김해시 김해대로 2335
반룡산공원,경상남도 김해시 관동로27번길 5-47
김해삼방동우체국,경상남도 김해시 삼안로291번길57
공단공원,경상남도 김해시 인제로11번길 11 (어방동)
(주)경인석유 고속도로 진영(상)충전소,경상남도 김해시 진영읍 하계로96번길 44-49
수로왕릉 공중화장실(동편),경상남도 김해시 왕릉길 26(서상동)
덕정공원,경상남도 김해시 덕정로 115 (관동동)
임호공원,경상남도 김해시 분성로134번길 40
진영레일파크(상)(역사),경상남도 김해시 진영읍 진영로109번길 28-14
성림주유소,경상남도 김해시 인제로 29 (어방동)
국민주유소,경상남도 김해시 생림면 나전로 320
고모로주유소,경상남도 김해시 진례면 고모로 82
진례5일시장 공중화장실,경상남도 김해시 진례면 송현로 6-1
팔각공원,경상남도 김해시 김해대로2415번길 11 (부원동)
바위공원,경상남도 김해시 내덕로56번길 15 (내덕동)
이동셀프주유소,경상남도 김해시 칠산로 223 (이동)
내트럭(주)김해사업소,경상남도 김해시 진영읍 김해대로 243
시민체육공원(테니스장)화장실,경상남도 김해시 가야로 245 (구산동)
김해가야테마파크 교역관화장실,경상남도 김해시 가야테마길 161 (어방동)
분성산생태숲삼계근린공원(상),경상남도 김해시 삼계로 144 (삼계동)
김해생림우체국,경상남도 김해시 생림면 마사로 91
김해금관가야휴게소주유소(기장방향),경상남도 김해시 대동면 동남로 400
금병공원(게이트볼장앞),경상남도 김해시 진영읍 하계로 407
내삼주유소,경상남도 김해시 주촌면 서부로1499번안길 1
행운주유소,경상남도 김해시 상동면 상동로 295
관동가스충전소,경상남도 김해시 덕정로 3 (관동동)
(주)가온에너지 힘쎈주유소,경상남도 김해시 장유로 378 (신문동)
불암동행정복지센터 화장실,경상남도 김해시 식만로 388 (불암동)
대청계곡 구름다리 공중화장실,경상남도 김해시 대청동 산63-2 초소
SY삼계Self주유소,경상남도 김해시 한림면 김해대로 1604
분성체육공원 본부석 화장실,경상남도 김해시 가야로405번길 73-32
생림면 복지회관 화장실,경상남도 김해시 생림면 봉림로 34-10
젤미공원,경상남도 김해시 번화2로 72 (삼문동)
삼부주유소,경상남도 김해시 상동면 상동로 509
수로왕릉역,경상남도 김해시 김해대로 2181
출렁다리(대청육교) 공중화장실,경상남도 김해시 대청동 산112-87
삼방공원,경상남도 김해시 삼안로255번길 23-1 (삼방동)
김해삼문우체국,경상남도 김해시 능동로 35
동상동 전통시장 다어울림광장 화장실,경상남도 김해시 동상동 871-8
㈜소모 장유셀프주유소,경상남도 김해시 덕정로 103 (관동동)
조만강산책로 화장실,경상남도 김해시 신문동 2-2
진영읍행정복지센터 지상1층 화장실,경상남도 김해시 진영읍 여래로20번길 11
불암역,경상남도 김해시 김해대로 2787
진례역,경상남도 김해시 진례면 테크노밸리길 94
진영문화체육센터 화장실,경상남도 김해시 김해대로 263 (문화체육센터)
금병공원(우측),경상남도 김해시 진영읍 여래리 849
디에이치에너지(주),경상남도 김해시 김해대로 2651 (안동)
시민체육공원(인라인경기장)화장실,경상남도 김해시 삼계로 132-2 (삼계동)
한림통일동산쉼터(명동가로변),경상남도 김해시 김해대로 1101
하키경기장(주차장)화장실,경상남도 김해시 신어산길 44 (삼방동)
농업기술센터 화장실,경상남도 김해시 전하로198번길 102 (전하동)
화정글샘도서관 화장실,경상남도 김해시 삼계중앙로13번길 19 (삼계동)
달무리수변공원A,경상남도 김해시 상동면 감노리 701
김해가야테마파크 정문화장실,경상남도 김해시 가야테마길 161 (어방동)
클레이아크김해 미술관 야외 화장실,경상남도 김해시 진례면 분청로 25
초원주유소,경상남도 김해시 진영읍 진산대로 96 (외 4필지)
회현동행정복지센터 지상1층 화장실,경상남도 김해시 가락로63번길 33 (봉황동)
동상동행정복지센터 화장실,경상남도 김해시 호계로517번길 8 (동상동)
장척계곡(생수공장) 공중화장실,경상남도 김해시 상동면 장척로 534
화정생활문화센터 어울림 1층 화장실,경상남도 김해시 삼계중앙로13번길 1
현성주유소,경상남도 김해시 김해대로 2648 (안동)
화포천습지생태 박물관2층 공중화장실,경상남도 김해시 한림면 한림로183-300
내동공원,경상남도 김해시 내동 170-4
문화의거리 공중화장실,경상남도 김해시 가야의길 190 (구산동)
장등공원(바람),경상남도 김해시 진영읍 진영리 1282
솔마루공원,경상남도 김해시 율하5로77
범환아파트상가,경상남도 김해시 분성로302번길 7-1
명일주유소,경상남도 김해시 진례면 고모로 255
봉하마을 진영생태문화공원,경상남도 김해시 진영읍 봉하로 144
평지못 공중화장실,경상남도 김해시 진례면 평지길 239
진영(부산방향)휴게소,경상남도 김해시 진영읍 하계로96번길 94-4
북부동행정복지센터 화장실,경상남도 김해시 해반천로 160 (삼계동)
대청천 화장실,경상남도 김해시 신문동 460-3
진영읍보건지소 화장실,경상남도 김해시 진영읍 김해대로365번길 6-24
SK에너지 나전Self주유소,경상남도 김해시 생림면 나전로 81
대윤에너지 가야탑주유소,경상남도 김해시 가야로 524 (동상동)
동방석유(주) 직영 부영주유소,경상남도 김해시 진영읍 진산대로 187
삼계LPG충전소,경상남도 김해시 한림면 김해대로 1604
장유도서관 공연장 화장실,경상남도 김해시 대청로176번길 7 (대청동)
비앤지(주),경상남도 김해시 한림면 김해대로 1565
반곡정(신안계곡) 공중화장실,경상남도 김해시 관동동 산119 반곡정 공중화장실
로드주유소,경상남도 김해시 부곡로 63 (부곡동)
메디컬실용화센터 화장실,경상남도 김해시 주촌면 소망길 88
주동공원,경상남도 김해시 주촌면 선지리 1458
동상동 전통시장 유공정 화장실,경상남도 김해시 분성로335번길 22-7
대동면행정복지센터 화장실,경상남도 김해시 대동면 대동로 610
서어지공원,경상남도 김해시 진영읍 김해대로365번길 6-26
장애인파크골프장 화장실,경상남도 김해시 칠산로210번길 128-76인근
유신공원,경상남도 김해시 분성로442번길 9 (삼정동)
명동주유소,경상남도 김해시 한림면 김해대로 1165
단비공원,경상남도 김해시 능동로 96 (삼문동)
화정공원,경상남도 김해시 삼계중앙로13번길 17 (삼계동)
김해천문대 관측동화장실,경상남도 김해시 가야테마길 254 (어방동)
김해종합운동장 업무시설,"경상남도 김해시 가야로 243, 김해종합운동장 (구산동)"
비에스에너지(주) 덕암IC주유소,경상남도 김해시 주촌면 서부로1637번길 316 (외 3필지)
회현동행정복지센터 지상2층 화장실,경상남도 김해시 가락로63번길 33 (봉황동)
김해율하우체국,경상남도 김해시 율하1로 73
대동생태체육공원 호장실5(여가녹지),경상남도 김해시 대동면 동남로 234-1
대성동고분박물관 상설전시관 화장실,경상남도 김해시 가야의길 126
(주)나부코푸르지오주유소,경상남도 김해시 김해대로 1711 (삼계동)
김해가야테마파크 공연장화장실,경상남도 김해시 가야테마길 161 (어방동)
롯데주유소,경상남도 김해시 가야로 469 (동상동)
진영레일파크(하)(역사),경상남도 김해시 진영읍 진영로 145-2
단감주유소,경상남도 김해시 진영읍 진산대로 243
가마실공원,경상남도 김해시 월산로 111-82 (부곡동)
진영역,경상남도 김해시 진영읍 김해대로 809
진영하모니숲 화장실,경상남도 김해시 진영읍 여래리 898-1
김해외동우체국,경상남도 김해시 함박로31
덕교어린이공원,경상남도 김해시 주촌면 천곡리 1597
대동생태체육공원 화장실 1,경상남도 김해시 대동면 동남로 234-1
김해시여성센터 화장실,경상남도 김해시 신어산길 48 (삼방동)
"시민체육공원 (테니스장 12,13코트)화장실","경상남도 김해시 삼계로 132, 김해시민체육공원 (삼계동)"
김해분청도자박물관 화장실(1층),경상남도 김해시 진례면 분청로 17
(주)표주주유소,경상남도 김해시 상동면 동북로437번길 58-77
(주)지오에너지 세명주유소,경상남도 김해시 진영읍 서부로 307
일루소(산까치) 공중화장실,경상남도 김해시 대청동 산109-3
진례면보건지소,"경상남도 김해시 진례면 담안로 50, 진례면 보건지소"
서김해IC충전소 화장실,경상남도 김해시 골든루트로66번길 143 (풍유동)
주식회사 부영엘피지허브(Hub),경상남도 김해시 유하로 131 (유하동)
활천 꽃무릇 숲길 화장실,"경상남도 김해시 분성로541번길 25, 어방녹지대 공중화장실 (어방동)"
송진주유소,경상남도 김해시 한림면 김해대로 1567
한림술뫼파크골프장(광장2),경상남도 김해시 한림면 한림로 738
신대진주유소,경상남도 김해시 진례면 서부로 858
한림술뫼파크골프장(광장1),경상남도 김해시 한림면 한림로 738
(주)선천 직영 선천Self주유소,경상남도 김해시 주촌면 서부로 1532
김해가야테마파크 어드벤처앞화장실,경상남도 김해시 가야테마길 161 (어방동)
본산주유소,경상남도 김해시 진영읍 본산로 112
금봉교차로 졸음쉼터 공중화장실,경상남도 김해시 진영읍 본산리 1532-6
봉림주유소,경상남도 김해시 생림면 생림대로 740
대동IC주유소,경상남도 김해시 대동면 대동로 714
주촌수변공원,경상남도 김해시 주촌면 서부로1541번길 7
장유농업협동조합주유소,경상남도 김해시 장유로 415 (신문동)
장유다누림센터,"경상남도 김해시 부곡로 57, 김해시장유출장소 (부곡동)"
상동면행정복지센터 화장실,경상남도 김해시 상동면 상동로 554
봉황대 유적 공중화장실(주차장),경상남도 김해시 분성로 264-12(봉황동)
구주공공원,경상남도 김해시 가락로 218 (구산동)
김해연지우체국,경상남도 김해시 내외중앙로 120
SK대영주유소,경상남도 김해시 전하로 229 (흥동)
분성체육공원 옥외화장실,경상남도 김해시 가야로405번길 73-32
광신석유(주) 금관대로주유소,경상남도 김해시 금관대로 995 (풍유동)
진례면행정복지센터 화장실,경상남도 김해시 진례면 진례로 241
태양셀프주유소,경상남도 김해시 전하로 222 (전하동)
남산공원,경상남도 김해시 분성로396번길 55(부원동)
삼안동행정복지센터  화장실,경상남도 김해시 활천로255번길 12 (삼방동)
시민체육공원 암벽장 화장실,"경상남도 김해시 삼계로 132, 김해시민체육공원 (삼계동)"
해은사,경상남도 김해시 어방동 966
진영(순천방향)휴게소,경상남도 김해시 진영읍 하계로96번길 68
다인산업(주)장유충전소,경상남도 김해시 응달동 282-1 외 1필지
김해가야테마파크 가야관화장실,경상남도 김해시 가야테마길 161 (어방동)
지에스칼텍스(주) 신장유주유소,경상남도 김해시 반룡로 76 (삼문동)
시청 행복민원청사 화장실(동관),경상남도 김해시 김해대로 2401 (부원동)
대감주유소,경상남도 김해시 대동면 대동로 934
힘찬주유소,"경상남도 김해시 김해대로 2773 (불암동,외 2필지)"
생림공원,경상남도 김해시 생림면 봉림리 631-1
김해시서부장애인종합복지관,경상남도 김해시 대청로176번길 30 (대청동)
지내동쉼터(지내동소공원),경상남도 김해시 분성로727번길 8-33 (지내동)
상동농협주유소,경상남도 김해시 상동면 동북로 481
대한주유소,경상남도 김해시 진영읍 서부로 371
김해부원동우체국,경상남도 김해시 가락로 58
장유1동행정복지센터 화장실,경상남도 김해시 금관대로 579 (무계동)
서부보건소 화장실,경상남도 김해시 능동로 149 (부곡동)
수변공원(1),경상남도 김해시 계동로 162 (대청동)
김해천문대 전시동화장실,경상남도 김해시 가야테마길 254 (어방동)
장유스포츠센터 화장실,경상남도 김해시 번화2로 72
장유출장소 지상1층 화장실,경상남도 김해시 월산로 162 (부곡동)
봉황대 유적 공중화장실(봉황초등쪽),경상남도 김해시 가야의길 46(봉황동)
낙동강레일파크1(매표소앞) 공중화장실,경상남도 김해시 생림면 마사로 473번길 41
클레이아크김해 미술관 매점 화장실,경상남도 김해시 진례면 분청로 25
한림정역,경상남도 김해시 한림면 한림로398번길 10
신리공원,경상남도 김해시 율하2로 209(율하동)
율하주유소,경상남도 김해시 관동로 5 (관동동)
경남유성주유소,경상남도 김해시 진영읍 본산로 219
김해한옥체험관 공중화장실,경상남도 김해시 왕릉길 40 (봉황동)
시청 주차동 화장실,경상남도 김해시 김해대로 2401 (부원동)
SK가스서김해LPG충전소,경상남도 김해시 금관대로 1112 (외동)
(주)에스엔디유통(진영-부산),경상남도 김해시 진영읍 하계로96번길 68
MS에너지(주),경상남도 김해시 한림면 한림로 1027
대동생태체육공원 화장실4(잔디광장),경상남도 김해시 대동면 동남로 234-1
김해시노인종합복지관 화장실,경상남도 김해시 김해대로1902번길 12 (구산동)
주호공원,경상남도 김해시 진영읍 장등1로31번길 21
불암양장골,경상남도 김해시 김해대로2761번길84(불암동)
김해가야테마파크 왕궁화장실,경상남도 김해시 가야테마길 161 (어방동)
김해셀프주유소,경상남도 김해시 주촌면 서부로 1598
동부스포츠센터 화장실,경상남도 김해시 신어산길 44 (삼방동)
장유체육공원 다목적구장 화장실,경상남도 김해시 대청로 343
김해운동장화장실1(중앙),경상남도 김해시 가야로 245-3 (구산동)
해반천 공중화장실,경상남도 김해시 해반천로 61(구산동)
보성주유소,경상남도 김해시 진영읍 진영로 48
흥부공원,경상남도 김해시 함박로 116 (외동)
김해민속박물관,경상남도 김해시분성로261번길 35(봉황동)
골든루트주유소,경상남도 김해시 주촌면 골든루트로 191
한림술뫼생태공원2(안쪽이동식),경상남도 김해시 한림면 한림로702번길 33
태경주유소,경상남도 김해시 진영읍 서부로 211
흥동스마트주유소,경상남도 김해시 전하로 223 (흥동)
(주)거명주유소,경상남도 김해시 가야로 222 (구산동)
동양가스산업(주) 알뜰서김해IC충전소,경상남도 김해시 금관대로 991  (풍유동)
한림주유소,경상남도 김해시 한림면 한림로 425
신백양주유소,경상남도 김해시 장유로 53 (부곡동)
지에스칼텍스(주) 이마트 김해점,경상남도 김해시 김해대로 2232 (외동)
김해시장애인종합복지관,경상남도 김해시 삼계로 140 (삼계동)
(주)경인석유 고속도로 진영(상)주유소,경상남도 김해시 진영읍 하계로96번길 44-49
한솔유화(주) 김해점 한길주유소,경상남도 김해시 분성로 647 (안동)
수변공원(2)아래수변공원,경상남도 김해시 번화1로20번길 6 (대청동)
안동체육공원 화장실1,경상남도 김해시 삼안로112번길 20-33 (안동)
의생명센터 화장실,경상남도 김해시 주촌면 소망길 88
수로왕비릉 공중화장실,경상남도 김해시 가락로190번길 1(구산동)
진영공설운동장 화장실,경상남도 김해시 김해대로 257 (진영공설운동장)
안동체육공원 화장실3,경상남도 김해시 삼안로112번길 20-97 (안동)
광희빌딩,경상남도 김해시 번화1로67번길 12
한림 체력증진센터 화장실,경상남도 김해시 한림면 한림로442번길 29
동창원IC주유소,경상남도 김해시 진영읍 김해대로 139
김해서부문화센터 야외 화장실,경상남도 김해시 율하2로 210
청강주유소,경상남도 김해시 진례면 고모로 311
김해한림박물관,경상남도 김해시 한림면 김해대로 1029-20
"화목맑은물순환센터 1층
(기후변화홍보체험관) 화장실",경상남도 김해시 화목로 334
대윤주유소,경상남도 김해시 진영읍 서부로 166
생림보건지소 지상1층 화장실,경상남도 김해시 생림면 봉림로 40
자이언츠주유소,경상남도 김해시 칠산로 213 (이동)
봉하마을(안내소) 공중화장실,경상남도 김해시 진영읍 봉하로 114
김해종합관광안내소,경상남도 김해시 구지로 95 (대성동)
연지공원(동),경상남도 김해시 내동 1068
상신에너지(주) 생림공단주유소,경상남도 김해시 생림면 생림대로 560
진영중구소공원,경상남도 김해시 진영읍 진영산복로 89
시청 의회 화장실,경상남도 김해시 김해대로 2401 (부원동)
거제시청소년수련관,"경상남도 거제시 계룡로 175, 거제시청소년수련관 (고현동)"
옥포청소년문화의집,"경상남도 거제시 옥포대첩로 84-1, 청소년문화의집 (옥포동)"
거제반다비체육센터,경상남도 거제시 계룡로 149 (고현동)
거제해양레포츠센터,"경상남도 거제시 일운면 지세포해안로 43, 거제요트학교"
장승포우체국 1층,"경상남도 거제시 장승포로 59, 장승포우체국 (장승포동)"
일운체육공원 야외,경상남도 거제시 일운면 지세포리 산 61-5
거제파출소 1층,"경상남도 거제시 거제면 거제남서로 3431, 거제경찰서거제치안센터"
거제파출소 1층(장애인용),"경상남도 거제시 거제면 거제남서로 3431, 거제경찰서거제치안센터"
신현지구대 1층,경상남도 거제시 고현천로 135 (고현동)
아주지구대 1층,"경상남도 거제시 아주로 47, 아주지구대 (아주동)"
통영해양경찰서 장승포파출소,"경상남도 거제시 장승포로 56-14, 통영해양경찰서 장승포파출소 (장승포동)"
옥포대첩기념관 1층,"경상남도 거제시 팔랑포2길 87, 옥포대첩기념공원 (옥포동)"
옥포대첩기념공원 하부,"경상남도 거제시 팔랑포2길 87, 옥포대첩기념공원 (옥포동)"
칠천량해전공원,"경상남도 거제시 하청면 칠천로 265-39, 칠천량해전공원"
일운체육공원,경상남도 거제시 일운면 지세포리 산 61-5
추모의집,"경상남도 거제시 사등면 지석로 219-38, 거제시추모의집"
고현청소년문화의집,경상남도 거제시 중곡로 46 (고현동)
거제우체국 안내실,"경상남도 거제시 거제중앙로17길 19, 거제우체국 (고현동)"
거제시어린이교통공원,경상남도 거제시 거제면 서정1길 97-40
거제경찰서 별관2동 1층,"경상남도 거제시 진목1길 2, 거제경찰서 (옥포동)"
둔덕치안센터 1층,"경상남도 거제시 둔덕면 하둔길 61, 거제경찰서둔덕치안센터"
일운치안센터 1층,"경상남도 거제시 일운면 지세포로 107, 일운치안센터"
동부파출소 1층,"경상남도 거제시 동부면 거제남서로 3118, 거제경찰서동부치안센터"
남부치안센터 1층,"경상남도 거제시 남부면 다대7길 37-1, 남부파출소"
장평지구대 1층,"경상남도 거제시 장평1로 154, 거제경찰서장평지구대 (장평동)"
사등치안센터 1층,"경상남도 거제시 사등면 성포로 164, 거제경찰서사등치안센터"
대교치안센터 1층,경상남도 거제시 사등면 거제대로 6232
연초파출소 1층,"경상남도 거제시 연초면 거제대로 4275, 연초치안센터"
하청치안센터 1층,"경상남도 거제시 하청면 하청로 40, 거제경찰서북부지구대"
옥포대첩기념공원 상부,"경상남도 거제시 팔랑포2길 87, 옥포대첩기념공원 (옥포동)"
거제자연휴양림,"경상남도 거제시 동부면 거제중앙로 325, 거제자연휴양림"
스포츠파크 주 경기장,"경상남도 거제시 거제면 거제남서로 3485-17, 거제국민체육센터"
스포츠파크 풋살장,"경상남도 거제시 거제면 거제남서로 3485-17, 거제국민체육센터"
거제경찰서 본관 1층,"경상남도 거제시 진목1길 2, 거제경찰서 (옥포동)"
옥포지구대 1층,"경상남도 거제시 옥포로22길 21, 거제경찰서옥포지구대 (옥포동)"
통영해양경찰서 고현파출소 1층,"경상남도 거제시 고현항7길 22, 고현파출소 (고현동)"
통영해양경찰서 거제남부파출소,"경상남도 거제시 남부면 대포길 69-23, 통영해양경찰서 거제남부파출소"
통영세무서 거제지서 1층,"경상남도 거제시 계룡로11길 9, 통영세무서거제지서 (고현동)"
거제포로수용소 대형주차장,"경상남도 거제시 계룡로 61, 거제포로수용소유적공원 (고현동)"
어촌민속전시관 1층,"경상남도 거제시 일운면 지세포해안로 41, 어촌민속전시관"
조선해양전시관 1층,"경상남도 거제시 일운면 지세포해안로 25, 거제조선해양문화관"
거제시체육관,"경상남도 거제시 계룡로11길 35, 거제시체육관 (고현동)"
거제경찰서 교통민원관 1층,"경상남도 거제시 진목1길 2, 거제경찰서 (옥포동)"
거제경찰서 별관1동 1층,"경상남도 거제시 진목1길 2, 거제경찰서 (옥포동)"
장승포지구대 1층,"경상남도 거제시 장승로 109, 장승포지구대 (장승포동)"
수협효시공원 야외 장애인 화장실,경상남도 거제시 사등면 가조서로 7
국민체육센터,"경상남도 거제시 거제면 거제남서로 3485-17, 거제국민체육센터"
스포츠파크 테니스장,"경상남도 거제시 거제면 거제남서로 3485-17, 거제국민체육센터"
진두물양장,경상남도 거제시 사등면 가조로2길 57-13
군령포마을,경상남도 거제시 사등면 가조로6길 97
실전항,경상남도 거제시 사등면 가조로 1281-44
실전마을,경상남도 거제시 사등면 가조로 1259-3
사등관광안내소,"경상남도 거제시 사등면 거제대로 6175, 거제관광안내소"
신촌정류장,경상남도 거제시 사등면 거제남서로 5341
광리물양장,경상남도 거제시 사등면 덕호해안길 108
화도선착장,경상남도 거제시 둔덕면 술역리 916-7
가배항2,경상남도 거제시 동부면 가배리 693-10
가배항,경상남도 거제시 동부면 가배리 644-5
아주체육공원,경상남도 거제시 아주동 산 62
근포항,경상남도 거제시 남부면 저구리 489-18
홍포주차장,경상남도 거제시 남부면 거제남서로 774
다포물양장,경상남도 거제시 남부면 다포리 199-9
공곶이해변,경상남도 거제시 일운면 공곶이숲길 91
내도마을,경상남도 거제시 일운면 내도길 3-4
하청면 칠천출장소 1층,"경상남도 거제시 하청면 칠천로 296, 하청면칠천출장소"
아주동주민센터 1층,"경상남도 거제시 탑곡로 73, 아주동주민센터 (아주동)"
장목면사무소 1층,"경상남도 거제시 장목면 장동1길 46-1, 장목면사무소"
상문동주민센터 1층,경상남도 거제시 거제중앙로 1641 (상동동)
신교항,경상남도 거제시 사등면 가조로 1129
계도항,경상남도 거제시 사등면 창호리 1070-24
창촌항,경상남도 거제시 사등면 창호리 1363-3
신전물양장2,경상남도 거제시 사등면 가조서로 161-1
신전물양장1,경상남도 거제시 사등면 가조서로 125-2
창외마을물양장,경상남도 거제시 사등면 창호리 2089-6
성포주차장,경상남도 거제시 사등면 성포로 132
사등운동장,경상남도 거제시 사등면 지석리 890-1
사등면사무소 1층,"경상남도 거제시 사등면 성포로 104, 사등면사무소"
둔덕면사무소 1층,"경상남도 거제시 둔덕면 거제남서로 4620, 둔덕면사무소"
장평동주민센터 1층,"경상남도 거제시 장평3로 10, 장평동주민센터 (장평동)"
어구마을,경상남도 거제시 둔덕면 법동어구로 510
호곡물양장,경상남도 거제시 둔덕면 호곡길 11
술역물양장,경상남도 거제시 둔덕면 술역리 789-7
학산물양장,경상남도 거제시 둔덕면 학산3길 78
어구물양장,경상남도 거제시 둔덕면 법동어구로 565-5
내평항,경상남도 거제시 둔덕면 술역리 750-15
아사마을,경상남도 거제시 둔덕면 아사2길 38
둔덕기성 주차장,경상남도 거제시 둔덕면 거림리 산 93-3
거제면사무소 주차장,"경상남도 거제시 거제면 서상길 1, 거제면사무소"
거제전통시장,"경상남도 거제시 거제면 읍내로2길 28, 거제종합시장"
소나무동산,경상남도 거제시 거제면 기성로 66
계룡산등산로(거제면),경상남도 거제시 거제면 동상3길 33
죽림물양장,경상남도 거제시 거제면 죽림1길 126
늘푸른공원,경상남도 거제시 거제면 서정리 984-8
거제옥산숲,경상남도 거제시 거제면 외간옥산1길 138-14
외간체육공원,경상남도 거제시 거제면 외간리 산 31
내간항 물양장,경상남도 거제시 거제면 거제남서로 3799-20
소랑항 물양장,경상남도 거제시 거제면 소랑2길 63
산후마을,경상남도 거제시 거제면 법동리 11-10
고당선착장,경상남도 거제시 거제면 거제남서로 4285-4
문재인대통령 생가,경상남도 거제시 거제면 동상명진길 123
죽림항,경상남도 거제시 거제면 오수리 1084-6
거제항,경상남도 거제시 거제면 서정리 773-15
아지랑물양장2,경상남도 거제시 거제면 아지랑이길 29
아지랑물양장1,경상남도 거제시 거제면 아지랑이길 14-8
문화광장,경상남도 거제시 동부면 거제남서로 3103
사곡항(사곡모래실),경상남도 거제시 사등면 모래실길 101
사곡해수욕장,경상남도 거제시 사등면 모래실길 19
거제능포동우체국 1층,"경상남도 거제시 능포로 141, 거제능포동우체국 (능포동)"
거제장평동우체국 1층,"경상남도 거제시 장평로 52, 거제장평동우체국 (장평동)"
거제옥포동우체국 1층,"경상남도 거제시 옥포로10길 12, 거제옥포동우체국 (옥포동)"
거제동상우체국 1층,"경상남도 거제시 거제면 읍내로2길 18, 거제동상우체국"
거제일운우체국 1층,"경상남도 거제시 일운면 지세포로 104, 거제일운우체국"
거제사등우체국 1층,"경상남도 거제시 사등면 성포로 144, 거제사등우체국"
거제동부우체국 1층,"경상남도 거제시 동부면 동부로 18, 거제동부우체국"
라온체육공원,경상남도 거제시 고현항로 82 (고현동)
고현종합시장 공영주차장,경상남도 거제시 거제중앙로17길 6 (고현동)
거제시청 별관1동 1층,"경상남도 거제시 계룡로 125, 거제시청 (고현동)"
옥포1동주민센터 1층,"경상남도 거제시 옥포대첩로4길 34, 옥포1동주민센터 (옥포동)"
남부면사무소 1층,"경상남도 거제시 남부면 남부해안로 30, 남부면사무소"
수양동주민센터 1층,경상남도 거제시 제산로5길 26 (양정동)
장승포동주민센터 1층,"경상남도 거제시 장승로 146-25, 장승포동주민센터 (장승포동)"
연초면사무소 1층,"경상남도 거제시 연초면 죽토로 11, 연초면사무소"
다대물양장,경상남도 거제시 남부면 다대5길 60-1
바람의언덕,경상남도 거제시 남부면 도장포1길 76
여차해수욕장,"경상남도 거제시 남부면 여차길 22-1, 화장실"
거제면사무소 1층,"경상남도 거제시 거제면 서상길 1, 거제면사무소"
해금강주차장,경상남도 거제시 남부면 해금강3길 12
지심도1,경상남도 거제시 일운면 옥림리 35-1
동부면사무소 1층,"경상남도 거제시 동부면 동부로 16, 동부면사무소"
고현동주민센터 1층,"경상남도 거제시 계룡로11길 21, 고현동주민센터 (고현동)"
거제면주민자치센터 1층,"경상남도 거제시 거제면 동상3길 26, 거제면주민자치센터"
옥포도서관 1층,"경상남도 거제시 진목로 20, 거제시립옥포도서관 (옥포동)"
계룡산등산로(절),경상남도 거제시 계룡로7길 27 (고현동)
계룡산휴게소인근,경상남도 거제시 장평동 산 90
양지암 조각공원,경상남도 거제시 능포로 194 (능포동)
능포바다낚시터,경상남도 거제시 능포로16길 55 (능포동)
계룡산편백숲입구,경상남도 거제시 장평동 산 209
마전게이트볼장,경상남도 거제시 마전9길 11 (장승포동)
대포항,경상남도 거제시 남부면 대포길 69-6
다포물양장2,경상남도 거제시 남부면 다포3길 57
계룡산임도삼거리(입구),경상남도 거제시 상동동 산 68-8
자연예술랜드,경상남도 거제시 동부면 동부로 212
구조라위판장,경상남도 거제시 일운면 구조라로 59
거제시청 본관 1층,"경상남도 거제시 계룡로 125, 거제시청 (고현동)"
능포동주민센터 1층,"경상남도 거제시 능포로 182, 능포동주민센터 (능포동)"
하청면사무소 1층,"경상남도 거제시 하청면 하청로 12-7, 하청면사무소"
장승포마을회관,"경상남도 거제시 장승포해안로 9, 장승포동마을회관 (장승포동)"
구조라범선,"경상남도 거제시 일운면 구조라로 21, 내도도선대기실"
장승포항(지심도 도선),경상남도 거제시 장승포로 56-20 (장승포동)
구조라항 공원,경상남도 거제시 일운면 구조라로 15-2
들막항,경상남도 거제시 사등면 청포1길 103
지심도3,경상남도 거제시 일운면 지심도길 56-12
덕포해수욕장,경상남도 거제시 덕포5길 32-4 (덕포동)
일운면사무소 1층,"경상남도 거제시 일운면 지세포4길 7, 일운면사무소"
거제시청 별관2동 1층,"경상남도 거제시 계룡로 125, 거제시청 (고현동)"
거제시청 별관3동 1층,"경상남도 거제시 계룡로 125, 거제시청 (고현동)"
덕원해수욕장,경상남도 거제시 동부면 덕원길 87
아주천,경상남도 거제시 거제대로 3528 (아주동)
옥포항(조라),경상남도 거제시 옥포로2길 55 (옥포동)
옥포중앙시장,"경상남도 거제시 옥포로 215, 중앙시장 (옥포동)"
영월선착장(영북항),경상남도 거제시 동부면 오송리 438-16
영월항,경상남도 거제시 동부면 거제남서로 2501
홍포마을,경상남도 거제시 남부면 저구리 산 90-440
가조창촌큰물물양장,경상남도 거제시 사등면 가조로7길 25-20
다댐마을회관 옆,경상남도 거제시 남부면 거제대로 161
실리마을,경상남도 거제시 거제면 법동리 84-11
옥포중앙공원,경상남도 거제시 옥포대첩로 128 (옥포동)
남부면주민자치센터 1층,"경상남도 거제시 남부면 남부해안로 30, 남부면사무소"
옥포2동주민센터 1층,"경상남도 거제시 옥포로25길 20, 옥포2동주민센터 (옥포동)"
옥포2동주민자칫센터 1층,경상남도 거제시 옥포로25길 16 (옥포동)
청마시비공원,경상남도 거제시 둔덕면 하둔길 3
녹산항(녹산선착장),경상남도 거제시 둔덕면 녹산1길 71
산전마을,경상남도 거제시 거제면 산달길 701-1
법동물양장,"경상남도 거제시 거제면 법동어구로 121-18, 경은수산"
산촌소공원,경상남도 거제시 동부면 산촌리 230-1
성포마을노을전망,경상남도 거제시 사등면 성포리 321-3
유교항,경상남도 거제시 사등면 가조로 1199-1
신교해변,경상남도 거제시 사등면 가조로 1064
가조창촌마을2,경상남도 거제시 사등면 창호리 1292-1
청포마을,경상남도 거제시 사등면 청포2길 86
대계마을,경상남도 거제시 장목면 옥포대첩로 735
유호항,경상남도 거제시 장목면 유호리 449-17
대금물양장,경상남도 거제시 장목면 대금리 328-10
거가대교전망대,경상남도 거제시 장목면 거제북로 2327
연초체육공원,경상남도 거제시 연초면 연사리 산 65
송진포항,경상남도 거제시 장목면 송진포리 678-5
관포IC입구,경상남도 거제시 장목면 관포리 산 13-1
서목해수욕장,경상남도 거제시 장목면 외포리 474-3
덕곡물양장,경상남도 거제시 하청면 덕곡3길 37
연구물양장1,경상남도 거제시 하청면 칠천로 593-11
황포항,경상남도 거제시 장목면 구영리 1094
명상주차장,경상남도 거제시 연초면 명동리 97-1
외포항2,경상남도 거제시 장목면 외포리 57-1
농소항,경상남도 거제시 장목면 임호2길 2-27
두모해변,경상남도 거제시 장목면 관포리 132-97
하청야구장,경상남도 거제시 하청면 연하해안로 1604
궁농항,경상남도 거제시 장목면 거제북로 2633-16
분수공원,경상남도 거제시 고현동 888-3
장평포로수용소,경상남도 거제시 장평로 9 (장평동)
고현항,경상남도 거제시 고현동 1105
쌈지공원,경상남도 거제시 장평2로4길 20 (장평동)
계룡산유아숲체험원,경상남도 거제시 장평동 산 100
나잠어업인 쉼터,경상남도 거제시 능포로 252 (능포동)
능포체육공원,경상남도 거제시 능포동 80-1
양지암 조각공원 주차장(장미공원),경상남도 거제시 능포동 산 45-42
장승포체육공원,경상남도 거제시 장승포동 산 1-6
치유의숲,경상남도 거제시 삼거동 산 151-1
옥화마을,경상남도 거제시 일운면 옥림길 120
옥림 유아숲체험원,"경상남도 거제시 마전1길 91, 거제대학 (장승포동)"
옥림해안,경상남도 거제시 일운면 옥림리 363-1
신부시장,경상남도 거제시 장승포로 48 (장승포동)
장승포차 부속 화장실,경상남도 거제시 장승로 146-12 (장승포동)
마전산림공원,경상남도 거제시 마전7길 19-1 (장승포동)
마전삼밭공원,경상남도 거제시 장승포동 산 73-14
능포어촌계 종합상가,"경상남도 거제시 능포로 251, 능포어촌계종합상가 (능포동)"
계룡산임도1(거제공고 위),경상남도 거제시 장평동 산 21-1
계룡산임도2(약수터 앞),경상남도 거제시 고현동 산 83-23
능포항 수변공원,경상남도 거제시 능포로15길 32 (능포동)
일운 게이트볼장,"경상남도 거제시 일운면 지세포해안로 15-10, 일운면전천후게이트볼"
와현해수욕장(중),"경상남도 거제시 일운면 와현해변길 15, 와현종합상황실"
예구마을 주민공동광장,경상남도 거제시 일운면 와현리 255
와현해수욕장(동),경상남도 거제시 일운면 와현해변길 1
선창물양장,경상남도 거제시 일운면 지세포해안로 215
선창마을 방파제,경상남도 거제시 일운면 지세포해안로 258-2
예구항,경상남도 거제시 일운면 와현로 250
와현해수욕장(서),경상남도 거제시 일운면 와현해변길 38
구조라방파제,경상남도 거제시 일운면 구조라로 88
구조라해안로,경상남도 거제시 일운면 구조라리 309-3
조선해양문화관,경상남도 거제시 일운면 지세포해안로 41
지세포항공원,경상남도 거제시 일운면 지세포해안로 15-44
망치해수욕장,경상남도 거제시 일운면 망치3길 14
구조라해수욕장(입구),경상남도 거제시 일운면 거제대로 2056
구조라해수욕장(중앙),경상남도 거제시 일운면 거제대로 2056
양화마을,경상남도 거제시 일운면 망치리 744-14
수산항,경상남도 거제시 동부면 거제대로 1080-14
쌍근마을,경상남도 거제시 남부면 남부해안로 1029-7
율포물양장,경상남도 거제시 동부면 거제남서로 2005-10
명사해수욕장 주차장,경상남도 거제시 남부면 명사길 18
쌍근항,경상남도 거제시 남부면 남부해안로 1088
저구망산등산로,경상남도 거제시 남부면 저구리 1
명사해수욕장,경상남도 거제시 남부면 명사해수욕장길 30
근포땅굴,경상남도 거제시 남부면 근포3길 42-14
거제시청 본관 증축동 1층,"경상남도 거제시 계룡로 125, 거제시청 (고현동)"
지심도2,경상남도 거제시 일운면 옥림리 4-1
견내량항,경상남도 거제시 사등면 견내량1길 33-5
광리항,경상남도 거제시 사등면 덕호해안길 102
동호선착장,"경상남도 거제시 동부면 거제남서로 2731, 동호마을공동구판장"
함박활목항,경상남도 거제시 동부면 함박금길 46-7
쪽박금물양장,경상남도 거제시 동부면 함박금길 351-2
함박본마을,경상남도 거제시 동부면 함박금길 223-35
덕원물양장,경상남도 거제시 동부면 덕원길 66-18
옥포국제시장,경상남도 거제시 옥포로19길 12-1 (옥포동)
아주게이트볼장,경상남도 거제시 아주동 290-13
옥포친수공간,경상남도 거제시 옥포로2길 14 (옥포동)
진목정,"경상남도 거제시 옥포로 296-8, 시립테니스장 (옥포동)"
주작골주차장,경상남도 거제시 수양1길 168 (수월동)
고현근린공원,경상남도 거제시 장평동 산 16-14
아주해오름공원(아주제3어린이공원),경상남도 거제시 아주동 1672
충혼탑,경상남도 거제시 계룡로13길 67 (고현동)
문동 어린이공원,경상남도 거제시 문동1길 57 (문동동)
고가도로 밑,경상남도 거제시 문동2길 64 (문동동)
용산쉼터,경상남도 거제시 거제중앙로 1644 (상동동)
웰빙공원,경상남도 거제시 고현천로 181 (상동동)
고현항 수변공원,경상남도 거제시 고현항2로 66 (고현동)
중곡 제1공영주차장,경상남도 거제시 고현동 986-4
중곡근린공원,경상남도 거제시 고현동 1048
수월배수펌프장,경상남도 거제시 연초면 중곡2로 117
덕포 펭귄,경상남도 거제시 덕포5길 69 (덕포동)
팔랑포마을,경상남도 거제시 옥포동 66-3
양정 어린이공원,경상남도 거제시 양정동 1095-30
문동휴양림 주차장,경상남도 거제시 문동폭포길 104 (문동동)
버스전용주차장관리동,경상남도 거제시 거제중앙로20길 5 (고현동)
신현제1근린공원,경상남도 거제시 거제중앙로29길 26 (고현동)
칠천연륙교,경상남도 거제시 하청면 칠천로 59
씨릉섬출렁다리,경상남도 거제시 하청면 연구리 산 80-14
혜양사,경상남도 거제시 동부면 부춘리 103
연구물양장2,경상남도 거제시 하청면 연구6길 76
송포항,경상남도 거제시 하청면 대곡리 1022
명동주찾장,경상남도 거제시 연초면 명동리 192-3
구영항,경상남도 거제시 장목면 구영리 329-9
하유방파제,경상남도 거제시 장목면 유호리 164-5
황덕도 교량 입구,경상남도 거제시 하청면 대곡리 810-2
황덕도항,경상남도 거제시 하청면 황덕도길 40-1
물안해수욕장,경상남도 거제시 하청면 칠천로 973-15
물안항,경상남도 거제시 하청면 칠천로 1097-2
하유해변,경상남도 거제시 장목면 유호리 217-1
장곶물양장,경상남도 거제시 하청면 어온4길 13
옥계해수욕장(숲),경상남도 거제시 하청면 칠천로 265-17
대곡물양장,경상남도 거제시 하청면 대곡리 318-9
대계마을해변,경상남도 거제시 장목면 대계2길 31
이수도선착장,경상남도 거제시 장목면 이수도길 21-17
앵산약수터,경상남도 거제시 하청면 유계리 산 132-3
해안물양장,경상남도 거제시 하청면 연하해안로 2-80
신촌물양장,경상남도 거제시 장목면 송진포리 193-4
관포항,경상남도 거제시 장목면 관포리 1-9
매미성 주차장,경상남도 거제시 장목면 옥포대첩로 1267
흥남해수욕장,경상남도 거제시 장목면 흥남길 41-5
임호해수욕장,경상남도 거제시 장목면 거제북로 2547
황포해수욕장,경상남도 거제시 장목면 황포해변길 23-15
구영해수욕장,경상남도 거제시 장목면 거제북로 1949
도장포주차장입구,경상남도 거제시 남부면 갈곶리 314-1
저구항,경상남도 거제시 남부면 저구리 216-5
도장포주차장,경상남도 거제시 남부면 갈곶리 산 37-8
연초천,경상남도 거제시 연초면 연사리 114-1
간곡해수욕장,경상남도 거제시 장목면 거제북로 2593
시방항여객터미널,경상남도 거제시 장목면 시방2길 27-5
외포항1,경상남도 거제시 장목면 외포5길 59-3
소계마을 하수처리장,경상남도 거제시 장목면 옥포대첩로 836-25
반다비 체육문화센터,경상남도 고성군 고성읍 기월리 90
고성군 게이트볼장 화장실,경상남도 고성군 고성읍 기월리 611
거류면 체력단련실,경상남도 고성군 거류면 당동3길 5 (당동리)
문수암 화장실,경상남도 고성군 상리면 무선리 산182-2
연화산도립공원 식당앞 화장실,경상남도 고성군 개천면 북평리 415-15
회화면 어신리 공룡발자국 화장실,경상남도 고성군 회화면 어신 1길
수남유수지생태공원 화장실(백세공원),경상남도 고성군 고성읍 수남리 511-39
하일체육공원 화장실,경상남도 고성군 하일면 학림리 735-1
송학동고분군 화장실,경상남도 고성군 고성읍 송학고분로 296
고성군보건소,경상남도 고성군 고성읍 남포로79번길 103-3
빗물 화장실,경상남도 고성군 회화면 당항만로 1116
봉발보건진료소,경상남도 고성군 영현면 망봉로 605
동부농협주유소,경상남도 고성군 동해면 봉암3길 3
"상하수도사업소 생태학습관(1층, 2층)",경상남도 고성군 고성읍 동해로 115
고성박물관 화장실,경상남도 고성군 고성읍 송학로113번길 50
영오면사무소,경상남도 고성군 영오면 영산1길7
사무실 2층 화장실,경상남도 고성군 회화면 당항만로 1116
영은주유소,경상남도 고성군 고성읍 동외로 117
대가연꽃테마공원,경상남도 고성군 대가면 유흥리 303-8
남산공원 보광사 화장실,경상남도 고성군 고성읍 동외리 369-5
"고성군청소년센터""온"" 화장실",경상남도 고성군 성내로 61
장좌보건진료소,경상남도 고성군 동해면 장좌1길 50-1
수남유수지 관리사무소 화장실,경상남도 고성군 고성읍 수남리 511-39
배둔시외버스터미널 화장실,경상남도 고성군 회화면 회진로 11
고성여객버스터미널 화장실,경상남도 고성군 고성읍 송학고분로 339 (송학리)
엄홍길전시관 외부화장실,경상남도 고성군 거류면 송산리 276
고성 장의사 화장실,경상남도 고성군 거류면 신용9길 295
바다의 문 화장실,경상남도 고성군 회화면 당항만로 1116
상리연꽃공원 화장실,경상남도 고성군 상리면 척번정리 118-3
마암면 복지회관 화장실,경상남도 고성군 마암면 옥천로 241
남포항 쌈지공원,경상남도 고성군 고성읍 수남리 479-5
고성군 그라운드 골프장 화장실,경상남도 고성군 고성읍 수남리 511-2
옥수관광휴게소,경상남도 고성군 회화면 남해안대로 4061
고성동부도서관 화장실,"경상남도 고성군 회화면 관인로44번길 26-5, 2층"
고성군청 본관 화장실,경상남도 고성군 고성읍 성내로 130
동해해맞이공원 화장실,경상남도 고성군 동해면 조선특구로 2084
남포항 다목적광장,경상남도 고성군 고성읍 신월리 837-5
"하이면 복지회관(1층, 2층)",경상남도 고성군 하이면 남일로 397
동해보건지소,경상남도 고성군 동해면 장기4길 77
구절산 주차장,경상남도 고성군 동해면 외곡리 33
고성공룡박물관 2층 화장실,경상남도 고성군 하이면 자란만로 618
실내체육관 화장실,경상남도 고성군 고성읍 교사리 391-1
영현보건지소,경상남도 고성군 영현면 대가로 1675-13
고성공룡박물관 1층 화장실,경상남도 고성군 하이면 자란만로 618
회화양지공원 화장실,경상남도 고성군 회화면 배둔리 372-2
남산공원 관리사무소 화장실,경상남도 고성군 고성읍 동외로47번길 70
검포숲,경상남도 고성군 동해면 양촌4길
고성 소을비포진성 화장실,경상남도 고성군 하일면 동화리 403
대가면사무소,경상남도 고성군 대가면 대가로 471
마암면사무소화장실,경상남도 고성군 마암면 도전리 670-8
"고성공룡나라 휴게소(상, 하행선 방면)","경상남도 고성군 대가면 통영대전고속도로 29, 32."
귀농지원센터 화장실,경상남도 고성군 고성읍 덕선로 88
좌이산 공중화장실,경상남도 고성군 하일면 오방리 14-20
고성군의회 화장실,경상남도 고성군 고성읍 대가로13
삼산보건지소,경상남도 고성군 삼산면 공룡로 2143
고성군종합사회복지관 분관,경상남도 고성군 송학로 47-3
동해주유소,경상남도 고성군 동해면 동해로 961
동해면 복지회관 화장실,경상남도 고성군 동해면 장기3길 87
고성시장 화장실,경상남도 고성군 고성읍 중앙로25번길 57
고성군동해장기공원묘지 화장실,경상남도 고성군 동해면 동해로 1236
하일복지문화센터 화장실,경상남도 고성군 하일면 공룡로 992
연화산도립공원 느재고개 이동식 화장실,경상남도 고성군 개천면 북평리 415-15
농기계임대사업소 북부권역 화장실,경상남도 고성군 영오면 옥천로1447
사무실 1층 화장실,경상남도 고성군 회화면 당항만로 1116
홀로그램 화장실,경상남도 고성군 회화면 당항만로 1116
듕가리전망대 화장실,경상남도 고성군 하이면 자란만로 618
회화면사무소,경상남도 고성군 회화면 배둔로 80
주제관 1층 화장실,경상남도 고성군 회화면 당항만로 1116
대진주유소,경상남도 고성군 상리면 상정대로 1742
주남낚시휴게소,경상남도 고성군 회화면 남해안대로 4139
CGV고성 작은영화관 화장실,경상남도 고성군 고성읍 송학로 58
제정구커뮤니티센터 화장실,경상남도 고성군 대가면 대가로 370
해전관 화장실,경상남도 고성군 회화면 당항만로 1116
연화산도립공원 관리사무소 화장실,경상남도 고성군 개천면 북평리 428(관리사무소)
고성군종합사회복지관,경상남도 고성군 고성읍 동외로156번길 36
마암보건지소,경상남도 고성군 마암면 옥천로 239-1
주제관 3층 화장실,경상남도 고성군 회화면 당항만로 1116
고성읍 간이승강장 화장실,경상남도 고성군 고성읍 동외로 171
고성읍행정복지센터 화장실,경상남도 고성군 고성읍 송학로 93
고성공룡나라(통영방향)주유소,경상남도 고성군 대가면 통영대전고속도로 29
동고성 체육공원 화장실,경상남도 고성군 회화면 배둔리 1336
트리케라톱스 화장실,경상남도 고성군 회화면 당항만로 1116
풍차 화장실,경상남도 고성군 회화면 당항만로 1116
상족암군립공원 월흥화장실,경상남도 고성군 하이면 덕명5길 23
청광보건진료소,경상남도 고성군 개천면 오봉산로 3
탈박물관 화장실,경상남도 고성군 고성읍 율대2길 23
고성군청 서별관 화장실,경상남도 고성군 고성읍 성내로 130
텍사스주유소,경상남도 고성군 상리면 상정대로 1313
하이체육공원 화장실,경상남도 고성군 하이면 덕호리 513-2
종합운동장 화장실,경상남도 고성군 고성읍 기월리 83
거류체육공원 화장실,경상남도 고성군 고성읍 송학고분로 193 일원
문화체육센터 화장실,경상남도 고성군 고성읍 기월리611
A캠핑장 화장실,경상남도 고성군 회화면 당항만로 1116
매정보건진료소,경상남도 고성군 동해면 용정6길 6
상족암군립공원 공룡공원화장실,경상남도 고성군 하이면 자란만로 618
벽방산 진입로 화장실,경상남도 고성군 거류면 은황길 82-64
하일보건지소,경상남도 고성군 하일면 학림2길 15
하이보건지소,경상남도 고성군 하이면 하이로 269
친환경농업연구소 화장실,경상남도 고성군 고성읍 남해안대로 2829-60
거북선 화장실,경상남도 고성군 회화면 당항만로 1116
구만보건지소,경상남도 고성군 구만면 영회로 1786
삼봉보건진료소,경상남도 고성군 삼산면 공룡로 2143
구만면사무소 화장실,경상남도 고성군 구만면 영회로 1765
신월주유소,경상남도 고성군 고성읍 남해안대로 2463-7
고성 장산숲 화장실,경상남도 고성군 마암면 옥천로 351
영오시장,경상남도 고성군 영오면 문산로 3
상족암군립공원 제전화장실,경상남도 고성군 하이면 덕명5길 53-7
남산공원 남산정 화장실,경상남도 고성군 고성읍 수남리 298
대가면복지회관,경상남도 고성군 유흥갈천길 33
대독누리길 화장실,경상남도 고성군 고성읍 남포로 79번길 88-119
영오면나눔복지센터,경상남도 고성군 영오면 영산1길64
농기계임대사업소 본소 화장실,경상남도 고성군 고성읍 남해안대로 2829-60
남부주유소,경상남도 고성군 고성읍 남해안대로 2719-26
상하수도사업소 관리동화장실,경상남도 고성군 고성읍 동해로 121
거류면복지센터 화장실,경상남도 고성군 거류면 거류로 516-8 (신용리)
회화복지회관,경상남도 고성군 회화면 관인로27
수태보건진료소,경상남도 고성군 하일면 수양1길 30
어신보건진료소,경상남도 고성군 회화면 어신2길 313
대가보건지소,경상남도 고성군 대가면 유흥3길 16-10
영천통합보건지소,경상남도 고성군 영오면 옥천로 1472
씨름장 화장실,경상남도 고성군 고성읍 기월리 392-3
농업기술센터 화장실,경상남도 고성군 고성읍 남해안대로 2829-60
공룡알 화장실,경상남도 고성군 회화면 당항만로 1116
옥수주유소,경상남도 고성군 회화면 남해안대로 4059
상리면사무소 화장실,경상남도 고성군 상리면 척번정1길 105
삼산면사무소 화장실,경상남도 고성군 삼산면 공룡로 2137
농기계임대사업소 서부권역 화장실,경상남도 고성군 하일면 자란만로 1700
상정대로주유소,경상남도 고성군 상리면 상정대로 1354
상하수도사업소 생태학습관(야외),경상남도 고성군 고성읍 동해로 115
하일면사무소 화장실,경상남도 고성군 하일면 공룡로 979
"하이면사무소 화장실(1층, 2층)",경상남도 고성군 하이면 공룡로 1 (덕호리)
덕명보건진료소,경상남도 고성군 하이면 자란만로 551
월평주유소,경상남도 고성군 고성읍 남해안대로 2367
요트앤스쿨 화장실,경상남도 고성군 회화면 당항만로 1116
고성공룡시장 화장실,경상남도 고성군 고성읍 성내로112번길 75-8
고성 학동마을 옛담장 화장실,경상남도 고성군 하일면 학동돌담길 21-4
연지보건진료소,경상남도 고성군 대가면 무량로 211
상리보건지소,경상남도 고성군 상리면 척번정7길 27
거류보건지소,경상남도 고성군 거류면 당동1길 154
대가다목적체육공원 화장실,경상남도 고성군 대가면 유흥리 717-1
EXPO 화장실,경상남도 고성군 회화면 당항만로 1116
상족암군립공원 주차장화장실,경상남도 고성군 하이면 자란만로 618
고성읍보건지소,경상남도 고성군 고성읍 중앙로 35
신리보건진료소,경상남도 고성군 마암면 신리1길 155
국민체육센터 화장실,경상남도 고성군 고성읍 기월리 90
영현면사무소,경상남도 고성군 영현면 대가로 1681
봉현보건진료소,경상남도 고성군 하이면 하이로 543-34
배둔시장,경상남도 고성군 회화면 배둔로31번길 15
스포츠타운 화장실,경상남도 고성군 고성읍 교사리 411외 6필지
상족암군립공원 체험장화장실,경상남도 고성군 하이면 자란만로 618
영동둔치공원,경상남도 고성군 영현면 영부리 38
영오면 체육시설 화장실,경상남도 고성군 영오면 연산1길
덕명주차장 화장실,경상남도 고성군 하이면 덕면4길
회화하수처리시설,경상남도 고성군 회화면 마구들 4길 99
하이면 생활체육관,경상남도 고성군 하이면 덕호2길 51
동해체육공원,경상남도 고성군 동해면 장기리 378-1
주제관 2층 화장실,경상남도 고성군 회화면 당항만로 1116
S캠핑장 화장실,경상남도 고성군 회화면 당항만로 1116
고성읍행정복지센터 제2화장실,경상남도 고성군 고성읍 송학로 93
고성공룡박물관 3층 화장실,경상남도 고성군 하이면 자란만로 618
고성군 야구장,경상남도 고성군 고성읍 기월리 87-4
당항만 둘레길 이용객 화장실,경상남도 고성군 회화면 당항만로 1063
거류면사무소 화장실,경상남도 고성군 거류면 당동3길 5 (당동리)
개천면사무소 화장실,경상남도 고성군 개천면 옥천로 1278(명성리)
고성군공설봉안당 화장실,경상남도 고성군 상리면 장치로 220-163 (자은리)
상리면문화마을 공설화장실,경상남도 고성군 상리면 척번정5길 46
B캠핑장 화장실,경상남도 고성군 회화면 당항만로 1116
부곡졸음쉼터,경상남도 고성군 마암면 남해안대로
부포주유소,경상남도 고성군 상리면 상정대로 1005
고성군청 남별관 화장실,경상남도 고성군 고성읍 성내로 130
연화산도립공원 옥천소류지 위 화장실,경상남도 고성군 개천면 북평리 414-16
덕명화장실,경상남도 고성군 하이면 덕명4길 56
역도전용경기장 화장실,경상남도 고성군 고성읍 기월리 611
C캠핑장 화장실,경상남도 고성군 회화면 당항만로 1116
상족암군립공원 미로공원화장실,경상남도 고성군 하이면 자란만로 618
송계보건진료소,경상남도 고성군 대가면 대가로 1104-7
동해면사무소 화장실,경상남도 고성군 동해면 장기3길 100
치매안심센터,경상남도 고성군 고성읍 중앙로 35
이동면 화계,경상남도 남해군 이동면 성남로175번길 4
물건독일마을 입구,경상남도 남해군 삼동면 독일로 4
지족어촌관광단지,경상남도 남해군 삼동면 죽방로 69
비자인조구장,경상남도 남해군 서면 남서대로1687번길 14
상주은모래비치5,경상남도 남해군 상주면 남해대로675번길 26-6
호구산 백련암,경상남도 남해군 이동면 용문사길 197
창선 가인리화석산지,경상남도 남해군 창선면 흥선로 767-3
여객선터미널,경상남도 남해군 서면 남서대로 1687번길 28-12
송정솔바람해변 주차장,경상남도 남해군 미조면 미송로 483
요트학교,경상남도 남해군 삼동면 동부대로1030번길 42-26
월포해수욕장,경상남도 남해군 남면 남서대로 611-17
미조항,경상남도 남해군 미조면 미조로 9
상주은모래비치3,경상남도 남해군 상주면 상주로 65-9
터미널 1,경상남도 남해군 남해읍 남해대로 2835
가천대형주차장,경상남도 남해군 남면 남면로 654
노량주차장(충렬사),경상남도 남해군 설천면 노량로183번길 27
덕월녹색체험마을,경상남도 남해군 남면 남서대로1179번길 40-153
용문사 대형주차장,경상남도 남해군 이동면 미국마을길55
두모탐방로 대피소,경상남도 남해군 상주면 양아리 산 47-7
동도마이동식화장실,경상남도 남해군 고현면 도마리 199-7
상주두모야영장,경상남도 남해군 상주면 양아로533번길 77
나비화장실,경상남도 남해군 서면 스포츠파크길 36
설천면 월곡,경상남도 남해군 설천면 남해대로4033번길 46-3
상주두모체험장,경상남도 남해군 상주면 양아로533번길 18
금산주차장,경상남도 남해군 상주면 남해대로 920
상주은모래비치1,경상남도 남해군 상주면 상주로 65-13
창선면 율도,경상남도 남해군 창선면 서부로 1067
상주체육공원2,경상남도 남해군 상주면 상주로 60번길 47-44
금산분소주차장,경상남도 남해군 이동면 보리암로 246
선구다목적광장,경상남도 남해군 남면 남면로 1156-50
읍시장1,경상남도 남해군 남해읍 화전로 110
이동 원천마을,경상남도 남해군 이동면 남해대로1553번길 16-10
송정솔바람해변2,경상남도 남해군 미조면 미송로483번길 4-79
설리마을2,경상남도 남해군 미조면 미송로 303번길 70
순국공원2,경상남도 남해군 고현면 남해대로 3843
군민동산(앵강고개),경상남도 남해군 이동면 남해대로 1856-3
남면 홍현(숙호숲) 화장실,경상남도 남해군 남면 남면로 219-25
바래길화장실,경상남도 남해군 남면 남면로 1555-103
읍도심지,경상남도 남해군 남해읍 화전로 81
복곡 주차장 매표소,경상남도 남해군 이동면 보리암로 246
남해실내체육관,경상남도 남해군 남해읍 화전로43번길 16
용문사 일주문,경상남도 남해군 이동면 용문사길 133
남면공설운동장 화장실,경상남도 남해군 남면 남서대로 748
항촌소공원,경상남도 남해군 남면 남면로1031번길 58
이락사,경상남도 남해군 고현면 남해대로 3829
남산공원(어울마당),경상남도 남해군 남해읍 망운로61번길 57
그라운드 골프장,경상남도 남해군 서면 남서대로1687번길 2
독일마을 주차장(봉화방면),경상남도 남해군 삼동면 독일로 180
창선생활체육공원1,경상남도 남해군 창선면 동부대로 2308
유포체험마을,경상남도 남해군 서면 남서대로2381번길 60
남면선구몽돌밭,경상남도 남해군 남면 남면로1103번길 23
야구장2,경상남도 남해군 서면 스포츠파크길74
상주체육공원1,경상남도 남해군 상주면 상주로60번길 69
노량 보건진료소옆,경상남도 남해군 설천면 노량로 196
고현면 도심지,경상남도 남해군 고현면 탑동로 51
미조 물미항도전망대,경상남도 남해군 미조면 동부대로 374
사촌주차장,경상남도 남해군 남면 남면로1229번길 27
주경기장3,경상남도 남해군 서면 스포츠 파크길 74
파독전시관,경상남도 남해군 삼동면 독일로 89-7
이동면바래길 탐방안내센터,경상남도 남해군 이동면 성남로 99
어울림문화센터,경상남도 남해군 이동면 무림로 63번길 41-3
터미널 2,경상남도 남해군 남해읍 남해대로 2835
지족광장(다리밑),경상남도 남해군 삼동면 죽방로 24-1
남면 홍현2 화장실,경상남도 남해군 남면 남면로389-89
삼동면 동천,경상남도 남해군 삼동면 동부대로 1299
구미숲,경상남도 남해군 남면 남서대로1249번길 33-7
주경기장2,경상남도 남해군 서면 스포츠파크길 74
오리숲,경상남도 남해군 남면 남서대로1179번길 93
남면공설시장,경상남도 남해군 남면 남서대로 785-5
상주은모래비치2,경상남도 남해군 상주면 상주로 65-7
창선면 적량1,경상남도 남해군 창선면 흥선로 1215
남산공원(회차장),경상남도 남해군 남해읍 망운로61번길 61-21
미조도심지,경상남도 남해군 미조면 미송로 60
삼동면 전도3,경상남도 남해군 삼동면 동부대로1662번길 77-9
지족정보화마을1,경상남도 남해군 삼동면 죽방로 105
나비생태공원,경상남도 남해군 삼동면 금암로 562-23
바다정원,경상남도 남해군 이동면 죽방로 877
설리마을1,경상남도 남해군 미조면 미송로303번길 44
공설운동장 서편화장실,경상남도 남해군 남해읍 망운로9번길 42-17
금산복곡2주차장,경상남도 남해군 이동면 보리암로 586
송정솔바람해변3,경상남도 남해군 미조면 미송로483번길 50
국제탈공연장,경상남도 남해군 이동면 남해대로 2412
보리암,경상남도 남해군 상주면 보리암로 665
원예예술촌(주차장),경상남도 남해군 삼동면 예술길 3
야구장1,경상남도 남해군 서면 스포츠파크길 74
스포츠파크 해안도로,경상남도 남해군 서면 스포츠파크길 74
지족공설시장,경상남도 남해군 삼동면 동부대로1876번길 30-1
두곡해수욕장,경상남도 남해군 남면 남서대로 575-10
창선생활체육공원2,경상남도 남해군 창선면 동부대로 2308
평산 작은미술관,경상남도 남해군 남면 남면로1739번길 46
비란 복지시설센터,경상남도 남해군 설천면 설천로 176-22
읍시장2,경상남도 남해군 남해읍 화전로 112
노량나루터 공원,경상남도 남해군 설천면 노량로 268
화방사,경상남도 남해군 고현면 화방사길 104
상주동편방파제,경상남도 남해군 상주면 남해대로675번길 80
상주면 벽련매표소,경상남도 남해군 상주면 남해대로1299번길 69
유배문학관 야외(구운몽호),경상남도 남해군 남해읍 남해대로 2745
사촌해수욕장,경상남도 남해군 남면 남면로 1229번길 50
원예예술촌 (매표소옆),경상남도 남해군 삼동면 예술길 25-21
오동수원지,경상남도 남해군 남해읍 오동로 153
금산복곡1주차장,경상남도 남해군 이동면 보리암로 246
상주은모래비치4,경상남도 남해군 상주면 상주로 17-4
파라다랑스 꽃별체험관,"경상남도 남해군 상주면 양아로540번길 37-16, 꽃별체험관"
선소207,"경상남도 남해군 남해읍 선소로 119-18, 선소 커뮤니티센터"
목공체험스튜디오,경상남도 남해군 고현면 탑동로 65-2
송정솔바람해변1,경상남도 남해군 미조면 미송로483번길 4-49
미조공설운동장,경상남도 남해군 미조면 남해대로 257-11
파라다랑스 방문자센터,"경상남도 남해군 상주면 양아로 611, 방문자센터"
주경기장1,경상남도 남해군 서면 스포츠파크길 74
창선연륙교죽방렴(관광안내소),경상남도 남해군 창선면 동부대로2964번길 49-10
순국공원1,경상남도 남해군 고현면 남해대로 3807
망운산 등산로,경상남도 남해군 서면 남서대로2240번길 635
미조면 항도,경상남도 남해군 미조면 동부대로310번길 32-22
이동 원천항,경상남도 남해군 남해대로1553번길 42
은점해안쉼터,경상남도 남해군 삼동면 동부대로942번길 8-16
가천다목적광장,경상남도 남해군 남면 남면로 702
남해각,경상남도 남해군 설천면 노량로 178
상주은모래비치주차장,경상남도 남해군 상주면 남해대로 675번길 8-5
공설운동장 동편화장실,경상남도 남해군 남해읍 망운로9번길 42-17
두모 스마트 복합쉼터,경상남도 남해군 상주면 남해대로 1126
심천해안도로,경상남도 남해군 남해읍 남해대로2984번길 68-122
주경기장4,경상남도 남해군 서면 스포츠파크길 74
공설운동장 정문화장실,경상남도 남해군 남해읍 망운로9번길 42-17
남해읍 토촌,경상남도 남해군 남해읍 강진만로 99-27
소량 화장실,경상남도 남해군 상주면 양아로355번길 33
남산공원 (아이나라),경상남도 남해군 남해읍 망운로9번길 42-69
내산 화천주차장,경상남도 남해군 삼동면 금암로 125-4
남산공원(충혼탑),경상남도 남해군 남해읍 화전로43번길 20-5
사촌해수욕장 입구화장실,경상남도 남해군 남면 남면로1229번길 6
왕지로타리,경상남도 남해군 설천면 설천로 816
봉황산나래숲,경상남도 남해군 남해읍 망운로10번가길 20-34
스포츠파크,경상남도 남해군 서면 스포츠파크길 74
문항 다목적체험관,경상남도 남해군 설천면 강진로 202번길 82-25
가천암수바위 화장실,경상남도 남해군 남면 남면로679번길 41
범왕새뜰복합회관 옆,경상남도 하동군 화개면 범왕리 산285-12
삼성궁주차장,경상남도 하동군 청암면 삼성궁길 2
북천면사무소,경상남도 하동군 북천면 경서대로 2451
금오산전망대,경상남도 하동군 금남면 경충로 493-222
옥종주유소,경상남도 하동군 옥종면 옥종중앙길 1
금남 다목적체육관,경상남도 하동군 금남면 미법마을길 3
옥종면사무소,경상남도 하동군 옥종면 덕천로 3
신노량,경상남도 하동군 금남면 노량해안길 14
양보주유소,경상남도 하동군 양보면 경서대로 1466
금남생활체육공원,경상남도 하동군 금남면 미법마을길 3
"옥종 다목적 생활공원(테니스장, 게이트볼장)",경상남도 하동군 옥종면 옥종중앙길 132
섬진강 트레킹코스,경상남도 하동군 고전면 전도리 882-4
청학동주차장,경상남도 하동군 청암면 청학로 2526
횡천시장,경상남도 하동군 횡천면 문화2길 24
선소공원,경상남도 하동군 고전면 전도리 884-5
청솔주유소,경상남도 하동군 북천면 경서대로 1816
하동시외버스터미널,경상남도 하동군 하동읍 중앙로 12
세계화목도리주유소,경상남도 하동군 하동읍 섬진강대로 1707
하동시장1,경상남도 하동군 하동읍 시장1길 18-4
하동포구공원(여성전용),경상남도 하동군 하동읍 목도리 47-59
하동IC주유소,경상남도 하동군 금남면 산업로 915
고소성주차장,경상남도 하동군 악양면 평사리 산 80-1
하동남도LPG충전소,경상남도 하동군 하동읍 섬진강대로 1728-19
절터 소주공장앞,경상남도 하동군 청암면 상이리 1115-13
도심다원,경상남도 하동군 화개면 삼신리 49-5
목통마을 입구,경상남도 하동군 화개면 범왕리 200-1
토지장터,경상남도 하동군 악양면 평사리 56-15
나본충혼탑,경상남도 하동군 청암면 상이리  876-1
시목회관 밑 도로변,경상남도 하동군 청암면 상이리 392-5
농어촌복합체육시설,경상남도 하동군 적량면 공설운동장로 207
칠불사다리 밑,경상남도 하동군 화개면 범왕리 1017
하동군청,경상남도 하동군 하동읍 군청로 23
화개장터 주차장,경상남도 하동군 화개면 탑리 734-5
하동체육관,경상남도 하동군 적량면 공설운동장로 207
정금마을 차밭 앞,경상남도 하동군 화개면 정금리 1205-5
장고된비리보,경상남도 하동군 청암면 묵계리 산31-5
전도버스정류소,경상남도 하동군 금남면 섬진강대로 981
옥종정류소,경상남도 하동군 옥종면 청룡리 215-25
진교119안전센터,경상남도 하동군 진교면 진양로 27
오케이빌리지1,경상남도 하동군 청암면 묵계리 106-7
시목회관앞,경상남도 하동군 청암면 상이리 153-2
금남주유소(현대),경상남도 하동군 금남면 섬진강대로 669
묵계알프스산장 앞,경상남도 하동군 청암면 묵계리 1814
고전면생활체육공원,경상남도 하동군 고전면 하동읍성로 355
중앙의원앞 승강장,경상남도 하동군 하동읍 읍내리 120-2
원탑고수부지,경상남도 하동군 화개면 월운길 285-21
대경주유소,경상남도 하동군 금남면 섬진강대로 929
최참판댁대형주차장,경상남도 하동군 악양면 평사리 378-11
취간림화장실,경상남도 하동군 악양면 정서리 1050-5
용소보,경상남도 하동군 적량면 동산리1793-2
악양면사무소,경상남도 하동군 악양면 악양서로 357
OK주유소,경상남도 하동군 금남면 경충로 282
화개초등학교왕성분교,경상남도 하동군 화개면 범왕리 1897
청암면사무소,경상남도 하동군 청암면 청학로 672
묵계교회 옆,경상남도 하동군 청암면 섬들길 24-5
하동호댐주차장,경상남도 하동군 청암면 고래실길 6
북천주유소,경상남도 하동군 북천면 옥단로 9
지암교 입구,경상남도 하동군 청암면 청학로 1343
원묵계 (만남의 광장),경상남도 하동군 청암면 삼신봉로 139
남해대교,경상남도 하동군 금남면 노량리 558-2
화개농협주유소,경상남도 하동군 화개면 섬진강대로 3916
북천시장,경상남도 하동군 북천면 경서대로 2439-1
강선암주차장,경상남도 하동군 악양면 정서길 237-38
창성주유소,경상남도 하동군 금남면 산업로 938
약수장,경상남도 하동군 화개면 삼신리 500-1
하동시장2,경상남도 하동군 하동읍 시장2길 8-12
최참판댁소형주차장,경상남도 하동군 악양면 평사리길 35
공설운동장 보조구장,경상남도 하동군 적량면 공설운동장로 207
정동원길,경상남도 하동군 진교면 성평길 36
소년바구,경상남도 하동군 화개면 화개로 648
오케이빌리지2,경상남도 하동군 청암면 묵계리 106-9
민다리공원,경상남도 하동군 진교면 민다리길 16
원묵계 계곡,경상남도 하동군 청암면 묵계리 878-2
상이리 계곡,경상남도 하동군 청암면 상이리288
조선해양주유소,경상남도 하동군 금성면 산업로 498
신촌교 밑,경상남도 하동군 화개면 운수리 589
섬진강 테마로드2(두꺼비바위쉼터),경상남도 하동군 화개면 부춘리 573-2
우리주유소,경상남도 하동군 금성면 산업로 560
섬진강변 그라운드골프장(테니스장),경상남도 하동군 하동읍 광평리 32
민다리 근린공원 관리동,경상남도 하동군 진교면 진양로 36-30
신노량2,경상남도 하동군 금남면 노량리 714-2
진교주유소,경상남도 하동군 진교면 민다리길 21
진주세무서하동지서,경상남도 하동군 하동읍 하동공원길8
사방댐,경상남도 하동군 청암면 청학로 2603-4
고전면사무소,경상남도 하동군 고전면 하동읍성로 349
신흥교입구,경상남도 하동군 화개로 1052
하동LPG충전소,경상남도 하동군 진교면 경충로 594
차문화센터1,경상남도 하동군 화개면 쌍계로 571-25
가탄교 입구,경상남도 하동군 화개면 삼신리 992
물레방아,경상남도 하동군 화개면 범왕리 1573
고포수변공원,경상남도 하동군 금성면 고포큰골길19-37
기성주유소,경상남도 하동군 횡천면 경서대로 1173
한국전력 하동지사,경상남도 하동군 하동읍 경서대로 83
회남정,경상남도 하동군 청암면 청학로 2603-4
금남마을 내,경상남도 하동군 청암면 중이리 978
금오산(경충사),경상남도 하동군 금남면 중평리 857-5
진교공설시장,경상남도 하동군 진교면 선창길 24
모암휴게소,경상남도 하동군 화개면 용강리 750-2
하동읍사무소,경상남도 하동군 하동읍 중앙로 70
창촌교,경상남도 하동군 옥종면 대곡리 278-6
화개시외버스터미널,경상남도 하동군 화개면 화개로 18-4
한산사주차장,경상남도 하동군 악양면 평사리길 59-97
계류장 앞,경상남도 하동군 금남면 대도리 177-19
돌다리주유소,경상남도 하동군 적량면 공설운동장로 240
횡천역,경상남도 하동군 횡천면 경서대로 998-12
송림공원동편(은모래),경상남도 하동군 하동읍 섬진강대로 2069-11
명사둘레길,경상남도 하동군 청암면 명호리 793-2
화개면사무소,경상남도 하동군 화개면 원탑1길 6
청학동주차장2,경상남도 하동군 청암면 청학동길 73
정안봉 화장실,경상남도 하동군 양보면 장암리 979
묵계보건소 앞,경상남도 하동군 청암면 묵계리 산124-7
계천시장,경상남도 하동군 금남면 섬진강대로 977-17
진교시외버스터미널,경상남도 하동군 진교면 진교중앙길 14-8
풍년LPG충전소,경상남도 하동군 섬진강대로 2344
장고마을정류소,경상남도 하동군 청암면 묵계리 334-2
옥종다목적캠핑장,경상남도 하동군 옥종면 옥단로 1829
옥종시장,경상남도 하동군 옥종면 옥종시장길 5
형제봉활공장,경상남도 하동군 화개면 부춘리 산1
악양시장,경상남도 하동군 악양면 악양동로 368
송림공원주차장(머물며보내며),경상남도 하동군 하동읍 섬진강대로 2107-22
백운산장앞,경상남도 하동군 청암면 상이리 344
북천역,경상남도 하동군 북천면 경서대로 2446-6
해룡주유소,경상남도 하동군 금남면 경충로 440
청학동관광안내소,경상남도 하동군 청암면 묵계리 1208-2
남해주유소,경상남도 하동군 진교면 민다리안길 9
하동주유소,경상남도 하동군  하동읍 섬진강대로 2128
양보생활체육공원,경상남도 하동군 양보면 진양로 666
나본마을 쉼터,경상남도 하동군 청암면 상이리 936-4
하동역,경상남도 하동군 하동읍 경서대로 240
악양농협주유소,경상남도 하동군 악양면 악양서로 342
가탄교 위,경상남도 하동군 화개면 탑리 145-6
문학&생명관,경상남도 하동군 악양면 평사리길 76-23
시루봉골,경상남도 하동군 악양면 등촌리 787-6
옥종119지역대,경상남도 하동군 옥종면 옥종중앙길 29
하동119안전센터,경상남도 하동군 적량면 공설운동장로 169
섬진강주유소,경상남도 하동군 화개면 섬진강대로 3913
진교농협주유소,경상남도 하동군  진교면 경충로 1065
정금교 옆,경상남도 하동군 화개면 삼신리 133
금오농협주유소,경상남도 하동군 양보면 진양로 739
평사리주유소,경상남도 하동군 악양면 섬진강대로 3428
하동공원섬호정,경상남도 하동군 하동읍 하동공원길 21-31
구노량,경상남도 하동군 금남면 노량리 828
진목산장 밑,경상남도 하동군 화개면 범왕길 138
옥종농협주유소,경상남도 하동군 옥종면 주포중앙길 28
신촌교,경상남도 하동군 화개면 삼신리 산19-1
섬진주유소,경상남도 하동군 하동읍 경서대로 182
진교면사무소,경상남도 하동군 진교면 민다리안길 62
"나본 데크(둘레길, 동호정민박)",경상남도 하동군 청암면 고래실길 208
목통마을 내,경상남도 하동군 화개면 목통길 77
하동호국공원,경상남도 하동군 적량면 동산리 산246-15
송림공원하상정(솔바람),경상남도 하동군 하동읍 광평리 441-10
평사리공원2,경상남도 하동군 악양면 평사리 97-3
다우찻집(망운대),경상남도 하동군 화개면 삼신리 103-2
한진주유소,경상남도 하동군 옥종면 옥종중앙길 104
하동스윙점프,경상남도 하동군 금남면 중평리 796-1
지리산역사관,경상남도 하동군 화개로 1438
명교주유소,경상남도 하동군 고전면 하동읍성로 801
이순신 유숙지,경상남도 하동군 옥종면 청안길 38
횡천면사무소,경상남도 하동군 횡천면 경서대로 1175-3
구)양보역,경상남도 하동군 양보면 하성길 11
양보면사무소,경상남도 하동군 양보면 진양로 736
금남면사무소,경상남도 하동군 금남면 미법마을길 4
범왕화장실,경상남도 하동군  화개면 범왕리 1178
하동포구공원,경상남도 하동군 하동읍 목도리 47-59
적량면사무소,경상남도 하동군 적량면 대티길 9
진남제2주유소,경상남도 하동군 진교면 경충로 1089
만남의광장,경상남도 하동군 고전면 하동읍성로 9
금성주유소,경상남도 하동군 금성면 산업로 766
북천꽃단지,경상남도 하동군 북천면 직전리 608-1
명호폭포정,경상남도 하동군 청암면 명호리 1080-8
악양생활체육공원,경상남도 하동군 악양면 악양동로 181
명호관점,경상남도 하동군 청암면 명호리 324-8
차문화센터2,경상남도 하동군 화개면 쌍계로 571-25
이병주문학관 주차장,경상남도 하동군 북천면 직전리 170
하동공설운동장,경상남도 하동군 적량면 공설운동장로 207
신촌마을,경상남도 하동군 화개면 정금리 1325
늘봄장앞,경상남도 하동군 화개면 삼신리 166-6
이화스마트복합쉼터,경상남도 하동군 섬진강대로 2573
추동교,경상남도 하동군 옥종면 대곡리 1008
평사리공원3,경상남도 하동군 악양면 평사리 98-4
문턱바구,경상남도 하동군 화개면 용강리 산 36-3
금성생활체육공원,경상남도 하동군 금성면 신도길 165-22
적량주유소,경상남도 하동군 적량면 경서대로 628
횡천강변화장실,경상남도 하동군 횡천면 경서대로 1122
금남마을 정류소,경상남도 하동군 청암면 중이리 830-3
하동시장3,경상남도 하동군 하동읍 시장2길 15-11
국민체육센터,경상남도 하동군 적량면 공설운동장로 207
금오산진교전망대,경상남도 하동군 진교면 구고속도로 353-1
횡천119지역대,경상남도 하동군 횡천면 횡보길 6
사기마을,경상남도 하동군 진교면 백련리 126-1
풍년LPG충전소,경상남도 하동군 하동읍 섬진강대로 2344
배다리공원,경상남도 하동군 고전면 성평리 719-6
섬진강 테마로드1(두꺼비나루쉼터),경상남도 하동군 하동읍 흥룡리 1724-1
석문광장,경상남도 하동군 화개면 운수리 330-1
평사리공원1,경상남도 하동군 악양면 평사리 75
섬진강피크닉광장 파크골프장,경상남도 하동군 고전면 월진길 115-14
강변주유소,경상남도 하동군 하동읍 섬진강대로 2627
형제봉 중턱,경상남도 하동군 화개면 부춘리 산21
청학동(도인촌),경상남도 하동군 청암면 묵계리 1553-3
금성면사무소,경상남도 하동군 금성면 신도길 149
화개119지역대,경상남도 하동군 화개면 쌍계로 58
지암교,경상남도 하동군 청암면 상이리 505
화개우체국,경상남도 하동군 화개면 쌍계로 50
최참판댁내,경상남도 하동군 악양면 평사리길 66-7
청암생활체육공원,경상남도 하동군  청암면 청학로 819-27
대동주유소,경상남도 하동군 금남면 경제산업로 154
영호남 화합의 광장,경상남도 하동군 화개면 탑리 863-6
우계저수지,경상남도 하동군 적량면 우계리 산112-17
남성119안전센터 화장실,"경상남도창원시마산합포구남성로114(남성동,남성파출소)"
하수관리사업소 홍보관 1층 화장실,경상남도창원시마산합포구가포로739(덕동동)
행암데크로드,경상남도 창원시 진해구 행암로 231 (행암동)
두척동 회성배수장내,경상남도 창원시 마산회원구 송평로 203-182 (두척동)
진해 충무파출소,경상남도창원시진해구벚꽃로36
주남저수지 람사르문화관 옆 공중화장실,"경상남도 창원시 의창구 동읍 주남로101번길 26, 주남저수지람사르문화관"
대방체육공원 화장실,"경상남도 창원시 성산구 비음로 97, 창원축구센터 (사파정동)"
신촌파출소 화장실,"경상남도창원시성산구봉양로408(신촌동,신촌파출소)"
광석골 파크골프장 앞 화장실,경상남도 창원시 진해구 장천동 21
창원시청 1별관 화장실,"경상남도 창원시 성산구 중앙대로 151, 창원특례시청 제1별관동 (용호동)"
광석골 놀이터 앞 화장실,경상남도창원시진해구진해대로1137
우림필유어린이공원,경상남도창원시진해구진해대로728번길15
초록오름1공원,"경상남도 창원시 진해구 신항5로 67, 공중화장실 (용원동)"
용원 문화공원,경상남도창원시진해구안청북로32
시락보건진료소 화장실,"경상남도 창원시 마산합포구 진전면 회진로 1016-15, 시락보건진료소"
창원연안크루즈터미널,"경상남도 창원시 마산합포구 제2부두로 56, 돝섬유람선터미널 (신포동1가)"
진해 웅천읍성 화장실,경상남도 창원시 진해구 웅천동로 177 (성내동)
토월약수터,경상남도창원시의창구용동산164-1
풍호공원 충혼탐 옆,경상남도창원시진해구천자로434-1
경남지방중소벤처기업청 남녀 화장실,경상남도창원시의창구창이대로532번길50(신월동)
진동면행정복지센터 화장실,"경상남도 창원시 마산합포구 진동면 신서촌로 11, 진동면 행정복지센터"
26호 근린공원,경상남도창원시진해구용원동1336-7
흰돌메 휴게소 화장실,경상남도 창원시 진해구 남영로 373 (남양동)
봉곡119안전센터 화장실,"경상남도 창원시 의창구 지귀로 127, 봉곡119안전센터 (봉곡동)"
석교마을주차장,경상남도 창원시 성산구 귀산동 627
낙동강유역환경청,"경상남도 창원시 성산구 중앙대로250번길 5, 낙동강유역환경청 (신월동)"
녹원주유소화장실,"경상남도창원시진해구용원로91(용원동,SK주유소)"
장복산공원(구례동산),경상남도 창원시 진해구 장복산길 56-42 (태백동)
창원교육지원청 후관 2층화장실,"경상남도창원시의창구중앙대로228번길3(신월동,경상남도창원교육청)"
주남저수지 석산화장실,경상남도 창원시 의창구 동읍 석산리 134-6
제황산공원(제황산부엉이),"경상남도 창원시 진해구 벚꽃로50번길 32, 공중화장실 (제황산동)"
상남도서관,"경상남도 창원시 성산구 원이대로 810, 상남도서관 (가음정동)"
팔용파출소 실내 화장실,"경상남도창원시의창구창원대로397번길30(팔용동,팔용파출소)"
남부터미널,경상남도창원시마산합포구해운동5-56
조류원옆 화장실,"경상남도 창원시 마산합포구 돝섬1길 9, 돋섬해상유원지 (월영동)"
창원종합운동장주경기장직4문,"경상남도 창원시 성산구 원이대로 450, 창원종합운동장 (중앙동)"
양덕2동행정복지센터,"경상남도 창원시 마산회원구 율림교로 3, 양덕2동행정복지센터 (양덕동)"
귀산 석교마을 회차지,경상남도창원시성산구귀산동564-2(시내버스종점)
장복하늘마루산길(편백숲 쉼터 옆),경상남도창원시진해구안민고개길90-19
충무동행정복지센터,"경상남도 창원시 진해구 중원로74번길 6, 충무동행정복지센터 (대흥동)"
소가야가는길,경상남도 창원시 마산합포구 진전면 남해안대로 4368
감천계곡 입구,경상남도 창원시 마산회원구 내서읍 감천리 1351
삼귀 용호주차장,경상남도 창원시 성산구 귀곡동 754-4
진해 해군의 집,"경상남도창원시진해구충장로25(도천동,해군의집)"
진해구청 행정동 2층,"경상남도창원시진해구진해대로1101(풍호동,진해구청)"
자은임도,"경상남도 창원시 진해구 진해대로979번길 85, 공중화장실 (자은동)"
산림욕장 만장대(천자봉지나서),"경상남도 창원시 진해구 진해대로1137번길 54, 공중화장실 (장천동)"
우도 동편 백사장,경상남도 창원시 진해구 우도로 1-5 (명동)
참조은셀프주유소,경상남도창원시성산구해원로410(성주동)
올림픽공원(야구장 옆) 화장실,"경상남도 창원시 성산구 두대로 156, 올림픽공원 공중화장실 (중앙동)"
자은제2어린이공원,경상남도창원시진해구자은로34번길
마창대교 옆,경상남도 창원시 성산구 삼귀로 267 (귀산동)
창원교육지원청 마산교육지원센터 화장실,경상남도창원시마산회원구봉덕2길3(봉암동)
동부도서관 화장실,"경상남도 창원시 진해구 용재로 66, 동부도서관 (용원동)"
명서1민원센터화장실,"경상남도창원시의창구명지로122번길20(명서동,명서1민원센터)"
삼귀민원센터 화장실,"경상남도창원시성산구귀산로58번길8(귀산동,삼귀민원센터)"
주남저수지 단풍나무화장실,경상남도 창원시 의창구 동읍 월잠리 81-10
서부보건지소 3층 화장실,"경상남도창원시진해구중원동로62(중앙동,서부보건지소)"
반월중앙동주민센터,경상남도창원시마산합포구중앙남5길45
진해여좌동 우체국,"경상남도 창원시 진해구 여좌로 69, 여좌동우체국 (여좌동)"
내서어린이체육관,"경상남도 창원시 마산회원구 내서읍 호원로 177, 내서어린이체육관"
교방파출소 화장실,"경상남도창원시마산합포구교방서1길40(교방동,교방파출소)"
돌탑공원(팔룡근린공원),경상남도창원시마산회원구양덕동331-1
미관광장화장실,경상남도창원시의창구팔용동147번지
정곡선착장(정곡마을),경상남도창원시마산합포구진전면시락리308-9
소쿠리섬,경상남도 창원시 진해구 우도로 68-1 (명동)
합포동행정복지센터 화장실,"경상남도 창원시 마산합포구 허당로 31, 합포동 행정복지센터 (산호동)"
달천공원,"경상남도 창원시 의창구 북면 달천길 150, 달천계곡 오토캠핑장"
웅동1동 주민센터 2층 화장실,"경상남도창원시진해구웅동로57번가길6(마천동,웅동1동주민센터)"
남문지구(제6어린이공원),"경상남도 창원시 진해구 남영로 100, 공중화장실 (남문동)"
의창스포츠센터 공중화장실,"경상남도창원시의창구원이대로56번길11(도계동,의창스포츠센터)"
소계체육공원,경상남도창원시의창구소계로137
엔크린주유소 화장실,"경상남도창원시마산회원구3.15대로516(회원동,엔크린주유소)"
북면 화천민원센터,"경상남도창원시의창구북면천주로483-7(외감리,화천민원센터)"
회원1동주민센터 1층 화장실,"경상남도 창원시 마산회원구 회원동11길 7, 회원1동행정복지센터 (회원동)"
서원곡 체육시설,경상남도창원시마산합포구교방동457
구암1동 게이트볼장,경상남도창원시마산회원구구암동709-3
창원교육지원청 본관 2층화장실,"경상남도창원시의창구중앙대로228번길3(신월동,경상남도창원교육청)"
용담주유소,경상남도창원시마산회원구내서읍마산회원구내서읍용담리647
진해동부맑은물재생센터 2단계,"경상남도 창원시 진해구 남영로527번길 10, 2단계 1층 (남양동)"
구암마당,경상남도창원시마산회원구팔용로268-1
창원교육지원청 본관 3층화장실,"경상남도창원시의창구중앙대로228번길3(신월동,경상남도창원교육청)"
남문지구(세스페데스공원),"경상남도 창원시 진해구 웅천동로 105, 공중화장실 (남문동)"
대장동 대장동입구,"경상남도 창원시 진해구 대장로 273-1, 공중화장실 (대장동)"
갯마을삼거리,경상남도창원시성산구귀산동652-9
진해 군항마을 역사관,경상남도창원시진해구편백로44951(대천동)
진해구청 행정동 1층,"경상남도창원시진해구진해대로1101(풍호동,진해구청)"
장복산공원(진흥사 밑),경상남도 창원시 진해구 장복산길 54-17 (태백동)
봉암유원지,경상남도창원시마산회원구봉암동산1-11
잠자리 화장실,"경상남도 창원시 마산합포구 돝섬1길 9, 돋섬해상유원지 (월영동)"
광암해수욕장 화장실,"경상남도창원시마산합포구진동면광암해안길117-12(요장리,광암해수욕장)"
동부어린이공원,경상남도창원시진해구진해대로802번길15
무학산자락쉼터,경상남도 창원시 마산합포구 완월서8길 18 (완월동)
비음산 구름다리입구,경상남도 창원시 성산구 토월동 20 (25호선옆-윗길)
봉곡 운동장,경상남도창원시의창구창이대로169번길16-17
대흥119안전센터 1층 화장실,경상남도 창원시 진해구 백구로 72 (대흥동)
창원보건소,경상남도창원시의창구중앙대로162번길9(신월동)
남성파출소 화장실,"경상남도창원시마산합포구3.15대로295(서성동,남성지구대)"
사화근린공원(판매시설),경상남도 창원시 의창구 중동남로 74 (중동)
황포돗대 주변,경상남도 창원시 진해구 남영로 373 (남양동)
불곡사 앞,경상남도 창원시 성산구 대암로 53 (대방동)
명동야외주차장,경상남도 창원시 진해구 명동로 47 (명동)
남산녹지공원(택시승강장) 화장실,경상남도창원시성산구남산동745-2
서원곡 백운사 앞,경상남도 창원시 마산합포구 서원곡1길 207 (교방동)
팔용산 등산로 입구,경상남도창원시의창구반계로2
공단로주유소,경상남도창원시마산합포구진북면진북산업로240(망곡리)
적석산주유소,경상남도창원시마산합포구진전면남해안대로4472(오서리)
병암동행정복지센터 화장실,"경상남도 창원시 진해구 경화로16번길 31, 병암동행정복지센터 (경화동)"
대산119안전센터 화장실,"경상남도창원시의창구대산면봉강가술로583(가술리,창원소방서대산지역대)"
북면수변공원(야구장),경상남도창원시의창구북면외산리1567
북면사무소,경상남도창원시의창구북면천주로1085
회원2동 임시주차장,경상남도 창원시 마산회원구 회원서2길 28 (회원동)
창원종합버스터미널,"경상남도 창원시 의창구 창원대로 371, 창원종합버스터미널 (팔용동)"
우도 선착장 장애인용,"경상남도 창원시 진해구 우도로 2, 공중화장실 (명동)"
불모주유소,경상남도창원시성산구창원대로1298(불모산동)
대산면 평생교육센터 화장실,경상남도창원시의창구대산면진산대로355번길20(제동리)
성산스포츠센터 화장실,경상남도창원시성산구창이대로888성산스포츠센터
삼귀 갯마을 선착장,경상남도창원시성산구귀산동652-6
경남교육연수원,경상남도창원시의창구사림로111번길22
저도연륙교밑 해안도로,경상남도창원시마산합포구구산면구복리산183-11
동마산보건지소 4층 화장실,"경상남도 창원시 마산회원구 구암남14길 33, 동마산보건지소 (구암동)"
우곡사 입구,경상남도창원시의창구동읍자여로459
창원치매안심센터,경상남도 창원시 마디미로73번길 10
청안공원(부영A앞),경상남도창원시진해구안청로69
장천어린이공원,경상남도창원시진해대로1114번길48
현동물놀이장,"경상남도 창원시 마산합포구 현동로 96, 공중화장실 (현동)"
명서주민운동장,경상남도창원시의창구우곡로124-1
구암2동 체육시설,경상남도 창원시 마산회원구 구암서1길 288 (구암동)
무학빌딩,"경상남도창원시마산회원구3.15대로628(석전동,무학빌딩)"
창원문화원,"경상남도창원시의창구용지로239번길19-22(용호동,창원문화원)"
행암 벚꽃동산(오페라하우스),"경상남도 창원시 진해구 행암로 192-1, 공중화장실 (행암동)"
창원축구센터 경비실(남문),"경상남도창원시성산구비음로97(사파정동,창원축구센터)"
적석산 등산로입구,경상남도 창원시 마산합포구 진전면 적석산2길 9-3
무학119안전센터 화장실,"경상남도 창원시 마산회원구 무학로 564, 남성119안전센터 (회원동)"
경상남도 창원시 진해보건소 1층 화장실,"경상남도창원시진해구진해대로1101(풍호동,진해보건소)"
중원쉼터,경상남도창원시진해구벚꽃로33
중앙주유소,"경상남도창원시마산합포구3.15대로294(서성동,중앙주유소)"
장복산공원 궁도장옆,"경상남도 창원시 진해구 장복산길 52, 공중화장실 (태백동)"
여좌동 한전옆,"경상남도 창원시 진해구 여좌천로 128, 공중화장실 (태백동)"
해양공원 솔라파크 전시동 화장실,"경상남도창원시진해구명동로62(명동,진해해양공원)"
태평동주민센터 화장실,경상남도창원시진해구태평로26
동신2차아파트 상가동,경상남도창원시마산회원구내서읍중리상곡로136
대방솔밭공원,경상남도 창원시 성산구 대암로77번길 39 (대방동)
웅동오일뱅크 화장실,"경상남도창원시진해구웅동로86(마천동,웅동주유소)"
의림사,경상남도 창원시 마산합포구 진북면 의림로 365
삼포선착장,"경상남도 창원시 진해구 명제로324번길 14-9, 공중화장실 (명동)"
마산야구센터 실내수영장 화장실,"경상남도창원시마산회원구삼호로63(양덕동,마산야구센터)"
3.15탑,"경상남도 창원시 마산합포구 몽고정길 135-3, 공중화장실 (서성동)"
창원축구센터 주경기장,"경상남도창원시성산구비음로97(사파정동,창원축구센터)"
마산영생원,경상남도 창원시 마산합포구 진동면 공원묘원로 232
웅천시장,경상남도 창원시 진해구 웅천중로56번길 8 (성내동)
명동 선착장,"경상남도 창원시 진해구 명동로 29, 공중화장실 (명동)"
남창원농협 경제사업소,경상남도창원시성산구가음로92번길5(가음동)
천주산 만남의 광장,경상남도창원시의창구북면외감리산68
옥수골 마을,경상남도 창원시 마산회원구 내서읍 감천로 275-95
웅남주민 복지회관 화장실,경상남도창원시성산구신촌로134번길48(양곡동)
삼계파라솔 앞(교량밑),경상남도 창원시 마산회원구 내서읍 경남대로 806
시락 소포마을,경상남도창원시마산합포구진전면시락리837-21
출입국동 2층 화장실,"경상남도창원시마산합포구제2부두로30(신포동1가,정부경남지방합동청사)"
반월민원센터,경상남도창원시마산합포구3.15대로121
서원곡 사방댐,경상남도 창원시 마산합포구 서원곡2길 13 (교방동)
진해이동우편취급국,"경상남도 창원시 진해구 충장로 432, 이동우체국 (이동)"
옥방교,경상남도 창원시 마산합포구 진전면 의산삼일로 500
감동주유소,경상남도창원시성산구가음로90(가음동)
가포동주민센터,"경상남도창원시마산합포구가포해안길33(가포동,가포동주민센터)"
청안공원(미니축구장옆),경상남도창원시진해구안청로69
거락숲 아래하천,경상남도창원시마산합포구진전면고사리1180-13
목재문화체험장 2층,"경상남도 창원시 진해구 천자로 507, 목재문화체험장 (풍호동)"
행암낚시터,경상남도 창원시 진해구 행암로 160 (행암동)
웅남동 주민센터 화장실,"경상남도창원시성산구신촌로50(신촌동,웅남동주민센터)"
노산민원센터,"경상남도 창원시 마산합포구 노산남6길 45, 노산동 행정복지센터 (상남동)"
웅천동행정복지센터 화장실,"경상남도 창원시 진해구 웅천중로 59, 웅천동행정복지센터 (성내동)"
삼진체육시설 주차장 화장실,경상남도 창원시 마산합포구 진북면 삼진의거대로 440
마산보건소 정신건강복지센터,"경상남도 창원시 마산합포구 월영동북로 15, 마산보건소 (해운동)"
봉암동행정복지센터,"경상남도 창원시 마산회원구 봉양로 148, 봉암동행정복지센터 (봉암동)"
산호동 행정복지센터 화장실,"경상남도 창원시 마산합포구 산호남로 60, 산호동 행정복지센터 (산호동)"
웅동2동민원센터,경상남도 창원시 진해구 신항4로 53-45 (용원동)
대흥119안전센터,경상남도 창원시 진해구 백구로 72 (대흥동)
창원교육지원청 본관 화장실,"경상남도창원시의창구중앙대로228번길3(신월동,경상남도창원교육청)"
진해교육지원센터,"경상남도창원시진해구진해대로776번길11(석동,진해교육지원센터)"
창원도서관 별관Ⅱ,"경상남도창원시성산구두대로197-33(중앙동,창원도서관)"
원전 해안가,경상남도창원시마산합포구구산면심리45252
팔용근린공원,경상남도 창원시 마산회원구 학교단지로 18 (합성동)
영광주유소,"경상남도 창원시 마산합포구 무학로 210, 영광주유소 (월영동)"
팔용농산물도매시장,"경상남도창원시의창구차상로18번길45(팔용동,농산물도매시장)"
마창대교 밑,경상남도 창원시 성산구 귀산동 651
진동고현,경상남도 창원시 마산합포구 진동면 미더덕로 358-129
해병대 전첩비 내,경상남도 창원시 마산합포구 진북면 삼진의거대로 387
천주산 등산 도로변,경상남도창원시의창구천주로130
해양드라마세트장,경상남도창원시마산합포구구산면해양관광로876-2
진해도서관,"경상남도 창원시 진해구 충장로 141, 진해도서관 (여좌동)"
거락마을회관옆,경상남도 창원시 마산합포구 진전면 거락2길 8
금강사 입구,"경상남도 창원시 마산회원구 합성북24길 31, 금강사 (합성동)"
16호 근린공원,경상남도창원시진해구용원동1347-3
심리 해안가,경상남도 창원시 마산합포구 구산면 이순신로 602
자연학습장,경상남도창원시마산회원구봉암동567
가술시장,경상남도창원시의창구대산면가술길1번길8
2봉안당,"경상남도 창원시 성산구 공단로474번길 160, 창원시립상복공원 (상복동)"
삼포방파제,"경상남도 창원시 진해구 명제로324번길 40, 공중화장실 (명동)"
자은동행정복지센터화장실,"경상남도 창원시 진해구 덕산로51번길 12, 자은동행정복지센터 (자은동)"
아랫소포 해변가,경상남도 창원시 마산합포구 진전면 회진로 1255
진해구청 민원동 2층,"경상남도창원시진해구진해대로1101(풍호동,진해구청)"
구암2동 행정복지센터,"경상남도 창원시 마산회원구 구암남16길 12, 구암2동행정복지센터 (구암동)"
완월동행정복지센터,경상남도 창원시 마산합포구 고운로 216 (장군동4가)
교방동 행정복지센터,"경상남도 창원시 마산합포구 교방동5길 18, 교방동 행정복지센터 (교방동)"
창원교육지원청 별관 화장실,"경상남도창원시의창구중앙대로228번길3(신월동,경상남도창원교육청)"
창원시 농업기술센터,"경상남도 창원시 의창구 창이대로 71, 창원시농업기술센터 (명서동)"
오동동문화광장 화장실,경상남도 창원시 마산합포구 동성동 177-1
여좌지구어린이놀이터,"경상남도 창원시 진해구 대야남로 9, 공중화장실 (여좌동)"
경화역공원2,경상남도 창원시 진해구 진해대로 649 (경화동)
대장천생태하천,경상남도 창원시 진해구 대장로 44-13 (소사동)
일우A앞 삼호천변,경상남도창원시마산회원구석전동203-1
진북치안센터 화장실,"경상남도창원시마산합포구진북면삼진의거대로447(지산리,진북파출소)"
불모산동,경상남도 창원시 성산구 불모산동 346
동읍 주민운동장,경상남도창원시의창구동읍동읍로36465
(구)서커스장 화장실,"경상남도 창원시 마산합포구 돝섬1길 9, 돋섬해상유원지 (월영동)"
의창스포츠파크 게이트볼장,경상남도 창원시 의창구 천주로56번길 14 (동정동)
시내버스 회차지,경상남도 창원시 의창구 금강로 388 (소계동)
원전항,경상남도 창원시 마산합포구 구산면 이순신로 697
수도마을,경상남도 창원시 진해구 수도로 22 (수도동)
KT 진해지점,경상남도창원시진해구중원동로49(통신동)
대산면행정복지센터,"경상남도 창원시 의창구 대산면 가술산단동로 10, 대산면 행정복지센터"
거락숲 대량마을,경상남도 창원시 마산합포구 진전면 대량1길 111
자산치안센터 화장실,"경상남도창원시마산합포구자산서11길92(자산동,자산치안센터)"
중앙1호근린공원,경상남도창원시의창구중동793-3
안민고개 정상,경상남도 창원시 성산구 천선동 산 52-10 (주차장)
마산소방서 화장실,"경상남도창원시마산합포구제2부두로55(신포동1가,마산소방서)"
구산 119안전센터 화장실,경상남도 창원시 마산합포구 구산면 해양관광로 1401
여좌동행정복지센터 화장실,"경상남도 창원시 진해구 여명로 77, 여좌동행정복지센터 (여좌동)"
해양공원 야외화장실,"경상남도창원시진해구명동로62(명동,진해해양공원)"
서부보건지소 1층 화장실,"경상남도창원시진해구중원동로62(중앙동,서부보건지소)"
내동공원 화장실,"경상남도 창원시 성산구 두대로 242, 내동공원 공중화장실 (내동)"
큰나무공원,경상남도 창원시 의창구 대봉로26번길 13 (봉림동)
굴앞주유소,"경상남도창원시성산구창원대로1310(불모산동,굴앞주유소)"
푸른솔길,경상남도 창원시 성산구 안민동 625-4
팔룡119안전센터 화장실,"경상남도 창원시 의창구 창원대로204번길 15, 차룡소방서 (팔용동)"
남송주유소화장실,"경상남도창원시진해구진해대로2455(용원동,LG정유남송주유소)"
중앙1호근린공원 화장실,경상남도 창원시 의창구 중동남로 77 (중동)
해양공원 해전사체험관 화장실,"경상남도창원시진해구명동로62(명동,진해해양공원)"
중앙체육공원(민방위교육장) 화장실,경상남도 창원시 성산구 용지로 12 (중앙동)
누리길 2,경상남도 창원시 마산합포구 두릉중앙길 52 (예곡동)
구산면사무소 화장실,"경상남도창원시마산합포구구산면구산로554(구산면,구산면사무소)"
최윤덕도서관,경상남도 창원시 의창구 북면 무동서로 67
상북주유소,경상남도창원시마산합포구진북면진북산업로327(망곡리)
성주사 입구,경상남도 창원시 성산구 천선동 148-2
자은제1어린이공원,경상남도창원시진해구냉천로108번길7
천주산 등산로변(천주암),경상남도창원시의창구동정동126-4
웅천동 복지회관 화장실,"경상남도 창원시 진해구 웅천중로55번길 2, 웅천복지관 (성내동)"
이동행정복지센터,"경상남도 창원시 진해구 냉천로12번길 9, 이동행정복지센터 (이동)"
용추계곡 내,경상남도 창원시 의창구 용동 산 59-1
SK엔크린 초원제2주유소,"경상남도창원시의창구대산면진산대로636(모산리,거산주유소)"
습지공원 화장실,"경상남도 창원시 성산구 원이대로 915, 습지공원 공중화장실 (가음동)"
구암119안전센터 화장실,경상남도창원시마산회원구팔용로260
본포수변공원(다목적광장),경상남도 창원시 의창구 동읍 본포리 146-4
팔룡동행정복지센터,경상남도 창원시 의창구 팔용로455번길 19 (팔용동)
진해웅동2동 우체국,"경상남도 창원시 진해구 용재로 42, 웅동2동우체국 (용원동)"
해시계광장,경상남도 창원시 의창구 북면 하천리 1203
무점화장실,경상남도 창원시 의창구 동읍 무점리 5
소사생태길(백일),경상남도창원시진해구북부동산156
제덕만 매립지내 2,경상남도 창원시 진해구 명제로472번길 27 (제덕동)
창원문화재단 3.15아트센터,경상남도창원시마산회원구삼호로135(양덕동)3.15아트센터
여좌우수저류지,"경상남도 창원시 진해구 여좌로118번길 39, 고물상 (태백동)"
동강주유소,"경상남도창원시마산합포구가포로628(덕동동,동강주유소)"
산장찻집(동전고개),경상남도창원시마산합포구현동산160-2
성운주유소,경상남도창원시마산합포구천하장사로44(교방동)
적석산공영주차장,경상남도 창원시 마산합포구 진전면 적석산길 254
조밭 공영주차장,경상남도 창원시 마산합포구 구산면 해양관광로 1917
백일아침고요산길(소사임도),경상남도 창원시 진해구 대장로163번길 21-7 (소사동)
장복하늘마루산길(편백숲 쉼터 옆),경상남도 창원시 진해구 안민고개길 90-19 (태백동)
천자봉해오름길(장천임도변),"경상남도 창원시 진해구 진해대로1201번길 4, 공중화장실 (원포동)"
진부주유소화장실,경상남도창원시진해구진해대로2221(용원동)
진해물재생센터 관리부속동,"경상남도 창원시 진해구 천자로 101, 진해물재생센터 관리부속동 1층 (덕산동)"
경상남도교육청 제2청사 화장실,"경상남도창원시의창구용지로264(용호동,경상남도교육청제2청사)"
경상남도유아교육원 화장실,"경상남도창원시의창구봉곡로23번길2(봉곡동,경상남도유아교육원)"
북면119안전센터 화장실,"경상남도 창원시 의창구 북면 감계로110번길 54-36, 북면119안전센터 1동 1층"
주남저수지 오리화장실,경상남도창원시의창구동읍죽동길46번길68(죽동리)
17호 근린공원,경상남도창원시진해구용원동1353-5
창원교육지원청 별관 3층화장실,"경상남도창원시의창구중앙대로228번길3(신월동,경상남도창원교육청)"
안성마을 정자앞,경상남도창원시마산회원구내서읍안성리805
합계마을,경상남도 창원시 진해구 행암로314번길 160 (원포동)
시루봉 등산로,경상남도 창원시 진해구 자은동 산 1-1
구암1동행정복지센터,"경상남도 창원시 마산회원구 구암서8길 25, 구암1동 두루두루어울림센터 (구암동)"
무동3호어린이공원,경상남도 창원시 의창구 북면 동곡로 63
삼계삼풍대어린이공원,경상남도창원시마산회원구내서읍삼계8길42
태백동주민자치센터 화장실,"경상남도창원시진해구대야로36번길6(여좌동,태백동주민자치센터)"
신월지구대 화장실,"경상남도창원시의창구신사로45번길35(신월동,신월지구대)"
청량산 임도1,경상남도창원시마산합포구가포동산12-1
두척계곡,경상남도창원시마산회원구두척동산219
생태숲학습관 2층,"경상남도 창원시 진해구 진해대로1137번길 97, 진해만생태숲 (장천동)"
풍호공원 축구장내,경상남도창원시진해구천자로434-1
장복하늘마루산길(하늘마루 입구),경상남도창원시진해구장복산길56-42
양덕게이트볼장,경상남도창원시마산회원구양덕동68
본포수변공원(주차장),경상남도창원시의창구동읍본포리141-6
우곡사 저수지,경상남도창원시의창구동읍단계리147-9
가음정119안전센터 화장실,"경상남도창원시성산구대정로39(가음동,가음정119안전센터)"
편백치유센터 화장실 1층,경상남도 창원시 진해구 장복산길 47 (태백동)
상남단정공원 화장실,경상남도 창원시 성산구 단정로76번길 25 (상남동)
이동119안전센터 1층화장실,"경상남도 창원시 진해구 충장로 434, 이동 119안전센터 1동 2층 (이동)"
소사생태길(파쇄장옆),"경상남도 창원시 진해구 웅동로29번길 1, 웅동농협농수산물간이집하장 (남양동)"
앵지밭골,경상남도 창원시 마산회원구 회원동 산 55-2
웅동수원지 화장실,경상남도 창원시 진해구 소사천로40번길 3 (소사동)
용정사 입구,경상남도창원시의창구동읍의창대로900번길68
반송공원(현대A뒤) 화장실,경상남도창원시성산구반송동산44-2
진전 119안전센터 화장실,경상남도 창원시 마산합포구 진전면 오서리 289-1
북면주민자치센터2,경상남도창원시의창구북면천주로1085
올림픽공원(축구장 옆) 화장실,경상남도 창원시 성산구 두대로 198 (중앙동)
반송파출소 화장실,"경상남도창원시성산구원이대로473번길17(반림동,반송파출소)"
풍호공원(천자봉테니스장),경상남도창원시진해구천자로434
진해구청 행정동 지하1층,"경상남도창원시진해구진해대로1101(풍호동,진해구청)"
의산보건진료소 화장실,"경상남도 창원시 마산합포구 진전면 의산삼일로 195, 의산보건진료소"
삼각지공원,경상남도창원시마산회원구삼호로16
진해공설운동장 복싱체육관 옆,"경상남도창원시진해구충무로43(도만동,진해공설운동장)"
창원시 아이세상 장난감도서관 1층,경상남도창원시진해구편백로39
명서공원,경상남도창원시의창구명곡동산55
회원주유소 화장실,"경상남도창원시마산회원구3.15대로519(회원동,스피드주유소)"
대한상가(개방화장실),"경상남도창원시성산구원이대로656(상남동,대한상가)"
목재문화체험장야외화장실,경상남도창원시진해구천자로507
중앙 선창상가,경상남도 창원시 마산합포구 어시장8길 13 (신포동2가)
장복산공원(치유숲),"경상남도 창원시 진해구 장복산길 54, 공중화장실 (태백동)"
가포해안변공원,경상남도창원시마산합포구드림베이대로361
진해종합사회복지관,"경상남도 창원시 진해구 진해대로 1101, 진해종합사회복지관 (풍호동)"
진해구청 민원동 1층,"경상남도창원시진해구진해대로1101(풍호동,진해구청)"
가주검문소옆,"경상남도 창원시 진해구 가주로15번길 58, 가주휴게소 (가주동)"
성산도서관,"경상남도 창원시 성산구 외리로 47, 성산도서관 (남산동)"
사파파출소 화장실,"경상남도창원시성산구대암로113(대방동,남양파출소)"
마산화장장,경상남도 창원시 마산합포구 진동면 공원묘원로 232
석전119안전센터 화장실,"경상남도창원시마산회원구양덕옛1길62(양덕동,동마산소방서)"
금강주유소,"경상남도창원시마산합포구허당로23(상남동,금강주유소)"
호계펌프장 내,경상남도 창원시 마산회원구 내서읍 호계본동1길 129
진해구청 연못 화장실,"경상남도창원시진해구진해대로1101(풍호동,진해구청)"
만날근린공원,경상남도 창원시 마산합포구 만날고개1길 64 (월영동)
곡안공원,경상남도 창원시 마산합포구 진전면 곡안1길 17
장천동 소방동산,경상남도 창원시 진해구 진해대로1201번길 6 (장천동)
원산마을(술인방),경상남도창원시마산합포구진전면고사리386
창원축구센터 경비실(북문),"경상남도창원시성산구비음로97(사파정동,창원축구센터)"
지산주유소,경상남도창원시마산합포구진북면삼진의거대로473(지산리)
청량산 입구 등산로변,경상남도창원시마산합포구월영동산149-90
신항만주유소 화장실,"경상남도창원시진해구진해대로2120(두동,신항만주유소)"
창원축구센터 관리동,경상남도창원시성산구비음로97(창원축구센터)
창원종합운동장인라인스케이트장,"경상남도 창원시 성산구 원이대로 450, 창원종합운동장 (중앙동)"
펫빌리지,"경상남도 창원시 성산구 공단로474번길 160, 창원시립상복공원 (상복동)"
일광기공 앞,경상남도 창원시 마산회원구 내서읍 감천리 851-2
진해물재생센터 테니스장,경상남도 창원시 진해구 천자로 101 (덕산동)
하수관리사업소 홍보관 2층 화장실,경상남도창원시마산합포구가포로739(덕동동)
자은동민원센터화장실,"경상남도 창원시 진해구 장복대로 153, 자은민원센터 (자은동)"
합성1동 주민운동장,경상남도 창원시 마산회원구 합성동 540-5
의창동주민자치센터,"경상남도 창원시 의창구 천주로56번길 14, 의창동주민자치센터 (동정동)"
의창스포츠파크화장실,"경상남도 창원시 의창구 천주로56번길 14, 의창동주민자치센터 (동정동)"
천주산 등산로 입구,경상남도창원시의창구천주로105
국제주유소,"경상남도창원시마산회원구북성로163(회원동,국제주유소)"
마산보건소 본관 3층 화장실,"경상남도 창원시 마산합포구 월영동북로 15, 마산보건소 (해운동)"
도계체육공원,경상남도창원시의창구도계두리길199
중앙2호근린공원 화장실,경상남도 창원시 의창구 중동로 49 (중동)
가술공원화장실,경상남도 창원시 의창구 대산면 주남로503번길 80
내서읍보건지소 2층 화장실,"경상남도 창원시 마산회원구 내서읍 중리상곡로 69, 내서읍보건지소"
진전천 호산교각,경상남도 창원시 마산합포구 진전면 호산정달로 107
어시장 2,경상남도 창원시 마산합포구 어시장2길 34 (남성동)
본관1층화장실,"경상남도창원시의창구상남로289(사림동,경남지방경찰청)"
창원기술지원과 화장실,"경상남도 창원시 의창구 창이대로 71, 창원시농업기술센터 (명서동)"
의창파출소 화장실,"경상남도창원시의창구의창대로266번길11(중동,의창파출소)"
해양공원 어류생태학습관 화장실,"경상남도창원시진해구명동로62(명동,진해해양공원)"
완월파출소 화장실,"경상남도창원시마산합포구중앙남11길12(신흥동,모범자회)"
반딧불이도서관,"경상남도창원시의창구북면천주로1085(신촌리,북면사무소)"
동마산보건지소 3층 화장실,"경상남도 창원시 마산회원구 구암남14길 33, 동마산보건지소 (구암동)"
서원곡 비행장 앞,경상남도 창원시 마산합포구 서원곡1길 50-43 (교방동)
회성동행정복지센터 1층화장실,"경상남도창원시마산회원구북성로327(회성동,회성동주민센터)"
창원중부경찰서,경상남도창원시의창구상남로177
대호주유소화장실,경상남도창원시진해구안골로242(안골동)
원계근린공원,경상남도창원시마산회원구내서읍광려천남로179
창원경륜공단 옥외화장실,"경상남도창원시의창구원이대로470(두대동,경륜경기장)"
태백복지회관,경상남도 창원시진해구태백서로62
추곡주유소,"경상남도창원시마산합포구진북면진북산업로457(추곡리,추곡주유소)"
대방동 체육공원,경상남도 창원시 성산구 비음로 213 (대방동)
오동동주유소,경상남도창원시마산합포구오동동307
제2금강산 등산로입구,경상남도 창원시 마산회원구 제2금강산길 132-24 (합성동)
진해동부맑은물재생센터 1단계,"경상남도 창원시 진해구 남영로527번길 10, 1단계 2층 (남양동)"
장복하늘마루산길(삼밀사입구),경상남도창원시진해구장복산길56-42
안골낚시터,경상남도 창원시 진해구 안골로89번길 12 (안골동)
양덕중앙 홈런공원,경상남도창원시마산회원구양덕동479
경남주유소,경상남도창원시마산합포구신포동2가120-9
사화근린공원(39사 역사전시관),경상남도 창원시 의창구 중동남로 92 (도계동)
장복하늘마루길(하늘마루 앞),경상남도 창원시 진해구 장복산길 56-42 (태백동)
천자봉해오름길(사방댐 앞),"경상남도 창원시 진해구 냉천로 151, 진해영광기도원 (자은동)"
천자봉해오름길(안민고개7km지점),경상남도 창원시 진해구 진해대로1033번안길 92 (풍호동)
안계초등학교앞 공원,경상남도 창원시 마산회원구 내서읍 삼계로 100
경화문화의집 1층,"경상남도 창원시 진해구 경화로45번길 26, 경화문화의집 (경화동)"
진동파출소 화장실,"경상남도창원시마산합포구진동면삼진의거대로661(진동리,마산중부경찰서진동파출소)"
진해문화센터(구민회관),"경상남도 창원시 진해구 진해대로 325, 진해구민회관 (태백동)"
우리은행 1층 복도 화장실,"경상남도창원시진해구백구로56(평안동,(주)우리은행진해지점)"
용호주유소 화장실,경상남도창원시의창구용지로245(용호동)
경화동행정복지센터,"경상남도 창원시 진해구 경화로8번길 5, 경화동행정복지센터 (경화동)"
진해해변공원(교육사정문앞),경상남도창원시진해구진희로150
"1층 남자화장실, 2층 여자화장실","경상남도창원시마산회원구무역로145(봉암동,범한산업(주)제2공장)"
진전상평마을,경상남도창원시마산합포구진전면평암리714
불모산 등산로 입구,경상남도 창원시 성산구 불모산로66번길 51-31 (불모산동)
경상남도 창원시 동부건강생활지원센터,"경상남도창원시진해구용원로41번길8,1층(진해동부건강생활지원센터)"
회원도서관,"경상남도 창원시 마산회원구 3·15대로 558, 마산회원도서관 (회원동)"
사격장주차장,경상남도창원시의창구사림로99번길61
서부보건지소 4층 화장실,"경상남도창원시진해구중원동로62(중앙동,서부보건지소)"
소사생태길(백일),경상남도 창원시 진해구 웅천북로191번길 4-7 (북부동)
장복하늘마루길(천주교공원묘지 위),경상남도 창원시 진해구 안민고개길 90-19 (태백동)
창원교육지원청 별관 2층화장실,"경상남도창원시의창구중앙대로228번길3(신월동,경상남도창원교육청)"
족욕장(온천1공구),경상남도창원시의창구북면천주로1170번길24
경화역 공원1,경상남도 창원시 진해구 진해대로 649 (경화동)
장복하늘마루길(삼밀사입구),경상남도 창원시 진해구 장복산길 56-42 (태백동)
누리길 1,경상남도창원시마산합포구예곡동780-1
사화체육공원화장실,경상남도창원시의창구반계동1519
소답주민운동장 축구장,경상남도 창원시 의창구 의창대로317번길 66 (소답동)
산림욕장 풍호소류지,"경상남도 창원시 진해구 진해대로1099번길 92, 공중화장실 (장천동)"
옥계연수원 입구,경상남도창원시마산합포구구산면옥계리289-26
제황산공원(200계단),"경상남도창원시진해구중원동로52(제황산동,진해탑)"
창원시립테니스장 관리동,"경상남도창원시성산구비음로25번길17(사파동,창원종합테니스장)"
진동119안전센터 화장실,"경상남도 창원시 마산합포구 진동면 해양관광로 52, 진동119안전센터"
구산파출소 화장실,"경상남도창원시마산합포구구산면구산로562(수정리,구산파출소)"
태을정주유소,경상남도창원시의창구대산면모산길23(모산리)
유산주유소,"경상남도창원시마산합포구구산면구산로784(유산리,유산주유소)"
광석골주차장야외화장실,경상남도창원시진해구진해대로1137
창원종합운동장보조경기장화장실,"경상남도 창원시 성산구 원이대로 450, 창원종합운동장 (중앙동)"
울트라주유소,"경상남도창원시마산합포구무학로398(자산동,자산주유소)"
하수관리사업소 운동장 화장실,경상남도창원시마산합포구가포로739(덕동동)
창원도서관 본관,"경상남도창원시성산구두대로203(중앙동,창원도서관)"
경화동행정복지센터 2층,"경상남도 창원시 진해구 경화로8번길 5, 경화동행정복지센터 (경화동)"
창원시마음건강센터,경상남도 창원시 성산구 마디미로73번길 12
무동근린공원,경상남도 창원시 의창구 북면 무동로 202
팔룡공원(팔용터널 위),경상남도창원시의창구반계동1313-4(터널앞)
불모산 그린공원,경상남도 창원시 성산구 삼정자로 157 (불모산동)
삼귀동 신 해안로,경상남도 창원시 성산구 삼귀로 304 (귀산동)
용원119안전센터 1층 화장실,"경상남도 창원시 진해구 용원로 43, 용원119안전센터 (용원동)"
중동119안전센터 화장실,"경상남도 창원시 의창구 중동중앙로 119, 의창소방서 소답119안전센터 (중동)"
진전파출소 화장실,"경상남도창원시마산합포구진전면대실로156(오서리,진전치안센터)"
충혼탑,경상남도 창원시 진해구 천자로 434-1 (풍호동)
창원고용복지+센터 화장실,"경상남도 창원시 성산구 마디미서로 60, 고용지원센터빌딩 (상남동)"
회원1동주민센터 2층 화장실,"경상남도 창원시 마산회원구 회원동11길 7, 회원1동행정복지센터 (회원동)"
천주운동장(지하수 차단기),경상남도창원시의창구금강로379번길16-22
비음산 굴반쉼터,경상남도 창원시 성산구 사파정동 산 34
감계1호전망대화장실,경상남도창원시의창구북면감계리254-1
진해구청 민원동 지하1층,"경상남도창원시진해구진해대로1101(풍호동,진해구청)"
용호자연학습장,경상남도 창원시 성산구 용호로 96 (용호동)
반지 어울림운동장,경상남도 창원시 성산구 반지동 99
합포주유소,"경상남도창원시마산합포구북성로53(상남동,합포주유소)"
내서119안전센터 화장실,"경상남도창원시마산회원구내서읍중리공단로104(중리,내서119안전센터)"
산호근린공원(신규),경상남도 창원시 마산합포구 산호남8길 42 (산호동)
소사동 구천교 옆,"경상남도 창원시 진해구 소사천로40번길 1, 공중화장실 (소사동)"
경상남도교육청 화장실,"경상남도창원시의창구중앙대로241(용호동,경남교육청청사)"
봉림사 입구,경상남도창원시의창구봉곡로93번길14305
청량산 임도2,경상남도창원시마산합포구가포동산128-2
대원레포츠공원 테니스장 옆) 화장실,경상남도 창원시 성산구 자전거길13번길 3 (대원동)
명곡동행정복지센터화장실,"경상남도 창원시 의창구 태복산로15번길 8, 명곡동행정복지센터 (도계동)"
명서2민원센터화장실,"경상남도 창원시 의창구 우곡로101번길 28, 명서2민원센터 (명서동)"
내곡게이트볼장내,경상남도 창원시 진해구 웅동로121번길 56 (마천동)
신마산지구대내 화장실,"경상남도창원시마산합포구문화남5길52(청계동,신마산지구대)"
진해덕산동 우체국,"경상남도 창원시 진해구 충장로 495, 진해덕산동우체국 (덕산동)"
서부보건지소 2층 화장실,"경상남도창원시진해구중원동로62(중앙동,서부보건지소)"
용추계곡입구 주차장,경상남도창원시의창구상남로382번길45042
시락 해안가,경상남도 창원시 마산합포구 진전면 회진로 1036
창원세관 화장실,"경상남도창원시성산구창원대로790(외동,창원세관청사)"
길상사입구,경상남도창원시의창구상남로382번길18264
웅동수원지,"경상남도 창원시 진해구 소사천로40번길 3, 공중화장실 (소사동)"
창원교육지원청 진해교육지원센터 화장실,경상남도창원시진해구진해대로776번길11
남문휴게소(흰돌메공원),경상남도창원시진해구남영로280
광신 서부주유소 화장실,"경상남도창원시마산회원구3.15대로524(회원동,서부주유소)"
마산합포스포츠센터,"경상남도 창원시 마산합포구 드림베이대로 56, 마산종합스포츠센터 (월영동)"
진북면보건지소 화장실,"경상남도 창원시 마산합포구 진북면 지산1길 71-1, 진북면보건지소"
진해경화동 우체국,"경상남도 창원시 진해구 충장로 305, 경화동우체국 (경화동)"
고용노동부 창원지청 화장실,경상남도 창원시 성산구 창이대로532번길 28 (신월동)
천자봉해오름길(장천임도변),경상남도창원시진해구원포동산8-1
동읍 공설운동장,경상남도창원시의창구동읍의창대로920-7
대발령 2쉼터,경상남도창원시진해구진해대로
수선정사,경상남도 창원시 마산합포구 완월서8길 270-1 (완월동)
석전근린공원,경상남도창원시마산회원구석전동152-1
장복산공원(동백화장실),"경상남도 창원시 진해구 장복산길 32, 공중화장실 (태백동)"
새진동주유소,"경상남도창원시마산합포구진북면삼진의거대로400-11(지산리,새진동주유소)"
남해주유소,"경상남도창원시성산구외동반림로3(중앙동,남해주유소)"
달천계곡 상류,경상남도창원시의창구북면외감리산66
진동우체국 화장실,경상남도 창원시 마산합포구 진동면 진북산업로 1
마산고용복지+센터 화장실,"경상남도 창원시 마산회원구 3·15대로 628, 무학빌딩 (석전동)"
사림민원센터,"경상남도 창원시 의창구 창이대로 415, 사림민원센터 (사림동)"
GS칼텍스 일동주유소,"경상남도창원시의창구대산면대산북로539(일동리,GS칼텍스일동주유소)"
대상공원(메인주차장) 화장실,경상남도 창원시 성산구 내동 산 27-15
오동파출소 화장실,"경상남도창원시마산합포구천하장사로111(상남동,오동지구대)"
진해기적의도서관,"경상남도 창원시 진해구 석동로 70, 기적의도서관 (석동)"
진해루해변공원(진해루옆),경상남도창원시진해구진희로150
중앙체육공원(재료연구소쪽) 화장실,경상남도 창원시 성산구 중앙대로22번길 8 (상남동)
양덕1동주민센터,"경상남도창원시마산회원구팔용로25(양덕동,양덕1동주민센터)"
세월교,경상남도창원시마산합포구진전면곡안리590-2
생태숲야외화장실,경상남도창원시진해구진해대로1137
한들공원,경상남도 창원시 의창구 대봉로42번길 13 (봉림동)
명서2민원센터 화장실,"경상남도창원시의창구우곡로101번길28(명서동,명서2민원센터)"
고향의봄도서관,"경상남도 창원시 의창구 평산로135번길 32, 고향의봄도서관 (서상동)"
대산문화체육공원(야구장),경상남도 창원시 의창구 대산면 북부리 197-2
신항 물방울어린이공원,"경상남도 창원시 진해구 신항북로 226, 공중화장실 (용원동)"
진해역,"경상남도 창원시 진해구 충장로 73-16, 공중화장실 (여좌동)"
대상공원(두대주차장) 화장실,경상남도 창원시 성산구 두대동 434
대상공원(센터주차장 1층) 화장실,경상남도 창원시 성산구 두대동 68
소사생태길(파쇄장 근처),경상남도창원시진해구남양동산4-73
산호근린공원 화장실2,경상남도 창원시 마산합포구 산호남8길 42 (산호동)
광려아이편한어린이공원,경상남도창원시마산회원구내서읍삼풍로22
출입국동 1층 화장실,"경상남도창원시마산합포구제2부두로30(신포동1가,정부경남지방합동청사)"
(주)경상석유 사파정주유소,"경상남도창원시성산구창이대로663번길1(사파동,GS칼텍스사파정주유소)"
한강주유소,"경상남도창원시마산합포구합포로212(산호동,한강주유소)"
145호 어린이공원,경상남도창원시마산합포구완월북10길4
소죽도공원,경상남도창원시진해구천자로160
가음정대상가(개방화장실),"경상남도창원시성산구원이대로883번길15-24(가음동,가음시장대상가)"
반송공원(창원천) 화장실,"경상남도 창원시 성산구 창원천로 334, 공중화장실 (퇴촌동)"
장미공원 화장실,경상남도 창원시 성산구 창원대로 927 (가음동)
삼정자공원 테니스장 화장실,경상남도 창원시 성산구 남산동 246
상남셀프주유소,경상남도창원시성산구마디미로74번길14(상남동)
창원교육지원청 후관 1층화장실,"경상남도창원시의창구중앙대로228번길3(신월동,경상남도창원교육청)"
동읍119안전센터 화장실,"경상남도창원시의창구동읍동읍로71번길14-14(용잠리,동읍119안전센터)"
진해구청 행정동 3층,"경상남도창원시진해구진해대로1101(풍호동,진해구청)"
해양공원 주차타워 화장실,"경상남도창원시진해구명동로62(명동,진해해양공원)"
소답주민운동장,경상남도창원시의창구소답동550-1
우도 선착장2 (동네슈퍼 앞),"경상남도 창원시 진해구 우도로 2, 공중화장실 (명동)"
명서1민원센터화장실,"경상남도 창원시 의창구 명지로122번길 20, 명서1민원센터 (명서동)"
명서주민복지회관화장실,경상남도 창원시 의창구 우곡로101번길 30-3 (명서동)
진해물재생센터 설비동,"경상남도 창원시 진해구 천자로 101, 진해물재생센터 설비동 1층 (덕산동)"
중앙파출소 화장실,"경상남도창원시성산구원이대로566번길27-19(중앙동,중앙파출소)"
장복하늘마루산길(천주교공원묘지 위),경상남도창원시진해구안민고개길90-19
장천체육공원,"경상남도 창원시 진해구 진해대로1099번길 149, 공중화장실 (장천동)"
웅동시장,"경상남도 창원시 진해구 웅동로57번가길 6, 공중화장실 (마천동)"
행복의창산책로,"경상남도 창원시 의창구 천주로56번길 66, 공중화장실 (소답동)"
늘푸른전당,경상남도창원시의창구두대로97
밤골여울마당,경상남도창원시마산회원구합성남19길42
장천체육공원 간이 화장실,"경상남도 창원시 진해구 진해대로1099번길 149, 공중화장실 (장천동)"
경화문화의집 3층,"경상남도창원시진해구경화로45번길26(경화동,경화문화의집)"
삼계더푸른어린이공원,경상남도창원시마산회원구내서읍삼계11길21
용원파크골프장,경상남도 창원시 진해구 용원동 1347-7
창원세무서,"경상남도 창원시 성산구 중앙대로209번길 16, 창원세무서 (용호동)"
GS칼텍스 토월주유소 화장실,경상남도창원시의창구신사로45번길25
자은종합사회복지관 별관(1층),"경상남도 창원시 진해구 진해대로901번길 7, 자은종합사회복지관 (자은동)"
모람공원,경상남도창원시진해구신항3로11
대산파출소 화장실,경상남도창원시의창구대산면진산대로415
용지호수 물레방아 앞 화장실,"경상남도 창원시 성산구 용지로211번길 39, 용지호수공중화장실 (용지동)"
완월공원,경상남도 창원시 마산합포구 완월북10길 4 (완월동)
풍호공원 주차장 옆,경상남도창원시진해구천자로434-1
팔용미관광장화장실,"경상남도 창원시 의창구 사화로18번길 35, 공중화장실 (팔용동)"
감계2호공원 화장실,경상남도 창원시 의창구 북면 감계리 792-6
마산야구센터 올림픽수영장,"경상남도창원시마산회원구삼호로63(양덕동,마산야구센터)"
장천파크골프장화장실,"경상남도 창원시 진해구 진해대로1137번길 54, 공중화장실 (장천동)"
창원해양경찰서,경상남도 창원시 마산합포구 제2부두로 40 (신포동1가)
창원감계우체국,경상남도 창원시 의창구 북면 감계로110번길 54-38
상남동 어린이공원,경상남도 창원시 성산구 상남동 42-1
편백치유센터 화장실 2층,경상남도 창원시 진해구 장복산길 47 (태백동)
남광석유판매(주)공단주유소,"경상남도창원시성산구삼동로130(내동,남광주유소)"
내서읍보건지소 1층 화장실,"경상남도 창원시 마산회원구 내서읍 중리상곡로 69, 내서읍보건지소"
월영연못공원,경상남도창원시마산합포구월영남로52
벚꽃공원,경상남도창원시진해대로1114번길33239
불모제2주유소,"경상남도창원시성산구창원대로1302(불모산동,불모제2주유소)"
마산야구센터 테니스장 화장실,"경상남도창원시마산회원구삼호로63(양덕동,마산야구센터)"
대방주유소,경상남도창원시성산구대암로105번길2(대방동)
평산공원화장실,경상남도 창원시 의창구 사화로90번길 15 (팔용동)
마산장애인복지관,"경상남도창원시마산합포구반월서7길59(신월동,마산시장애인복지관)"
창원수목원관리동화장실,경상남도창원시성산구창원대로543
마산교육지원센터 화장실,"경상남도창원시마산회원구봉덕2길3(봉암동,경상남도창원교육지원청)"
생태숲학습관 1층,경상남도창원시진해구진해대로1137
서북동마을,경상남도창원시마산합포구진북면영학리864-1
마산야구센터 X-게임장 화장실,"경상남도창원시마산회원구삼호로63(양덕동,마산야구센터)"
영길운동장 화장실,"경상남도창원시진해구남영로500(남양동,영길운동장)"
월영주유소,"경상남도창원시마산합포구3.15대로70(월남동2가,월영주유소)"
저도 임시주차장,경상남도 창원시 마산합포구 구산면 조밭길 3
관문주유소,"경상남도창원시성산구공단로22(신촌동,창원관문주유소)"
61호 어린이공원,경상남도창원시마산합포구해안대로279-3
경남지방조달청 건물 1층 화장실(남. 여),경상남도창원시의창구상남로231
북부동 등산로,"경상남도 창원시 진해구 웅천북로58번안길 12-47, 공중화장실 (북부동)"
신감교 앞,경상남도 창원시 마산회원구 내서읍 신감리 1053-1
내동민원센터,경상남도창원시성산구연덕로184번길35
냉천근린공원,경상남도창원시진해구냉천로310-19
산남저수지 합산화장실,경상남도 창원시 의창구 동읍 죽동길25번길 45
어시장 1,"경상남도 창원시 마산합포구 어시장8길 77, 동서경로당 (남성동)"
대장동 성흥2교,경상남도 창원시 진해구 대장로 237 (대장동)
감계3호근린공원,경상남도 창원시 의창구 북면 감계로110번길 46
칠장사 입구,경상남도 창원시 진해구 어은로35번길 83 (죽곡동)
북면 공설운동장,경상남도창원시의창구북면정렬대로1115
의안민원센터화장실,"경상남도 창원시 의창구 읍성로 25, 의안동주민센터 (북동)"
호계운동장,경상남도창원시마산회원구내서읍호계리503
(주)율선 행복드림셀프주유소,"경상남도창원시성산구공단로820(천선동,행복드림오일뱅크)"
현동근린공원,경상남도창원시마산합포구현동6길54
가음정파출소 화장실,"경상남도창원시성산구원이대로863번길22(가음동,가음정파출소)"
동구에너지 화장실,"경상남도창원시진해구진해대로2180(두동,GSLPG)"
팔룡근린공원 정인사 뒤,경상남도창원시마산회원구양덕동산8-2
창원시립테니스장 클럽하우스,"경상남도창원시성산구비음로25번길17(사파동,창원종합테니스장)"
남산공원화장실,"경상남도 창원시 의창구 팔용로 494-37, 남산공원 (서상동)"
1봉안당,"경상남도 창원시 성산구 공단로474번길 160, 창원시립상복공원 (상복동)"
삼귀동민원센터 앞 체육시설,경상남도 창원시 성산구 귀산동 258
현대오일뱅크 삼영에너지,경상남도창원시의창구대산면진산대로418(제동리)
양곡동 삼각지 공원,경상남도창원시성산구양곡동산47-43(도)
태광주유소 화장실,"경상남도창원시마산회원구북성로200(회원동,태광주유소)"
관음사입구,"경상남도 창원시 마산합포구 무학로 215-15, 관음사 (월영동)"
성주 주구운동장,경상남도 창원시 성산구 천선동 1216
원전도선 선착장,경상남도 창원시 마산합포구 구산면 이순신로 647
서항근린공원,경상남도창원시마산합포구드림베이대로52
SK엔크린 광진주유소,"경상남도창원시의창구대산면진산대로296(제동리,SK광진주유소)"
자은약수터,"경상남도 창원시 진해구 진해대로979번길 85, 공중화장실 (자은동)"
성내게이트볼장옆,경상남도 창원시 진해구 웅천동로 192 (성내동)
봉암수원지 주차장,경상남도 창원시 마산회원구 봉암북14길 14 (봉암동)
마산보건소 별관 2층 화장실,"경상남도 창원시 마산합포구 월영동북로 15, 마산보건소 (해운동)"
덕동 체육공원,경상남도 창원시 마산합포구 덕동남2길 72 (덕동동)
사림운동장,경상남도창원시의창구사림로85번길31
하수관리사업소 본관 1층 화장실,경상남도창원시마산합포구가포로739(덕동동)
덕동테니스장 관리동,"경상남도 창원시 마산합포구 가포로 789, 덕동시립테니스장 (덕동동)"
창원교육지원청 본관 1층 화장실,"경상남도창원시의창구중앙대로228번길3(신월동,경상남도창원교육청)"
신월민원센터 화장실,"경상남도창원시의창구신월로48(신월동,신월민원센터)"
창원축구센터 관리동화장실,"경상남도창원시성산구비음로97(사파정동,창원축구센터)"
진동면보건지소 화장실,"경상남도 창원시 마산합포구 진동면 신서촌로 13, 진동면보건지소"
금성주유소,"경상남도창원시마산합포구3.15대로89(월남동1가,금성주유소)"
GS칼텍스 신성주유소,"경상남도창원시의창구대산면대산북로663(모산리,GS칼텍스신성주유소)"
진북면행정복지센터 외부화장실,"경상남도 창원시 마산합포구 진북면 지산5길 80, 진북면 행정복지센터"
괴정 주차장,경상남도 창원시 진해구 명제로472번길 32 (제덕동)
저도 아랫개 주차장,경상남도창원시마산합포구구산면구복리326-1
광려천변 호계산책로,경상남도창원시마산회원구내서읍호계리790-1
봉림동행정복지센터,"경상남도 창원시 의창구 대봉로26번길 5, 봉림동 행정복지센터 (봉림동)"
불모산 저수지 내,경상남도 창원시 성산구 불모산로66번길 68-57 (불모산동)
온천2공구,경상남도창원시의창구북면천주로1173번길30
사궁두미,경상남도 창원시 마산합포구 사궁두미길 519 (덕동동)
제덕만 매립지내 1,경상남도 창원시 진해구 명제로486번길 9 (제덕동)
웅동문화의집,"경상남도 창원시 진해구 용원남로 89, 문화의집 (용원동)"
웅천 소류지,경상남도 창원시 진해구 웅천로 106 (서중동)
광산사밑 계곡,경상남도 창원시 마산회원구 내서읍 신감리 산 179
봉암동 우체국,경상남도 창원시 마산회원구 봉암북14길 2 (봉암동)
봉암유원지 광장2,경상남도창원시마산회원구봉암동산1-11
완월체육공원,"경상남도 창원시 마산합포구 완월서8길 124, 공중화장실 (완월동)"
오서다리밑,경상남도창원시마산합포구진전면곡안리45108
전망대주유소,"경상남도창원시마산합포구가포로721(덕동동,주유기)"
태광주유소 공중화장실,"경상남도창원시성산구창곡로54(신촌동,태광주유소)"
동마산보건지소 1층 화장실,"경상남도 창원시 마산회원구 구암남14길 33, 동마산보건지소 (구암동)"
양전교,경상남도 창원시 마산합포구 진전면 일암1길 90
명동초등학교,"경상남도 창원시 진해구 명동로 93, 웅천초등학교 명동분교장 (명동)"
북면파출소 화장실,"경상남도창원시의창구북면천주로1127(신촌리,북면파출소)"
마산우체국,"경상남도 창원시 마산합포구 3·15대로 148, 마산우체국 (중앙동2가)"
자은동 SK엔크린 벚꽃주유소 화장실,경상남도창원시진해구냉천로126번길44943(자은동)
동남지방통계청 창원사무소 1층 화장실,"경상남도창원시의창구상남로261(신월동,동남지방통계청창원사무소)"
자산솔밭공원,경상남도창원시마산합포구자산서13길30
보배산주유소 화장실,"경상남도창원시진해구진해대로2170(두동,보배산주유소)"
대원119안전센터 화장실,경상남도창원시의창구두대로55번길11(대원동)
마산회원구청 별관 화장실,"경상남도창원시마산회원구삼호로63(양덕동,마산회원구청)"
남산 산책로,경상남도 창원시 진해구 웅천동로 49 (남문동)
용재공원,경상남도창원시진해구용원로77번길19
대장동 성흥1교,경상남도 창원시 진해구 대장로 258 (대장동)
산호근린공원 화장실,경상남도 창원시 마산합포구 용마산길 136 (산호동)
팔용 어울림운동장,경상남도창원시의창구사화로126
감천제일교회 앞,경상남도창원시마산회원구내서읍신감리1085-1
진동도서관,"경상남도창원시마산합포구진동면삼진의거대로661-94(진동리,진동도서관)"
호계119안전센터 1층,"경상남도창원시마산회원구내서읍호계본동3길21824(호계리,호계119안전센터)"
풀잎나루공원,경상남도 창원시 진해구 신항2로 80 (용원동)
대암산 등산로 입구,경상남도 창원시 성산구 대방동 1128-3
경남지방병무청,"경상남도 창원시 성산구 중앙대로250번길 13, 경남지방병무청 (신월동)"
사파정병운동장,경상남도 창원시 성산구 창이대로706번길 19-4 (사파동)
진해동부맑은물재생센터 1단계,"경상남도 창원시 진해구 남영로527번길 10, 1단계 1층 (남양동)"
주남저수지 탐조대 화장실,경상남도창원시의창구동읍주남로101번길75(월잠리)
신월운동장,경상남도 창원시 성산구 상남로226번길 21 (신월동)
창원수목원공중화장실,경상남도창원시성산구창원대로543
의창구청,"경상남도창원시의창구태복산로15번길8(도계동,의창구청,명곡동주민센터)"
출입국동 3층 화장실,"경상남도창원시마산합포구제2부두로30(신포동1가,정부경남지방합동청사)"
대산문화체육공원(플라워랜드),경상남도 창원시 의창구 대산면 모산리 5-1
양덕가고파어린이공원,경상남도창원시마산회원구삼호로96
추산공원,"경상남도 창원시 마산합포구 성호남8길 24, 공중화장실 (추산동)"
마산동부경찰서,경상남도창원시마산회원구합성남17길56
가음정체육공원 화장실,경상남도 창원시 성산구 창원대로 927 (가음동)
고속주유소,"경상남도 창원시 마산회원구 삼호로 274, 고속주유소 (회성동)"
창원시청 2별관 화장실,"경상남도 창원시 성산구 중앙대로 151, 창원특례시청 제2별관동 (용호동)"
마산도서관,"경상남도창원시마산합포구용마산길12(산호동,마산도서관)"
진해 청소년전당,"경상남도창원시진해구중원로33(중평동,진해청소년전당)"
사화공원 화장실,경상남도 창원시 의창구 중동남로 92 (도계동)
남산녹지공원(테니스장 옆) 화장실,경상남도 창원시 성산구 창원대로 1035 (가음동)
동부석유(주)동부제3셀프주유소,"경상남도창원시성산구마디미로73(상남동,동부석유판매(주))"
우도 교회 옆,"경상남도 창원시 진해구 우도로 56, 우도교회 (명동)"
웅동2동 행정복지센터,"경상남도 창원시 진해구 용재로 46, 웅동2동행정복지센터 (용원동)"
현대A 택시승강장,경상남도 창원시 마산회원구 내서읍 호원로 150-1
내서도서관,"경상남도창원시마산회원구내서읍삼풍로79(삼계리,마산내서도서관)"
진해물재생센터 관리동,"경상남도 창원시 진해구 천자로 101, 관리동 1층 (덕산동)"
창원교육지원청 별관 1층화장실,"경상남도창원시의창구중앙대로228번길3(신월동,경상남도창원교육청)"
용댐유원지(월안교),경상남도 창원시 마산합포구 진전면 월안로 86
완월주유소,"경상남도창원시마산합포구자산솔밭로30(완월동,완월주유소)"
동읍파출소 내 화장실,경상남도창원시의창구동읍의창대로902
광려중학교앞 광려천변,경상남도 창원시 마산회원구 내서읍 광려로 113
남양 열린운동장,경상남도 창원시 성산구 남양동 37
달천계곡 입구다리밑,경상남도창원시의창구북면달천길94
성산소방서 화장실,"경상남도 창원시 성산구 상남로 165, 성산소방서 (신월동)"
진해 용추계곡 공중화장실,경상남도 창원시 진해구 마천로103번길 43 (대장동)
광려천변 힐링산책로,경상남도 창원시 마산회원구 내서읍 중리 1451-1
진동종합복지관,"경상남도창원시마산합포구진동면신서촌로15(진동리,진동종합복지타운)"
중앙체육공원,경상남도 창원시 성산구 상남동 45-2
현동행정복지센터,"경상남도 창원시 마산합포구 현동7길 27, 현동 행정복지센터 (현동)"
웅남119안전센터 화장실,경상남도창원시성산구봉양로406(신촌동)
창원시청 시의회 화장실,"경상남도 창원시 성산구 중앙대로 151, 창원특례시청 시의회동 (용호동)"
석전동 게이트볼장,경상남도창원시마산회원구석전동283-5
팔용산 테마공원,경상남도 창원시 마산회원구 양덕동 산 13-3
대장동 정자나무옆,"경상남도 창원시 진해구 대장로 263, 공중화장실 (대장동)"
안민고개 매립장 입구,경상남도 창원시 성산구 안민동 산 144-4
천자봉해오름길(사방댐 앞),경상남도창원시진해구냉천로151
진동근린공원,경상남도창원시마산합포구진동면진북산업로42-82
마산보건소 본관 2층 화장실,"경상남도 창원시 마산합포구 월영동북로 15, 마산보건소 (해운동)"
도천동 체육시설지,"경상남도 창원시 진해구 충장로 10, 도천초등학교 (도천동)"
제황산공원(일년계단),경상남도창원시진해구중원동로52
남산녹지공원(축구장 옆) 화장실,경상남도 창원시 성산구 가음정로 170 (가음동)
젊은이의광장(남산버스터미널) 화장실,경상남도 창원시 성산구 가음정로 122 (가음동)
지산숲,경상남도 창원시 마산합포구 진북면 지산1길 71
관음사 입구,경상남도창원시의창구동정동산45046
수정보건진료소 화장실,"경상남도 창원시 마산합포구 구산면 수정1길 62-44, 수정보건진료소"
삼귀동 해안로변 공원,경상남도 창원시 성산구 귀곡동 754-1
소방정대 화장실,경상남도 창원시 마산합포구 드림베이대로 75 (월영동)
항만동 1층 해양경비안전센터 화장실,"경상남도창원시마산합포구제2부두로30(신포동1가,정부경남지방합동청사)"
환경생태공원,경상남도창원시진해구여명로25번길55
덕산동주민센터 화장실,"경상남도창원시진해구동진로157번길5(풍호동,덕산동주민센터)"
마산야구센터 보조구장 화장실,"경상남도창원시마산회원구삼호로63(양덕동,마산야구센터)"
가포유원지 도로변,경상남도창원시마산합포구가포동711
우리누리청소년문화센터 화장실,"경상남도창원시마산회원구팔용로128(합성동,우리누리청소년문화센터)"
회원1동주민센터 3층 화장실,"경상남도 창원시 마산회원구 회원동11길 7, 회원1동행정복지센터 (회원동)"
팔용산 체육공원,경상남도 창원시 마산회원구 양덕동 산 13-3
합성동 게이트볼장,경상남도창원시마산회원구합성1동495-1
만리들어린이공원,경상남도창원시진해구동진로35번길45094
진해천자원,경상남도 창원시 진해구 진해대로 1426-51 (제덕동)
마산보건소 본관 1층 화장실,"경상남도 창원시 마산합포구 월영동북로 15, 마산보건소 (해운동)"
명서공원화장실,경상남도창원시의창구명서동산55
소계민원센터 화장실,"경상남도 창원시 의창구 소계로84번길 7, 소계민원센터 (소계동)"
종합관광안내센터 화장실,"경상남도 창원시 마산합포구 돝섬1길 9, 돋섬해상유원지 (월영동)"
서원곡입구 주차장,경상남도 창원시 마산합포구 서원곡1길 20 (교방동)
자은종합사회복지관 본관,"경상남도 창원시 진해구 진해대로901번길 7, 자은종합사회복지관 (자은동)"
현대오일뱅크(주)직영 신상남주유소,"경상남도창원시성산구동산로54번길2(상남동,오일뱅크)"
석전민원센터,"경상남도 창원시 마산회원구 석전남16길 84, 석전동 근주어울림센터 (석전동)"
석전동행정복지센터 화장실,"경상남도 창원시 마산회원구 석전동4길 52, 석전동행정복지센터 (석전동)"
용원충전소 화장실,"경상남도창원시진해구진해대로2128(두동,용원충전소)"
삼정자전통놀이공원 화장실,경상남도 창원시 성산구 대암로 293 (남산동)
창원시청 개방화장실,"경상남도 창원시 성산구 중앙대로 151, 창원특례시청 본관동 (용호동)"
창원중앙도서관,"경상남도 창원시 성산구 용호로 50, 창원중앙도서관 (반송동)"
태백동주민센터 화장실,"경상남도 창원시 진해구 중초로9번길 38, 태백동행정복지센터 (경화동)"
청안공원(해인로즈빌앞),경상남도창원시진해구안청로105
남지계곡 입구,경상남도 창원시 성산구 남지동 791-9
(주)케이씨직영대우주유소,"경상남도창원시성산구공단로828(천선동,대우주유소)"
대발령 1쉼터,경상남도창원시진해구진해대로
용마산주유소,"경상남도창원시마산합포구합포로191(산호동,LG천일주유소)"
물향기공원,경상남도창원시의창구사림동169
봉림동주민센터,"경상남도 창원시 의창구 대봉로26번길 5, 봉림동 행정복지센터 (봉림동)"
팔룡동행정복지센터,"경상남도 창원시 의창구 팔용로 435, 팔용동 행정복지센터 (팔용동)"
진전교 옆,경상남도 창원시 마산합포구 진전면 삼진의거대로 35
만날근린공원(푸세식),경상남도 창원시 마산합포구 만날고개1길 60-7 (월영동)
한솔상가 공중화장실,경상남도창원시성산구안민안길14
북면수변공원(다목적광장),경상남도 창원시 의창구 북면 외산리 32-2
한국농어촌공사 창원지사,경상남도창원시의창구대산면진산대로430-51(제동리)
웅남동 주민운동장 화장실,경상남도창원시성산구봉양로541(양곡동)
북면주민자치센터1,경상남도창원시의창구북면천주로1085
동마산보건지소 2층 화장실,"경상남도 창원시 마산회원구 구암남14길 33, 동마산보건지소 (구암동)"
중리체육공원,경상남도창원시마산회원구내서읍광려천남로85
해운주유소,경상남도창원시마산합포구해안대로42(해운동)
내트럭하우스 부산신항사업소 화장실,"경상남도창원시진해구신항북로320(용원동,내트럭(주)부산신항사업소)"
임항선그린웨이(북마산역),경상남도 창원시 마산합포구 노산서2길 68 (상남동)
저도연륙교 주차장,경상남도 창원시 마산합포구 구산면 해양관광로 1880
외동119안전센터 화장실,"경상남도 창원시 성산구 창원대로 786, 외동119안전센터 (외동)"
정병산등산로변,경상남도창원시의창구사림로99번길63
마산야구센터 마산체육관 1층,"경상남도창원시마산회원구삼호로63(양덕동,마산야구센터)"
안청무궁화공원,경상남도창원시진해구청안로265
중앙동 어린이공원,경상남도 창원시 성산구 중앙동 34-1
불곡사 옆 체육공원,경상남도 창원시 성산구 대방동 1048-4
백일아침고요산길,경상남도 창원시 진해구 소사천로40번길 3 (소사동)
가포체육공원파크골프장,경상남도창원시마산합포구가포신항남로37
용호운동장,경상남도 창원시 성산구 용호로 85 (용호동)
웅동119안전센터,경상남도 창원시 진해구 남의로 11 (남양동)
(주)케이씨직영경창주유소,경상남도창원시성산구창원대로872(가음정동)
석동근린공원,경상남도창원시진해구동진로61번길31
창원도서관 별관Ⅰ,"경상남도창원시성산구두대로197-33(중앙동,창원도서관)"
사화근린공원(푸도사),경상남도창원시의창구중동794-11(판매시설)
천자봉해오름길(안민고개7km지점),경상남도창원시진해구풍호동산1-1
봉곡중앙어린이공원,"경상남도 창원시 의창구 봉곡로54번길 17, 공중화장실 (봉곡동)"
합성1동행정복지센터,"경상남도 창원시 마산회원구 합성서3길 21, 합성1동행정복지센터 (합성동)"
마산야구센터 올림픽공연장,"경상남도창원시마산회원구삼호로63(양덕동,마산야구센터)"
대산노인대학(구.대산면사무소),"경상남도 창원시 의창구 대산면 주남로 577, 대산면사무소"
창원시립테니스장 주경기장,"경상남도창원시성산구비음로25번길17(사파동,창원종합테니스장)"
진전면행정복지센터 화장실,"경상남도 창원시 마산합포구 진전면 대실로 155, 진전면 행정복지센터,진전면보건지소"
대장동 용추계곡,경상남도 창원시 진해구 마천로103번길 47 (대장동)
진해웅천동 우체국,"경상남도 창원시 진해구 웅천중로66번길 9, 웅천우체국 (성내동)"
창원상남동우체국,"경상남도 창원시 성산구 동산로 65, 창원상남동우체국 (상남동)"
감계1호근린공원,경상남도 창원시 의창구 북면 감계로140번길 28
경상남도 창원시 진해보건소 2층 화장실,"경상남도창원시진해구진해대로1101(풍호동,진해보건소)"
창원교육지원청 후관 3층화장실,"경상남도창원시의창구중앙대로228번길3(신월동,경상남도창원교육청)"
양봉119안전센터 화장실,"경상남도창원시마산회원구자유무역1길22(양덕동,양봉경찰.소방파출소)"
창원시농업기술센터 진해기술지원과 화장실,경상남도창원시진해구웅천로218창원시농업기술센터진해기술지원과
삼계물놀이장,경상남도창원시마산회원구내서읍광려로8
진전면보건지소 화장실,"경상남도 창원시 마산합포구 진전면 대실로 155, 진전면 행정복지센터,진전면보건지소"
주남저수지 황토주차장 화장실,경상남도 창원시 의창구 동읍 월잠리 84-25
명서주민복지회관화장실,경상남도창원시의창구우곡로101번길45015(명서동)
신목 공용주차장,경상남도 창원시 마산회원구 내서읍 광려로 504
용원국민체육센터,경상남도창원시진해구안청로95(청안동)
진북면행정복지센터,"경상남도 창원시 마산합포구 진북면 지산5길 80, 진북면 행정복지센터"
북마산주유소,경상남도 창원시 마산회원구 무학로 617 (회원동)
창원시청 본관 화장실,"경상남도 창원시 성산구 중앙대로 151, 창원특례시청 본관동 (용호동)"
갈전 공설운동장,경상남도창원시의창구대산면갈전로29768
웅동1동 주민센터 1층 화장실,"경상남도창원시진해구웅동로57번가길6(마천동,웅동1동주민센터)"
협성주유소 화장실,"경상남도창원시진해구월남로150(남양동,협성주유소)"
마산합포도서관,"경상남도 창원시 마산합포구 월영동16길 22, 마산합포도서관 (해운동)"
동읍행정복지센터 화장실,"경상남도 창원시 의창구 동읍 동읍로 88, 동읍행정복지센터"
합성2동 행정복지센터,"경상남도 창원시 마산회원구 합성남8길 46, 합성2동행정복지센터 (합성동)"
사파동행정복지센터,"경상남도 창원시 성산구 대암로 109, 사파동행정복지센터 (대방동)"
사파동주민자치센터,"경상남도 창원시 성산구 대암로 109, 사파동행정복지센터 (대방동)"
사파동민원센터,"경상남도 창원시 성산구 창이대로706번길 16-23, 사파민원센터 (사파동)"
자여민원센터 화장실,"경상남도 창원시 의창구 동읍 자여로 64, 동읍자여민원센터"
덕산동행정복지센터,"경상남도 창원시 진해구 동진로157번길 5, 덕산동행정복지센터 (풍호동)"
가포동행정복지센터 화장실,"경상남도 창원시 마산합포구 가포해안길 33, 가포동 행정복지센터 1층 (가포동)"
상남동 주민자치센터,"경상남도 창원시 성산구 동산로 73, 상남동주민센터 (상남동)"
상남동 행정복지센터,경상남도 창원시 성산구 동산로 73 (상남동)
의창동행정복지센터화장실,"경상남도 창원시 의창구 서상로12번길 75, 의창동 행정복지센터 (서상동)"
의안민원센터 화장실,"경상남도 창원시 의창구 읍성로 25, 의안동주민센터 (북동)"
광암항,경상남도 창원시 마산합포구 진동면 광암회단지길 17
용지공원(포정사일원),경상남도 창원시 성산구 용지로 200 (용호동)
용지공원(관리사 앞),"경상남도 창원시 성산구 용지로169번길 30, 공중화장실 (용지동)"
용지문화공원(신문사앞),경상남도 창원시 성산구 중앙대로186번길 13 (신월동)
안민고개길 입구,경상남도 창원시 성산구 안민동 산 28-1
구산면보건지소 화장실,"경상남도 창원시 마산합포구 구산면 해양관광로 1467, 구산면보건지소"
상복공원 야외공원 화장실,"경상남도창원시성산구공단로474번길160(상복동,창원시립상복공원)"
일광주유소,"경상남도창원시마산합포구용마로7(산호동,일광주유소)"
석동게이트볼,경상남도 창원시 진해구 진해대로 723 (석동)
철물점 골목,경상남도 창원시 진해구 경화시장로 32-3 (경화동)
이동우체국 옆,경상남도 창원시 진해구 충장로 428 (이동)
경화어시장,경상남도 창원시 진해구 경화시장로 35 (경화동)
안민도로 중간(천주교 묘지),"경상남도 창원시 진해구 안민고개길 183, 공중화장실 (경화동)"
경화아파트입구,경상남도 창원시 진해구 경화시장로 34-1 (경화동)
태백동스포츠파크,"경상남도 창원시 진해구 태백서로 92, 공중화장실 (태백동)"
안민도로 입구,경상남도 창원시 진해구 여좌로118번길 70 (태백동)
도천동 체육시설지,경상남도 창원시 진해구 충장로 1 (도천동)
도불산체육지,경상남도 창원시 진해구 여좌로118번길 70 (태백동)
경화동 다목적구장,경상남도 창원시 진해구 조천북로97번길 29 (경화동)
배약국 앞,경상남도 창원시 진해구 경화시장로 26-2 (경화동)
용지동행정복지센터 화장실,"경상남도 창원시 성산구 용지로239번길 19-4, 용지동행정복지센터 (용호동)"
구민회관(야외),"경상남도 창원시 진해구 진해대로 325, 진해구민회관 (태백동)"
배약국 뒤,"경상남도 창원시 진해구 경화로30번길 42, 경화촌국수 (경화동)"
청룡사밑 안민도로변,경상남도 창원시 진해구 진해대로975번길 31 (자은동)
덕산돌산체육시설지,"경상남도 창원시 진해구 진해대로1033번안길 53, 공중화장실 (자은동)"
안민도로 임도변입구,"경상남도 창원시 진해구 병암북로8번길 49, 공중화장실 (석동)"
병암동쉼터,경상남도 창원시 진해구 충장로364번나길 32 (이동)
역도회관옆,"경상남도 창원시 진해구 충무로 43, 진해공설운동장 (도만동)"
속천주차장,경상남도 창원시 진해구 속천로 8-18 (제황산동)
옥계마을,경상남도 창원시 마산합포구 구산면 옥계로 345
일암다리,경상남도 창원시 마산합포구 진전면 적석산길 101
속천방파제,"경상남도 창원시 진해구 태평로 143, 진해수협 (대죽동)"
제황산체육시설지,경상남도 창원시 진해구 인사로 41 (제황산동)
경화동 새마을체육시설지,경상남도 창원시 진해구 조천북로97번길 29 (경화동)
시루봉급 경사길(바람재 밑),"경상남도 창원시 진해구 진해대로1033번안길 53, 공중화장실 (자은동)"
자은시루봉 등산로,"경상남도 창원시 진해구 자은로88번길 41, 자은초등학교 (자은동)"
자은약수터,경상남도 창원시 진해구 자은동 산 1-3
수치 선착장,"경상남도 창원시 진해구 행암로362번길 51, 공중화장실 (원포동)"
장애아동체육지,경상남도 창원시 진해구 진해대로1137번길 24 (장천동)
안민도로 위(전망대아래),"경상남도 창원시 진해구 안민고개길 371, 공중화장실 (석동)"
이동레포츠공원 내,"경상남도 창원시 진해구 충장로468번길 47, 공중화장실 (이동)"
수치(강남-청포횟집),"경상남도 창원시 진해구 행암로362번길 98-1, 공중화장실 (원포동)"
경화시장 공영주차장,"경상남도 창원시 진해구 병암로7번길 9, 공중화장실 (경화동)"
인사동 체육시설지,"경상남도 창원시 진해구 태평로37번안길 28, 공중화장실 (제황산동)"
경화역 쉼터,경상남도 창원시 진해구 충장로305번길 30 (경화동)
상지체육지,경상남도 창원시 진해구 병암북로4번길 53 (석동)
목포지방법원,"전남광주통합특별시 목포시 정의로 29, 광주지방법원목포지원 (옥암동)"
목포지방검찰청,"전남광주통합특별시 목포시 정의로 9, 광주지방검찰청목포지청 (옥암동)"
목포종합버스터미널,전남광주통합특별시 목포시 영산로 525 (상동)
목포자동차검사소,전남광주통합특별시 목포시 옥암로 153 (상동)
목포우체국,"전남광주통합특별시 목포시 영산로 288, 목포우체국 (용당동)"
목포용해동우체국,"전남광주통합특별시 목포시 양을로 220, 목포용해우체국 (용당동)"
목포역,"전남광주통합특별시 목포시 영산로 98, 목포역 (호남동)"
동아어린이공원(우성@동아사이),"전남광주통합특별시 목포시 신흥로 27, 동아어린이공원화장실 (상동)"
하당도시숲(한솔문고뒤),"전남광주통합특별시 목포시 신흥로59번길 8, 하당도시숲공중화장실 (상동)"
수원지웰빙공원,"전남광주통합특별시 목포시 양을로397번길 27, 수원지웰빙공원공중화장실 (상동)"
양을체육(테니스)공원,전남광주통합특별시 목포시 양을산길 37-1 (용해동)
양을산체육공원,전남광주통합특별시 목포시 양을산길 84 (용해동)
백련근린공원(청호중 앞),"전남광주통합특별시 목포시 연산백련로31번길 14, 백연근린공원공중화장실 (연산동)"
삼향천(상),"전남광주통합특별시 목포시 영산로 610-1, 삼향천(상)공중화장실 (석현동)"
용해어린이공원(포미주공109옆),전남광주통합특별시 목포시 포미로 35 (용해동)
쉼터어린이공원(하당1차노인회),"전남광주통합특별시 목포시 입암로4번길 21-1, 쉼터어린이공원화장실 (상동)"
(구) 청호시장 소공원,"전남광주통합특별시 목포시 자유로 3, 구청호시장소공원공중화장실 (산정동)"
북항방파제물량장(1호),"전남광주통합특별시 목포시 청호로219번길 62, 북항방파제물량장1호공중화장실 (죽교동)"
북항친수문화공간(노을공원),"전남광주통합특별시 목포시 청호로219번길 34-22, 북항노을공원공중화장실 (산정동)"
하당근린공원(통신공사옆),"전남광주통합특별시 목포시 통일대로119번길 61, 하당근린공원공중화장실 (옥암동)"
평화광장2호매점,전남광주통합특별시 목포시 평화로 64 (상동)
서남권관광플랫폼,전남광주통합특별시 목포시 평화로 82 (상동)
하당어린이공원(하당동사무소뒤),"전남광주통합특별시 목포시 하당로213번길 6, 하당어린이공원화장실 (상동)"
입암어린이공원(시교육청 뒷편),"전남광주통합특별시 목포시 하당로60번길 14, 입암어린이공원화장실 (상동)"
연안여객선터미널1층,"전남광주통합특별시 목포시 해안로 182, 목포항연안여객터미널 (항동)"
인어바위,전남광주통합특별시 목포시 해안로 25 (온금동)
영해동물양장,"전남광주통합특별시 목포시 해안로 228, 영해동물양장공중화장실 (영해동1가)"
삼학도물량장,"전남광주통합특별시 목포시 삼학로 88-19, 삼학도물량장공중화장실 (산정동)"
김대중기념관앞,"전남광주통합특별시 목포시 삼학로92번길 74, 대중기념관앞공중화장실 (산정동)"
부영어린이공원(부영5차옆),전남광주통합특별시 목포시 삼향천로 23 (옥암동)
둥근근린공원(부흥동사무소옆),"전남광주통합특별시 목포시 삼향천로 38, 둥근근린공원공중화장실 (옥암동)"
중화어린이공원(상동현대옆),"전남광주통합특별시 목포시 상동로21번길 4, 중화어린이공원공중화장실 (상동)"
상동어린이공원(주공3단지옆),"전남광주통합특별시 목포시 상동로 64-1, 상동어린이공원공중화장실 (상동)"
푸른어린이공원(주공4단지 앞),"전남광주통합특별시 목포시 상리로15번길 8, 푸른어린이공원공중화장실 (상동)"
이로근린공원(한국병원 앞),"전남광주통합특별시 목포시 섶나루길 107, 이로근공원공중화장실 (상동)"
이로웰빙공원(라이프2차건너),"전남광주통합특별시 목포시 섶나루길 15, 이로웰빙공원공중화장실 (상동)"
청호근린공원(동초등학교 밑),전남광주통합특별시 목포시 신촌로8번길 15 (산정동)
옥암어린이공원(제일2차옆),"전남광주통합특별시 목포시 신흥로 101, 옥암어린이공원공중화장실 (옥암동)"
이로파출소,"전남광주통합특별시 목포시 하당로 252, 이로파출소 (상동)"
이로동주민센터,"전남광주통합특별시 목포시 백년대로 189, 이로동행정복지센터 (용해동)"
유달산우체국,전남광주통합특별시 목포시 영산로 33번길
유달동주민센터,"전남광주통합특별시 목포시 유동로 19, 유달동행정복지센터 (서산동)"
원산동주민센터,"전남광주통합특별시 목포시 원산로145번길 20, 원산동행정복지센터 (연산동)"
용해동주민센터,"전남광주통합특별시 목포시 용당로 335, 용해동행정복지센터 (용해동)"
용당파출소,전남광주통합특별시 목포시 양을로 239 (용해동)
용당2동주민센터,"전남광주통합특별시 목포시 백년대로 95-5, 용당2동행정복지센터 (용당동)"
유달유원지 B(원형),전남광주통합특별시 목포시 해양대학로 59 (죽교동)
갓바위해양관광지(목포문학관),"전남광주통합특별시 목포시 남농로 105, 갓바위근린공원 (용해동)"
현충공원,"전남광주통합특별시 목포시 남악로 19, 현충공원공중화장실 (옥암동)"
카누경기장(펠리시티몰뒤),"전남광주통합특별시 목포시 남악로 22-5, 카누경기장 (옥암동)"
목포시 실내체육관 테니스장 옆,"전남광주통합특별시 목포시 대양로 286, 목포실내체육관 (상동)"
동목포근린공원(폐선부지아래),"전남광주통합특별시 목포시 동부로62번길 9, 동목포공원 공중화장실 (용당동)"
부주근린공원(파크골프장),"전남광주통합특별시 목포시 부주로 162, 부주근린공원공중화장실 (옥암동)"
북항주차장,전남광주통합특별시 목포시 북항로 160 (죽교동)
북항횟집거리,전남광주통합특별시 목포시 북항로 176 (죽교동)
대삼학도 근린공원 공중화장실,전남광주통합특별시 목포시 삼학로158번길 16-2 (산정동)
난영공원,"전남광주통합특별시 목포시 삼학로92번길 23, 난영공원공중화장실 (산정동)"
삼학도중앙공연장,"전남광주통합특별시 목포시 삼학로92번길 52, 삼학도중앙공연장공중화장실 (산정동)"
버스터미널앞광장,"전남광주통합특별시 목포시 섶나루길 133, 버스터미널앞광장공중화장실 (상동)"
국도시점놀이터(근대역사1관),전남광주통합특별시 목포시 영산로29번길 3 (대의동2가)
송림근린공원(목포대학교),"전남광주통합특별시 목포시 용당로264번길 21, 송림근린공원 공중화장실 (용당동)"
입암산,"전남광주통합특별시 목포시 하당로 21, 입암산공중화장실 (상동)"
목포종합수산시장 앞(주차장),"전남광주통합특별시 목포시 해안로 264, 목포종합수산시장앞공중화장실 (축복동1가)"
유달유원지 A(기와집형),전남광주통합특별시 목포시 해양대학로 65 (죽교동)
서산동연희네,전남광주통합특별시 목포시 해안로163번길 31-3 (금화동)
외달도해변,전남광주통합특별시 목포시 외달도
외달도선착장,전남광주통합특별시 목포시 외달도
경관단지화장실,전남광주통합특별시 목포시 경관단지
노적봉주차장화장실,"전남광주통합특별시 목포시 노적봉길 45, 노적봉 (측후동)"
목포수산물품질관리원,전남광주통합특별시 목포시 통일대로 130 (옥암동)
목포소방서,"전남광주통합특별시 목포시 삼향천로 110, 목포소방서 (옥암동)"
목포세무서,전남광주통합특별시 목포시 호남로58번길 19 (대안동)
목포석현동우체국,전남광주통합특별시 목포시 영산로 674 (석현동)
목포상공회의소,"전남광주통합특별시 목포시 해안로173번길 29, 상공회의소 (중동2가)"
목포보훈지청,전남광주통합특별시 목포시 관해로 29 (용해동)
목포보호관찰소,"전남광주통합특별시 목포시 석현마을길 25, 광주보호관찰소목포지소 (석현동)"
목포기상대,전남광주통합특별시 목포시 고하대로 815 (연산동)
목포교육지원청,"전남광주통합특별시 목포시 교육로 5, 목포시교육청 (상동)"
부주동주민센터,"전남광주통합특별시 목포시 남악1로52번가길 2, 부주동행정복지센터 (옥암동)"
벤처지원센터,전남광주통합특별시 목포시 석현로 46 (석현동)
문예역사관,전남광주통합특별시 목포시 남농로 135
한국문학관,전남광주통합특별시 목포시 남농로 105
목포해양경찰서,전남광주통합특별시 목포시 청호로 231 (산정동)
목포해상케이블카고하도스테이션,전남광주통합특별시 목포시 고하도안길 186 (달동)
목포해상케이블카 북항스테이션,전남광주통합특별시 목포시 해양대학로 240 (죽교동)
목포해상케이블카 유달산승강장,"전남광주통합특별시 목포시 유달로 119-1, 유달산승강장 (온금동)"
목포항국제여객선터미널,"전남광주통합특별시 목포시 해안로148번길 14, 목포국제여객터미널 (해안동1가)"
목포하당동우체국,"전남광주통합특별시 목포시 비파로 101, 하당동우체국 (상동)"
목포지방해양안전심판원,전남광주통합특별시 목포시 통일대로 130 (옥암동)
목포지방해양수산청(북항분실),전남광주통합특별시 목포시 북항로181번길 6-1
목포지방해양수산청,전남광주통합특별시 목포시 통일대로 130 (옥암동)
생활도자기박물관,전남광주통합특별시 목포시 남농로 135
상동파출소,"전남광주통합특별시 목포시 영산로 495-2, 목포경찰서상동지구대 (상동)"
상동주민센터,"전남광주통합특별시 목포시 상리로1번길 32, 상동행정복지센터 (상동)"
삼향동주민센터,"전남광주통합특별시 목포시 영산로 743, 삼향동행정복지센터 (대양동)"
삼학파출소,전남광주통합특별시 목포시 삼학로 151 (산정동)
삼학우체국,전남광주통합특별시 목포시 동명로 10 (산정동)
삼학동주민센터,"전남광주통합특별시 목포시 자유로104번길 35, 삼학동행정복지센터 (산정동)"
산정파출소,"전남광주통합특별시 목포시 마파지로 90, 산정지구대 (산정동)"
산정동주민센터,"전남광주통합특별시 목포시 양을로 144, 산정동행정복지센터 (산정동)"
산정동우체국,전남광주통합특별시 목포시 산정로 162 (용당동)
북항수질관리과,전남광주통합특별시 목포시 청호로220번길 33 (연산동)
북항동주민센터,"전남광주통합특별시 목포시 고하대로 655, 북항동행정복지센터 (산정동)"
부흥동주민센터,"전남광주통합특별시 목포시 삼향천로 28, 부흥동행정복지센터 (옥암동)"
부주파출소,"전남광주통합특별시 목포시 남악1로42번길 21, 부주파출소 (옥암동)"
㈜대창석유직영 삼학주유소,전남광주통합특별시 목포시 영산로 668 (석현동)
중앙주유소,전남광주통합특별시 목포시 산정로 48 (산정동)
청호네트윅스 충전소,"전남광주통합특별시 목포시 대양로 149, 에스오일LPG충전소 (용해동)"
태양주유소,전남광주통합특별시 목포시 옥암로 54 (옥암동)
터미널주유소,전남광주통합특별시 목포시 영산로 536 (상동)
푸른주유소,전남광주통합특별시 목포시 대양로 371 (석현동)
하당푸른주유소,"전남광주통합특별시 목포시 백년대로 197, 하당푸른주유소 (용해동)"
한솔주유소,"전남광주통합특별시 목포시 통일대로 34, 한솔주유소 (상동)"
합동주유소,전남광주통합특별시 목포시 영산로 696 (석현동)
현대셀프주유소,전남광주통합특별시 목포시 백년대로 202-1 (용해동)
현대오일뱅크 emart24 주유소,전남광주통합특별시 목포시 백년대로 81 (용당동)
호남119안전센터,"전남광주통합특별시 목포시 영산로 165, 호남119안전센터 (호남동)"
항동시장,전남광주통합특별시 목포시 수강로12번길 1 (수강동2가)
한국전력공사 목포지점,"전남광주통합특별시 목포시 삼학로 370, 한국전력공사목포지점 (용해동)"
한국은행,전남광주통합특별시 목포시 영산로 109 (명륜동)
한국국토정보공사 목포지점,전남광주통합특별시 목포시 하당로 288 (옥암동)
북항어선물양장,전남광주통합특별시 목포시 고하대로597번길 122-5 (죽교동)
목포시체육회,전남광주통합특별시 목포시 용당로 101 (용당동)
목포시청,"전남광주통합특별시 목포시 양을로 203, 목포시청 (용당동)"
목포요트마리나,"전남광주통합특별시 목포시 삼학로 88-56, 목포요트마리나 (산정동)"
달성각화장실,전남광주통합특별시 목포시 달성각
달성공원화장실,전남광주통합특별시 목포시 달성공원
대학루화장실,전남광주통합특별시 목포시 대학루
양을산 산림욕장화장실,전남광주통합특별시 목포시 양을로
유달산주차장화장실,전남광주통합특별시 목포시 유달산
조각공원화장실,전남광주통합특별시 목포시 조각공원
죽교공원화장실,전남광주통합특별시 목포시 유달로 321 (죽교동)
유선각화장실,전남광주통합특별시 목포시 해안로
어민동산화장실,전남광주통합특별시 목포시 해양대학로 188 (죽교동)
목포시종합사회복지관,전남광주통합특별시 목포시 고하대로 712 (산정동)
목포시장애인종합복지관,"전남광주통합특별시 목포시 하당로205번길 12, 장애인종합복지관 (상동)"
목포시의료원,"전남광주통합특별시 목포시 이로로 18, 목포시의료원 (용해동)"
목포시선거관리위원회,전남광주통합특별시 목포시 백년대로265번길 15 (상동)
목포시보건소,"전남광주통합특별시 목포시 원산로45번길 5, 목포시보건소 (산정동)"
목포시립도서관,"전남광주통합특별시 목포시 용당로160번길 32, 목포시립도서관 (용당동)"
연산파크골프공원(포세식),"전남광주통합특별시 목포시 고하대로 779, 연산파크골프공원공중화장실 (연산동)"
"북항물량장(2호,해경북항파출소)",전남광주통합특별시 목포시 고하대로597번길 27 (죽교동)
산정농공단지앞,"전남광주통합특별시 목포시 고하대로719번길 4, 산정농공단지앞공중화장실 (연산동)"
문화예술회관야외(주차장),전남광주통합특별시 목포시 남농로 122 (용해동)
갓바위공원(중바위),"전남광주통합특별시 목포시 남농로 166-2, 갓바위공원(중바위)공중화장실 (용해동)"
옥암수변공원(주차장),"전남광주통합특별시 목포시 남악로58번길 18, 옥암수변공원공중화장실 (옥암동)"
부주공원(옥암중인근),"전남광주통합특별시 목포시 남악1로42번길 53, 부주공원공중화장실 (옥암동)"
옥암지구어린이공원,전남광주통합특별시 목포시 남악2로52번길 16 (옥암동)
삼향천(소),"전남광주통합특별시 목포시 녹색로 216, 삼향천공중화장실 (옥암동)"
부흥산공원(만남의폭포),전남광주통합특별시 목포시 녹색로 287 (옥암동)
삼향천(대),"전남광주통합특별시 목포시 녹색로134번길 52, 삼향천공중화장실 (옥암동)"
평화광장공원(평화다리 앞),전남광주통합특별시 목포시 미항로 173 (옥암동)
달맞이공원,전남광주통합특별시 목포시 미항로 48 (용해동)
영흥어린이공원(목포간호학원옆),"전남광주통합특별시 목포시 백년대로255번길 12, 영흥어린이공원화장실 (상동)"
신흥어린이공원(신흥초신안사이),"전남광주통합특별시 목포시 하당남부로 17, 신흥어린이공원공중화장실 (상동)"
목원동트윈스타,전남광주통합특별시 목포시 수문로 32 (남교동)
만호동주민센터,"전남광주통합특별시 목포시 수강로12번길 24, 만호동행정복지센터 (보광동2가)"
동명동주민센터,"전남광주통합특별시 목포시 자유로20번길 27, 동명동행정복지센터 (동명동)"
대성동주민센터,전남광주통합특별시 목포시 마파지로 18-5 (대성동)
다도해해상 서부사무소,"전남광주통합특별시 목포시 통일대로 102-1, 다도해해상서부청사 (옥암동)"
농어촌진흥공사 영산강사업소,전남광주통합특별시 목포시 영산로 463 (상동)
남해수질관리과,전남광주통합특별시 목포시 삼학로 222-2 (용해동)
근로복지공단 목포지사,"전남광주통합특별시 목포시 해안로165번길 17-2, 근로복지공단 (유동)"
국제축구센터,"전남광주통합특별시 목포시 내화마을길 89, 목포국제축구센터 (대양동)"
국민연금관리공단목포지점,전남광주통합특별시 목포시 영산로 118
국민건강보험공단 목포지사,"전남광주통합특별시 목포시 삼향천로 171, 국민건강보험공단 목포지사 사옥 (석현동)"
국립호남권생물자원관야외화장실,"전남광주통합특별시 목포시 고하도안길 99, 국립호남권생물자원관 (달동)"
sk 목포주유소,전남광주통합특별시 목포시 양을로 253 (용해동)
sk엔크린 제일충전소,"전남광주통합특별시 목포시 대양로 25, (유)제일충전소 (연산동)"
S-OIL 청호주유소,전남광주통합특별시 목포시 청호로 110-1 (산정동)
갓바위주유소,전남광주통합특별시 목포시 백년대로 190 (용해동)
하당지구대,전남광주통합특별시 목포시 하당로 62 (상동)
하당보건지소,"전남광주통합특별시 목포시 석현로 48, 하당보건지소 (석현동)"
하당동주민센터,"전남광주통합특별시 목포시 하당로 215, 하당동행정복지센터 (상동)"
출입국관리사무소 목포출장소,"전남광주통합특별시 목포시 백년대로412번길 26, 광주출입국관리사무소 (옥암동)"
실내수영장,"전남광주통합특별시 목포시 대양로 286, 목포실내체육관 (상동)"
시민문화체육센터,전남광주통합특별시 목포시 부주로 312 (옥암동)
88체육관,전남광주통합특별시 목포시 부주로 312 (옥암동)
청소년수련원,전남광주통합특별시 목포시 양을로397번길 68 (상동)
창평우체국,"전남광주통합특별시 목포시 수문로20번길 10, 창평동우체국 (창평동)"
중앙파출소,전남광주통합특별시 목포시 영산로121번길 61 (남교동)
죽교파출소,"전남광주통합특별시 목포시 북항로 117, 죽교파출소 (죽교동)"
죽교동주민센터,"전남광주통합특별시 목포시 북항로81번길 6, 죽교동행정복지센터 (죽교동)"
죽교동우체국,"전남광주통합특별시 목포시 원산로 39, 목포죽교동우체국 (산정동)"
자연사박물관,"전남광주통합특별시 목포시 남농로 135, 목포자연사박물관 (용해동)"
자동차등록사무소,전남광주통합특별시 목포시 연산로 191-1 (연산동)
임성리역,전남광주통합특별시 목포시 임성로62번길 18 (옥암동)
목포나들목주유소,전남광주통합특별시 목포시 영산로 811 (대양동)
목포농협주유소,전남광주통합특별시 목포시 영산로 716 (석현동)
목포농협주유소 2호점,전남광주통합특별시 목포시 삼학로 341 (용해동)
목포농협주유소3호점,전남광주통합특별시 목포시 고하대로 820
에메랄드웨딩홀,"전남광주통합특별시 목포시 영산로 613, 에메랄드 웨딩홀 (석현동)"
알리앙스예식장,전남광주통합특별시 목포시 삼학로 328 (용해동)
씨티프라자,"전남광주통합특별시 목포시 남악1로52번길 35-7, 시티프라자 (옥암동)"
성산교회,전남광주통합특별시 목포시 석현로45번길 9 (석현동)
성광빌딩,전남광주통합특별시 목포시 자유로 121 (산정동)
새마을운동목포시지회,전남광주통합특별시 목포시 연산로 34 (산정동)
바다빌딩,"전남광주통합특별시 목포시 옥암로 108, 바다빌딩 (옥암동)"
롯데마트 연산점,전남광주통합특별시 목포시 산정로 287
로고스교회,"전남광주통합특별시 목포시 부흥로 57, 목포로고스교회 (상동)"
대양빌딩,전남광주통합특별시 목포시 비파로 70 (상동)
금성가스충전소,전남광주통합특별시 목포시 삼학로 162 (산정동)
경현빌딩,"전남광주통합특별시 목포시 옥암로 182, 경현빌딩 (석현동)"
건설공제조합 목포지점,전남광주통합특별시 목포시 백년대로 306
KT&G목포지사,전남광주통합특별시 목포시 백년대로 380 (옥암동)
KT 목포하당점,"전남광주통합특별시 목포시 통일대로119번길 81, 전화국 (옥암동)"
KT 동목포지사,"전남광주통합특별시 목포시 용당로 257, KT용당빌딩 (용당동)"
용당1동주민센터,"전남광주통합특별시 목포시 동부로31번길 20, 용당1동행정복지센터 (용당동)"
옥암우체국,전남광주통합특별시 목포시 통일대로 98 (옥암동)
옥암동주민센터,"전남광주통합특별시 목포시 삼향천로 118, 옥암동행정복지센터 (옥암동)"
연산동주민센터,"전남광주통합특별시 목포시 연산로 191, 연산동행정복지센터 (연산동)"
연동파출소,전남광주통합특별시 목포시 영산로 259 (용당동)
연동주민센터,"전남광주통합특별시 목포시 산정로63번길 14-1, 연동행정복지센터 (산정동)"
역전파출소,전남광주통합특별시 목포시 영산로 88-1 (호남동)
양동우체국,"전남광주통합특별시 목포시 북항로 30, 목포양동우체국 (양동)"
신흥동주민센터,"전남광주통합특별시 목포시 하당로 66, 신흥동행정복지센터 (상동)"
신안군교육지원청,전남광주통합특별시 목포시 해안로165번길 25 (중동2가)
서해지방해양경찰청,전남광주통합특별시 목포시 남악로162번길 25 (옥암동)
서해어업관리단,전남광주통합특별시 목포시 해안로 177번길 14
GS칼텍스 제일주유소,전남광주통합특별시 목포시 양을로 75 (산정동)
(유) 청호충전소,전남광주통합특별시 목포시 대양로 52 (연산동)
(유)목포아이씨주유소,전남광주통합특별시 목포시 영산로 834 (대양동)
HD현대오일뱅크㈜직영 호남제일주유소,전남광주통합특별시 목포시 영산로 848 (대양동)
고속에너지 충전소,전남광주통합특별시 목포시 영산로 774 (대양동)
광장주유소,전남광주통합특별시 목포시 백년대로 234 (상동)
남경주유소,전남광주통합특별시 목포시 삼학로 125 (산정동)
국립해양유물전시관,전남광주통합특별시 목포시 남농로 136 (용해동)
국립목포병원,전남광주통합특별시 목포시 신지마을1길 75 (석현동)
국립목포검역소,"전남광주통합특별시 목포시 해안로177번길 20, 목포검역소 (항동)"
KT 목포지사,"전남광주통합특별시 목포시 영산로 118, KT목포지사 (호남동)"
119 연산안전센터,"전남광주통합특별시 목포시 산정공단로 64, 연산119안전센터 (연산동)"
119 경동안전센터,"전남광주통합특별시 목포시 유동로42번길 1, 경동119안전센터 (경동2가)"
목포문화원,전남광주통합특별시 목포시 해안로249번길 34 (상락동1가)
현대빌딩,"전남광주통합특별시 목포시 하당남부로51번길 19, 현대빌딩 (상동)"
한울웨딩문화원,"전남광주통합특별시 목포시 용당로 25, 한울웨딩문화원 (산정동)"
한국산업은행목포지점,"전남광주통합특별시 목포시 백년대로 306, 한국산업은행목포지점영업소 (상동)"
하당 보석사우나,"전남광주통합특별시 목포시 장미로 61, 하당보석사우나 (상동)"
하나님의교회,"전남광주통합특별시 목포시 영산로692번길 5, 목포하나님의 교회 (석현동)"
중앙종합직업전문학교,전남광주통합특별시 목포시 석현로 18 (석현동)
용당교회,"전남광주통합특별시 목포시 양을로 259, 목포용당장로교회 (용해동)"
영문교회,전남광주통합특별시 목포시 삼학로 161 (산정동)
엘아지빌딩,전남광주통합특별시 목포시 영산로 101 (명륜동)
남도주유소,전남광주통합특별시 목포시 영산로 722 (석현동)
남부주유소,전남광주통합특별시 목포시 용당로 76 (산정동)
남선석유(주)남악주유소,전남광주통합특별시 목포시 남악로58번길 2 (옥암동)
남악가스 충전소,전남광주통합특별시 목포시 임성로 34 (석현동)
남악신도시주유소,"전남광주통합특별시 목포시 남악로 51, 남악신도시주유소 (옥암동)"
내트럭(주) 목포사업소,전남광주통합특별시 목포시 대양산단로 154 (대양동)
노벨상주유소(유)그랑프리주유소 목포지점,전남광주통합특별시 목포시 백년대로 82 (용당동)
대성주유소,전남광주통합특별시 목포시 청호로 57 (대성동)
대양에너지 충전소,전남광주통합특별시 목포시 영산로 817
더드림주유소,전남광주통합특별시 목포시 영산로 660 (석현동)
도청주유소,전남광주통합특별시 목포시 녹색로 139 (옥암동)
동부주유소,전남광주통합특별시 목포시 삼학로 100 (산정동)
동화주유소,전남광주통합특별시 목포시 산정로 326 (연산동)
목포YMCA,전남광주통합특별시 목포시 영산로 67-2 (무안동)
목포가스충전소,전남광주통합특별시 목포시 석현로 5 (석현동)
CGV목포,전남광주통합특별시 목포시 교육로 63
CGV 목포평화광장,"전남광주통합특별시 목포시 원형동로 53, 롯데시네마목포8 (상동)"
바다주유소,전남광주통합특별시 목포시 평화로 160 (옥암동)
반디에너지 충전소,전남광주통합특별시 목포시 영산로 648-5 (석현동)
비치주유소,전남광주통합특별시 목포시 고하대로 682 (산정동)
삼학도성당,전남광주통합특별시 목포시 자유로 22-1 (산정동)
서해목포주유소,전남광주통합특별시 목포시 고하대로 806 (연산동)
서해셀프세차장,전남광주통합특별시 목포시 연산로 147 (산정동)
소도,전남광주통합특별시 목포시 부흥로 1 (상동)
신도시주유소,전남광주통합특별시 목포시 백년대로 281 (상동)
신세계주유소,전남광주통합특별시 목포시 백년대로 233 (상동)
신안비치호텔,전남광주통합특별시 목포시 해안로 2 (죽교동)
신안주유소,전남광주통합특별시 목포시 북항로 175 (죽교동)
씨제이대한통운㈜목포주유소,"전남광주통합특별시 목포시 영산로 782, 고속주유소 (대양동)"
연동성당,전남광주통합특별시 목포시 산정로142번길 8 (산정동)
연산주유소,전남광주통합특별시 목포시 고하대로 802 (연산동)
옥두주유소,전남광주통합특별시 목포시 고하대로 814 (연산동)
용당주유소,전남광주통합특별시 목포시 양을로 180 (용당동)
용해주유소,전남광주통합특별시 목포시 대양로 153 (용해동)
유달충전소,전남광주통합특별시 목포시 삼학로 118 (산정동)
유정에너지 충전소,전남광주통합특별시 목포시 백년대로 221 (상동)
일신주유소,전남광주통합특별시 목포시 산정로 122 (산정동)
조은주유소,전남광주통합특별시 목포시 삼학로183번길 1 (산정동)
목포공공도서관,"전남광주통합특별시 목포시 원산주택로3번길 6, 공공도서관 (산정동)"
목포고용노동지청,전남광주통합특별시 목포시 교육로41번길 8 (상동)
목포경찰서,"전남광주통합특별시 목포시 동명로 124, 목포경찰서 (용당동)"
대진주유소,전남광주통합특별시 여수시 문수로 1 (문수동)
동성주유소,전남광주통합특별시 여수시 무선중앙로 98 (선원동)
와온주유소,전남광주통합특별시 여수시 무선로 282 (화장동)
구봉가스3충전소,전남광주통합특별시 여수시 무선로 280 (화장동)
선원주유소,전남광주통합특별시 여수시 무선로 113 (선원동)
묘도주유소,전남광주통합특별시 여수시 묘도1길 142 (묘도동)
호성주유소,전남광주통합특별시 여수시 망마로 97
골드주유소,전남광주통합특별시 여수시 돌산읍 돌산로 3519
나드리주유소,전남광주통합특별시 여수시 돌산읍 돌산로 3500 (우두리)
명성주유소,전남광주통합특별시 여수시 돌산읍 돌산로 3266 (우두리)
해오름2주유소,전남광주통합특별시 여수시 돌산읍 강남해안로 161 (우두리)
순수주유소,"전남광주통합특별시 여수시 도원로 269 (학동, 순수주유소)"
안산주유소,"전남광주통합특별시 여수시 도원로 150 (안산동, 안산주유소)"
도원주유소,"전남광주통합특별시 여수시 도원로 135 (선원동, 도원주유소)"
심포마을 화장실,전남광주통합특별시 여수시 남면 심포안길 14
학동마을 화장실,전남광주통합특별시 여수시 남면 학동해안길 75-1
손양원목사유적공원 화장실,전남광주통합특별시 여수시 율촌면 산돌길 64-15
계동피서지 화장실 및 샤워장,전남광주통합특별시 여수시 계동해안길51
돌산대교 화장실,전남광주통합특별시 여수시 돌산로 3673 (남산동)
쌍봉시장,"전남광주통합특별시 여수시 학동2길 7, 쌍봉시장 (학동)"
여문주유소,전남광주통합특별시 여수시 문수로 79 (문수동)
한가득주유소,전남광주통합특별시 여수시 이순신대로 286 (묘도동)
이순신대교 주유소,전남광주통합특별시 여수시 이순신대로 272
율촌농협주유소,전남광주통합특별시 여수시 율촌면 율촌로 110 (조화리)
신대상주유소,"전남광주통합특별시 여수시 율촌면 여순로 800 (조화리, 대상주유소)"
삼경주유소,전남광주통합특별시 여수시 율촌면 여순로 699 (취적리)
신산주유소,"전남광주통합특별시 여수시 율촌면 여순로 628 (취적리, 신산주유소)"
지호주유소,전남광주통합특별시 여수시 율촌면 서부로 1942 (조화리)
믿음주유소,"전남광주통합특별시 여수시 오동도로 26 (공화동, 믿음주유소)"
중흥주유소,전남광주통합특별시 여수시 여수산단로 765 (중흥동)
조일주유소,전남광주통합특별시 여수시 여수산단로 60 (주삼동)
동화주유소,전남광주통합특별시 여수시 여수산단로 264 (월하동)
산업주유소,전남광주통합특별시 여수시 여수산단로 238
여수산단주유소,전남광주통합특별시 여수시 여수산단로 179 (주삼동)
내트럭(주)여수사업소 충전소,"전남광주통합특별시 여수시 여수산단로 140 (주삼동, 화물차휴게소)"
대동맥주유소,"전남광주통합특별시 여수시 여수산단1로 77 (해산동, 대동맥주유소)"
여천가스충전소,전남광주통합특별시 여수시 쌍봉로 258 (시전동)
개인가스충전소,전남광주통합특별시 여수시 쌍봉로 249 (학용동)
꽃길주유소,전남광주통합특별시 여수시 신월로 773 (봉산동)
국동주유소,전남광주통합특별시 여수시 신월로 725 (국동)
스타주유소,전남광주통합특별시 여수시 신월로 617 (신월동)
세영주유소,"전남광주통합특별시 여수시 신월로 496 (신월동, 주유소)"
해솔주유소,전남광주통합특별시 여수시 시청로 230 (여천동)
즐거운주유소,전남광주통합특별시 여수시 시청로 171 (여천동)
여수중앙주유소,전남광주통합특별시 여수시 소호로 622 (학동)
여수수협주유소,전남광주통합특별시 여수시 소라면 죽림중앙로 5 (죽림리)
소라주유소,"전남광주통합특별시 여수시 소라면 주삼덕양로 14 (덕양리, 소라주유소)"
대포주유소,전남광주통합특별시 여수시 소라면 여순로 250 (대포리)
하늘주유소,전남광주통합특별시 여수시 소라면 여순로 228 (대포리)
덕양시장,전남광주통합특별시 여수시 소라면 하세동길15
여수시 도시관리공단 환경사업소 2층,전남광주통합특별시 여수시 진달래길 310-157
장애인국민체육센터,전남광주통합특별시 여수시 진남체육관길74
망마국민체육센터,전남광주통합특별시 여수시 여천체육공원길 49
진남수영장,전남광주통합특별시 여수시 내동1길 2
서교동 공영주차장 공용화장실,전남광주통합특별시 여수시 진남로 9-1
진남상가 공영주차장  공용화장실,전남광주통합특별시 여수시 진남상가길 15-1
오동도주차타워    공용화장실,전남광주통합특별시 여수시 오동도로 116
여문공원 공영주차장 공용화장실,전남광주통합특별시 여수시 문수동 169-1
동백 공영주차장  공용화장실,전남광주통합특별시 여수시 오동도로 98
향일암 공영주차장 공용화장실,전남광주통합특별시 여수시 향일암로 70-4
남산동 공영주차장 공용화장실,전남광주통합특별시 여수시 남산동  7
여문 공영주차장 공용화장실,전남광주통합특별시 여수시 여서동 237
선원동 공영주차장 공용화장실,전남광주통합특별시 여수시 선원동 1277-1
학동상가 공영주차장 공용화장실,전남광주통합특별시 여수시 시청동 3길 31
쌍봉지구대,"전남광주통합특별시 여수시 흥국로 19 (학동, 쌍봉지구대)"
웅천장도공원,전남광주통합특별시 여수시 웅천동 974-1
양지바름공원(군장),전남광주통합특별시 여수시 화장동 산 12-1
자산공원(해오름전시실),"전남광주통합특별시 여수시 자산공원길 90, 여수항해상교통센터 1층 (종화동)"
수달충전소,전남광주통합특별시 여수시 좌수영로 1162 (주삼동)
주삼주유소,"전남광주통합특별시 여수시 좌수영로 1140 (주삼동, 주삼주유소)"
(주)명진주유소,전남광주통합특별시 여수시 소라면 여순로 198
거북선주유소,"전남광주통합특별시 여수시 소라면 여순로 179 (대포리, 거북선주유소)"
공항주유소,"전남광주통합특별시 여수시 소라면 여순로 146 (대포리, )"
조은주유소,전남광주통합특별시 여수시 소라면 여순로 120 (대포리)
죽림주유소,전남광주통합특별시 여수시 소라면 덕양로 97
the드림주유소,전남광주통합특별시 여수시 소라면 덕양로 323
대신주유소,전남광주통합특별시 여수시 상암로 742 (상암동)
상암주유소,전남광주통합특별시 여수시 상암로 654 (상암동)
청룡주유소,"전남광주통합특별시 여수시 상암로 491 (호명동, 청룡주유소)"
호명주유소,전남광주통합특별시 여수시 상암로 419 (호명동)
대호셀프주유소,전남광주통합특별시 여수시 상암로 224
남도주유소,"전남광주통합특별시 여수시 삼동로 41 (주삼동, 남도주유소)"
거문도우체국,전남광주통합특별시 여수시 삼산면 거문길 28-8
여수개도우체국,전남광주통합특별시 여수시 화정면 개도화산1길6
여수우체국,전남광주통합특별시 여수시 흥국로 24
죽림차동공원,전남광주통합특별시 여수시 소라면 죽림리 1140
성산공원(A동 사무실),전남광주통합특별시 여수시 화장동 949
성산공원(B동사무실),전남광주통합특별시 여수시 화장동 949
선사유적공원,전남광주통합특별시 여수시 화장동 945-1
용기공원,전남광주통합특별시 여수시 학동 201
자산공원 충무정옆,전남광주통합특별시 여수시 자산공원길 88
이순신공원 바다화장실,전남광주통합특별시 여수시 웅천동 1865-1
이순신공원 대형화장실,전남광주통합특별시 여수시 웅천동 1865-1
웅천못공원,전남광주통합특별시 여수시 웅천동 1836
웅천친수공원,전남광주통합특별시 여수시 예울마루로 37-40
청소년문화공원,전남광주통합특별시 여수시 웅천동 1684
동동공원,전남광주통합특별시 여수시 안산동 735
안산소공원,전남광주통합특별시 여수시 안산동 459
신기공원,전남광주통합특별시 여수시 신기북3길 20
거북선공원(정문옆),전남광주통합특별시 여수시 학동 162
거북선공원(체육관 옆),전남광주통합특별시 여수시 학동 162
월하공원,전남광주통합특별시 여수시 신기동 132
항호어린이공원,전남광주통합특별시 여수시 소호2길 14-1
죽림 근린공원,전남광주통합특별시 여수시 소라면 죽림중앙로 21-21
연도우체국,전남광주통합특별시 여수시 남면 연도서부길22
여수여서동우체국,전남광주통합특별시 여수시 여서1로 95-3
여수신기동우체국,전남광주통합특별시 여수시 신기동 새터로 47
여수소호동우체국,전남광주통합특별시 여수시 소호로 506
여수소라우체국,전남광주통합특별시 여수시 소라면 덕양로 445-1
여수선원동우체국,전남광주통합특별시 여수시 화산로 102
여수미평동우체국,전남광주통합특별시 여수시 미평로 67
여수문수동우체국,전남광주통합특별시 여수시 좌수영로 321
돌산우체국,전남광주통합특별시 여수시 돌산읍 방답길 55-1
여수국동우체국,전남광주통합특별시 여수시 신월로 629
여수교동우체국,전남광주통합특별시 여수시 충무로 46
봉산공원,전남광주통합특별시 여수시 봉산남3길 17-22
미평공원,전남광주통합특별시 여수시 미평남5길 15-1 (미평동)
여문공원,전남광주통합특별시 여수시 여문문화2길 46 (문수동)
왕심천공원,전남광주통합특별시 여수시 둔덕7길 28 (둔덕동)
돌산공원 매점뒤,전남광주통합특별시 여수시 돌산읍 돌산로 3578-61
돌산공원 정상,전남광주통합특별시 여수시 돌산읍 돌산로 3578-35
강남정공원,전남광주통합특별시 여수시 강남해안로 129
웅천 해변문화공원,전남광주통합특별시 여수시 웅천남6로 33 (웅천동)
전라남도학생교육문화회관 교육관,전남광주통합특별시 여수시 대통1길 55(화장동)
전라남도학생교육문화회관 본관,전남광주통합특별시 여수시 대통1길 55(화장동)
율촌도서관,"전남광주통합특별시 여수시 율촌면 율촌로 100-11 (조화리, 시립율촌도서관)"
돌산도서관,전남광주통합특별시 여수시 돌산읍 강남해안로 129
소라도서관,전남광주통합특별시 여수시 소라면 덕양로 344
환경도서관,"전남광주통합특별시 여수시 문수로 53-32(문수동, 여수환경도서관)"
현암도서관,전남광주통합특별시 여수시 충민사길 43
쌍봉도서관,전남광주통합특별시 여수시 학동서4길 18-12
송 소 횟 집,전남광주통합특별시 여수시 소호로 236 (소호동)
여수농협 본점,전남광주통합특별시 여수시 좌수영로 355 (문수동)
여수농협 충무지점,전남광주통합특별시 여수시 충무1길 14 (충무동)
이순신도서관,전남광주통합특별시 여수시 웅천6길 51
여자만연안생태 휴양마을 화장실,전남광주통합특별시 여수시 소라면 복산리 산555-6
화태 치끝 화장실,전남광주통합특별시 여수시 남면 화태리 337-8
남면 안도 매표소 화장실,"전남광주통합특별시 여수시 남면 안도해변길 1, 안도간이여객터미널"
하화도 화장실,"전남광주통합특별시 여수시 화정면 아랫꽃섬1길 1-4, 마을창고"
상화도 화장실 2,전남광주통합특별시 여수시 화정면 웃꽃섬2길 41
상화도 화장실 1,전남광주통합특별시 여수시 화정면 상화리 전15
사도 관광센터 내 화장실,"전남광주통합특별시 여수시 화정면 사도길 8-1, 사도관광센타"
추도 화장실,전남광주통합특별시 여수시 화정면 추도길 1
하화도 화장실 및 샤워장,전남광주통합특별시 여수시 화정면 아랫꽃섬2길 2-45
직포마을 화장실,전남광주통합특별시 여수시 남면 우두로 272
두포마을 화장실,전남광주통합특별시 여수시 남면 금오서부로 435-6
두포 해수욕장 화장실,전남광주통합특별시 여수시 남면 금오서부로 480-4
장지마을 화장실,전남광주통합특별시 여수시 남면 장지해안길 5
국립여수검역소,"전남광주통합특별시 여수시 동산7길 7, 국립여수검역소 (동산동)"
치매안심센터 화장실,전남광주통합특별시 여수시 신월로 794 (봉강동)
신흥마을,전남광주통합특별시 여수시 화정면 개도리 312
예울마루화장실,전남광주통합특별시 여수시 예울마루로 100 (시전동)
안도리화장실,"전남광주통합특별시 여수시 남면 안도해수욕장길 105, 익금리해수욕장관리소"
향일암일주문화장실,전남광주통합특별시 여수시 돌산읍 향일암로 58
임포주차장화장실,"전남광주통합특별시 여수시 돌산읍 향일암로 164, 향일암휴게소"
여수공항(2층대합실엘리베이터),"전남광주통합특별시 여수시 율촌면 여순로 386, 여수공항"
여수공항(2층출발2번게이트앞),"전남광주통합특별시 여수시 율촌면 여순로 386, 여수공항"
이순신대교 홍보관 옥외화장실,전남광주통합특별시 여수시 묘도7길 110 (묘도동)
여수공항(1층대합실2번게이트),"전남광주통합특별시 여수시 율촌면 여순로 386, 여수공항"
여수공항(1층도착대합실서편),"전남광주통합특별시 여수시 율촌면 여순로 386, 여수공항"
여수공항(2층대합실공항식당옆),"전남광주통합특별시 여수시 율촌면 여순로 386, 여수공항"
화정면사무소,"전남광주통합특별시 여수시 화정면 백야3길 8-11, 화정면사무소"
개도통합터미널,전남광주통합특별시 여수시 화정면 개도별촌길 94-51
낭도,전남광주통합특별시 여수시 화정면 여산길 82
유림해변화장실,"전남광주통합특별시 여수시 삼산면 거문도등대길 56, 유림화장실샤워장"
여수공항(2층출발1번게이트앞),"전남광주통합특별시 여수시 율촌면 여순로 386, 여수공항"
율촌장도공원(B동),전남광주통합특별시 여수시 율촌면 여동리 390
오동도 사무실 옆,전남광주통합특별시 여수시 수정동 1-11
오동도 광장,전남광주통합특별시 여수시 수정동 1-4
오동도 상가옆,전남광주통합특별시 여수시 수정동 1-11
오동도 등대밑,전남광주통합특별시 여수시 수정동 1-2
오동도 바람골,전남광주통합특별시 여수시 수정동 1-2
오동도 용굴,전남광주통합특별시 여수시 수정동 1-2
오동도 산책로입구,전남광주통합특별시 여수시 수정동 1-2
한산공원 한재터널 위,전남광주통합특별시 여수시 여서동 128-8
종고산,전남광주통합특별시 여수시 동산동 573
장군도,전남광주통합특별시 여수시 중앙동 산1
로 스 티 아,전남광주통합특별시 여수시 돌산읍 돌산로 3116
씨유 여수진남점,전남광주통합특별시 여수시 동문로 1(중앙동)
이순신 전술 신호연 박물관,"전남광주통합특별시 여수시 고소5길 38, (고소동)"
안산동부영2차상가,"전남광주통합특별시 여수시 소호로 659 (안산동, 부영맨션)"
여수YMCA,전남광주통합특별시 여수시 좌수영로 177
죽포마을 팔각정화장실,전남광주통합특별시 여수시 돌산읍 죽포리 920
21세기 부분정비,전남광주통합특별시 여수시 좌수영로 397(미평동)
율촌구시장번영회화장실,전남광주통합특별시 여수시 율촌면 조화리214-9
유채꽃축제위원회 화장실,전남광주통합특별시 여수시 율촌면 반월리516-4
여천농협 시전지점,전남광주통합특별시 여수시 새터로 51(신기동)
진남상가 화장실,전남광주통합특별시 여수시 진남상가길 15-1 (교동)
화양주유소,전남광주통합특별시 여수시 화양면 화양로 1496
장군주유소,전남광주통합특별시 여수시 화양면 화양로 1099-8
무선주유소,전남광주통합특별시 여수시 화산로 110 (선원동)
반디에너지 여수점 충전소,전남광주통합특별시 여수시 한재로 9 (여서동)
여천하나로주유소,전남광주통합특별시 여수시 좌수영로 925 (여천동)
대방주유소,전남광주통합특별시 여수시 좌수영로 841
진남주유소,전남광주통합특별시 여수시 좌수영로 684 (봉계동)
구봉가스2충전소,전남광주통합특별시 여수시 좌수영로 656 (둔덕동)
대성에너지,전남광주통합특별시 여수시 좌수영로 632 (둔덕동)
진성주유소,전남광주통합특별시 여수시 좌수영로 537 (둔덕동)
한려주유소,전남광주통합특별시 여수시 좌수영로 524 (둔덕동)
(주)현우흥진제1주유소,"전남광주통합특별시 여수시 좌수영로 415 (미평동, 흥진주유소)"
문화주유소,전남광주통합특별시 여수시 좌수영로 387 (미평동)
동화가스(주) 여수영업소,전남광주통합특별시 여수시 좌수영로 196 (연등동)
세기주유소,"전남광주통합특별시 여수시 좌수영로 154 (연등동, 세기주유소)"
롯데마트주유소,"전남광주통합특별시 여수시 국포1로 36 (국동, 롯데마트)"
참된주유소,전남광주통합특별시 여수시 상암로 822
여수교육지원청(영재교육원),전남광주통합특별시 여수시 관문동1길 39
여수교육지원청(본관),전남광주통합특별시 여수시 관문동1길 39
"웅천친수공원
(놀이터앞)",전남광주통합특별시 여수시 웅천동 1692
미평공원(놀이터앞),전남광주통합특별시 여수시 둔덕2길 6-11 (미평동)
"양지바름공원
(구 덕양역)",전남광주통합특별시 여수시 덕양리 1412-1
여수해양경찰서,전남광주통합특별시 여수시문수동111-3
여수영재교육원,전남광주통합특별시 여수시 관문동1길 39
국민건강보험공단 여수지사,전남광주통합특별시 여수시 여서로 86 (웅천동)
여수시도시관리공단(체육시설팀),전남광주통합특별시 여수시 오림동 123
교동시장 2,"전남광주통합특별시 여수시 교동시장4길 13-1, 수산시장 방향 (교동)"
교동시장 1,"전남광주통합특별시 여수시 교동시장4길 13-1, 서시장 방향 (교동)"
거문도여객선터미널,전남광주통합특별시 여수시 삼산면 거문길 103
롯데마트 여수점,"전남광주통합특별시 여수시 국포1로 36 (국동, 롯데마트)"
여수수산시장,"전남광주통합특별시 여수시 여객선터미널길 24, 1층, 2층 (교동)"
중앙시장,"전남광주통합특별시 여수시 중앙로 43, 2층 (교동)"
제일시장,전남광주통합특별시 여수시 학동북3길 14-11 (학동)
여천시외버스정류장,전남광주통합특별시 여수시 무선로 200
묘도동 주민센터,"전남광주통합특별시 여수시 묘도1길 67 (묘도동, 묘도동주민센터)"
서강동 주민센터,"전남광주통합특별시 여수시 서교1길 28 (서교동, 서강동주민자치센터)"
삼부주유소,전남광주통합특별시 여수시 해산1길 41 (해산동 )
주삼동 주민센터,"전남광주통합특별시 여수시 여수산단로 35 (주삼동, 주삼동주민센터)"
삼일동 주민센터,전남광주통합특별시 여수시 상암3길 13(상암동)
여천동 주민센터,전남광주통합특별시 여수시 무선로190
시전동 주민센터,전남광주통합특별시 여수시 시전6길 16(신기동)
쌍봉동 주민센터,전남광주통합특별시 여수시 흥국로 25
나진버스승강장,전남광주통합특별시 여수시 화양면 나진리 436-9
향일암버스승강장,전남광주통합특별시 여수시 돌산읍 율림리 38-4
중부민원출장소,전남광주통합특별시 여수시 여서1로 107
여서청사 의회동,전남광주통합특별시 여수시 여서1로 101
미관광장,전남광주통합특별시 여수시 여서1로 101
CCTV관제센터,전남광주통합특별시 여수시 시청로 1
구)보건소,전남광주통합특별시 여수시 시청동 1길 23
안전보건공단 전라남도동부지사,전남광주통합특별시 여수시 무선중앙로 35 (선원동)
여문공원(스포렉스 뒤),전남광주통합특별시 여수시 여서동 237
만덕동 주민센터,전남광주통합특별시 여수시 덕충안길 95
둔덕동 주민자치센터,"전남광주통합특별시 여수시 좌수영로 509 (둔덕동, 둔덕주민자치센터)"
미평동 주민센터,전남광주통합특별시 여수시 미평3길 42(미평동)
여서동 주민센터,전남광주통합특별시 여수시 여서동5길 17
국동 주민센터,전남광주통합특별시 여수시 국동남5길 22
월호동 주민자치센터,전남광주통합특별시 여수시 어항단지로 5
월호동 주민센터,전남광주통합특별시 여수시 신월로 598
대교동 주민센터,전남광주통합특별시 여수시 봉산남2길 7-7
삼룡조선소옆,전남광주통합특별시 여수시 신월동 112-64
어항단지 입구화장실,전남광주통합특별시 여수시 봉산동 96-6
국동항내화장실,전남광주통합특별시 여수시 봉산동 100-13
대포쉼터 화장실,전남광주통합특별시 여수시 소라면 엑스포대로 1990
여수문 쉼터 화장실,전남광주통합특별시 여수시 소라면 엑스포대로 2001
이순신대교 전망대,전남광주통합특별시 여수시 묘도7길 110 (묘도동)
영당지,전남광주통합특별시 여수시 어항단지로 222-32(남산동)
충민사(유물전시관),전남광주통합특별시 여수시 충민사길 52-23
충민사(사당),전남광주통합특별시 여수시 충민사길 52-23
모사금해수욕장,전남광주통합특별시 여수시 오천3길 58 (오천동)
신덕해수욕장,전남광주통합특별시 여수시 신덕2길 10
만성리 파출소 옆,전남광주통합특별시 여수시 망양로 219
만성리해수욕장(자갈밭),전남광주통합특별시 여수시 만성리길 58
만성리해변횟집 옆,전남광주통합특별시 여수시 만성리길 35
방죽포해수욕장(송림),전남광주통합특별시 여수시 돌산읍 향일암로 804-19
방죽포해수욕장(주차장),전남광주통합특별시 여수시 돌산읍 향일암로 822
무슬목 유원지,전남광주통합특별시 여수시 돌산읍 돌산로 2876
돌산진두앞 화장실,전남광주통합특별시 여수시 돌산읍 진두해안길 37
해양공원 D동,전남광주통합특별시 여수시 이순신광장로 188-1 (종화동)
해양공원 C동,전남광주통합특별시 여수시 이순신광장로 160 (중앙동)
해양공원 B동,전남광주통합특별시 여수시 이순신광장로 146 (중앙동)
도깨비시장,전남광주통합특별시 여수시 학동서5길 18 (학동)
서도항 공중화장실,전남광주통합특별시 여수시 삼산면 장덕로 447
녹도공원,전남광주통합특별시 여수시 신기동 145
화정면 적금 전망공원공중화장실,전남광주통합특별시 여수시 화정면 적금리 162
화정면 조발 더섬힐링센터화장실,전남광주통합특별시 여수시 화정면 조발리 산 25-4
소라면 현천가사리 공중화장실,전남광주통합특별시 여수시 소라면 현천리 1034-18
도마뱀피싱(낚시레저스포츠센터),"전남광주통합특별시 여수시 어항단지로 42, 여수낚시레저스포츠센터 (국동)"
농협은행(주)여수시지부,"전남광주통합특별시 여수시 중앙로 49, 농협중앙회여수시지부 (교동)"
롯데리아 여수중앙점,전남광주통합특별시 여수시 통제영3길 12 (교동)
여자만해넘이 전망대,"전남광주통합특별시 여수시 화양면 화서로 7-30, 여자만 해넘이전망대"
남면 학동마을,전남광주통합특별시 여수시 남면 우두로 53
진남관(유물전시관),전남광주통합특별시 여수시 군자동 480
흥국사(체육시설 옆),전남광주통합특별시 여수시 중흥동 21
흥국사(매표소 옆),전남광주통합특별시 여수시 흥국사길 160
웅천 자당공원(주차장),전남광주통합특별시 여수시 신월로 195
웅천 자당공원(관리사),전남광주통합특별시 여수시 신월로 195
웅천 오충사,전남광주통합특별시 여수시 웅천동 1805
선소유적공원,전남광주통합특별시 여수시 시전동 745-1
자산공원(빠삐용관),전남광주통합특별시 여수시 자산공원길 88 (종화동)
백야등대,"전남광주통합특별시 여수시 화정면 백야등대길 48, 해상교통 관제센터"
해양공원 A동,전남광주통합특별시 여수시 이순신광장로 126-1 (중앙동)
꽃가람공원,전남광주통합특별시 여수시 덕충동 2093
안산공원,전남광주통합특별시 여수시 학동 산8
시목공원,전남광주통합특별시 여수시 신기남길 15
원학동공원,전남광주통합특별시 여수시 학용동 산57-2
옛철길공원,전남광주통합특별시 여수시 오림동 350-8
만흥공원,전남광주통합특별시 여수시 만흥동 산213-3
암골못공원,전남광주통합특별시 여수시 웅천동 1816-1
㈜서시장,"전남광주통합특별시 여수시 서교연등천길 43, 지하1층 (서교동)"
서시장주변시장(먹거리광장),전남광주통합특별시 여수시 서교2길 2-7(서교동)
여수시외버스종합터미널,전남광주통합특별시 여수시 좌수영로 268
광림동 주민센터,전남광주통합특별시 여수시 광무3길 38-5
충무동 주민센터,전남광주통합특별시 여수시 연등1길 26
중앙동 주민센터,전남광주통합특별시 여수시 중앙로 99
구)역전시장 1층,전남광주통합특별시 여수시 공화북3길 20
한려동 주민자치센터,전남광주통합특별시 여수시 공화남3길 5
한려동 주민센터,전남광주통합특별시 여수시 수정2길 9
여수출입국외국인사무소,"전남광주통합특별시 여수시 무선로 265, 여수출입국관리사무소 (화장동)"
문수동 행정복지센터,"전남광주통합특별시 여수시 여문1로 71, 문수동주민센터 1층 (문수동)"
묘도동 주민자치센터,전남광주통합특별시 여수시 묘도1길 60 (묘도동)
진남체육공원 배드민턴장,"전남광주통합특별시 여수시 진남체육관길 74, 진남경기장 (오림동)"
율촌장도공원(C동),전남광주통합특별시 여수시 율촌면 율촌산단2로 241-55
율촌장도공원(A동),전남광주통합특별시 여수시 율촌면 여동리 산10
선원뜨레공원,전남광주통합특별시 여수시 선원동 202-3
무선산,전남광주통합특별시 여수시 선원동 산43
오동도 입구관리동,"전남광주통합특별시 여수시 오동도로 132, 오동도 입구 관리동 (수정동)"
호령마을,전남광주통합특별시 여수시 화정면 개도리 1674-2
낭도 여산화장실,전남광주통합특별시 여수시 화정면 여산길 82
여산마을,전남광주통합특별시 여수시 화정면 여산길 56
낭도캠핑장,"전남광주통합특별시 여수시 화정면 여산길 150, 여천낭도중학교"
조발도 공중화장실,전남광주통합특별시 여수시 화정면 화양조발대교로 151
둔병도 공중화장실,전남광주통합특별시 여수시 화정면 둔병도길 25-1
제도 공중화장실,전남광주통합특별시 여수시 화정면 제도해안길 1
여수시청,전남광주통합특별시 여수시 시청로 1
유람선선착장 앞,전남광주통합특별시 여수시 돌산읍 돌산로 3617-7
거북선 앞,전남광주통합특별시 여수시 돌산로 3617-38
낭도피서지,전남광주통합특별시 여수시 화정면 여산길 142-20
중부보건지소,전남광주통합특별시 여수시 여서동5길 21-1 (여서동)
여수시 보건소,전남광주통합특별시 여수시 시청서4길 47 (학동)
독정항 공중화장실,전남광주통합특별시 여수시 남면 독정길 34
화양면사무소,전남광주통합특별시 여수시 화양면 나진길 16-10
화양면민회관,"전남광주통합특별시 여수시 화양면 화양로 1436-5, 면민회관"
화양농협(화양지점),전남광주통합특별시 여수시 화양면 화양로 1385
화정파출소,"전남광주통합특별시 여수시 화정면 백야2길 9 (백야리, 화정파출소)"
화양파출소,"전남광주통합특별시 여수시 화양면 나진길 14-12 (나진리, 화양파출소)"
여수경찰서,"전남광주통합특별시 여수시 하멜로 2 (고소동, 여수경찰서)"
삼일파출소,전남광주통합특별시 여수시 중흥4로 20-10 (중흥동)
미평파출소,"전남광주통합특별시 여수시 좌수영로 431 (둔덕동, 미평치안센터)"
광무파출소,"전남광주통합특별시 여수시 좌수영로 150 (연등동, 광무치안센터)"
동문파출소,"전남광주통합특별시 여수시 이순신광장로 200-1 (종화동, 동문치안센터)"
율촌파출소,"전남광주통합특별시 여수시 율촌면 율촌로 103 (조화리, 율촌파출소)"
여문파출소,전남광주통합특별시 여수시 여문1로 31
봉산파출소,"전남광주통합특별시 여수시 어항로 43 (봉산동, 봉산지구대)"
중앙파출소,"전남광주통합특별시 여수시 수정2길 14 (수정동, 중앙동치안센터)"
소라파출소,"전남광주통합특별시 여수시 소라면 덕양로 452 (덕양리, 소라파출소)"
신기파출소,"전남광주통합특별시 여수시 새터로 31 (신기동, 신기지구대)"
동문동 주민센터,전남광주통합특별시 여수시 관문1길 19
정강(진막)해수욕장 화장실,전남광주통합특별시 여수시 삼산면 정강해수욕장길 77
대풍(대동)해수욕장 화장실,전남광주통합특별시 여수시 삼산면 초도리 산2773
손죽해수욕장 화장실,전남광주통합특별시 여수시 삼산면 손죽길 78
거문도(이금포)해수욕장 화장실,전남광주통합특별시 여수시 삼산면 녹산등대길 13-9
거문도(유림)해수욕장 화장실,전남광주통합특별시 여수시 삼산면 거문도등대길 56
인어공원 화장실,전남광주통합특별시 여수시 삼산면 녹산등대길 8-26
삼호교 화장실,전남광주통합특별시 여수시 삼산면 거문리 111-35
돌산읍 죽포출장소 외부화장실,"전남광주통합특별시 여수시 돌산읍 죽포길 23, 죽포리 노인회관 2층"
돌산읍 죽포출장소 화장실,"전남광주통합특별시 여수시 돌산읍 죽포길 23, 죽포리 노인회관"
돌산읍사무소,"전남광주통합특별시 여수시 돌산읍 돌산로 1253-6 (군내리, 돌산읍사무소)"
돌산읍우두출장소,"전남광주통합특별시 여수시 돌산읍 강남로 32 (우두리, 돌산읍우두출장소)"
진남체육공원 국장장,전남광주통합특별시 여수시 진남체육관길 74(오림동)
진남체육공원 복합구장,전남광주통합특별시 여수시 진남체육관길 74(오림동)
진남체육공원 진남체육관,전남광주통합특별시 여수시 진남체육관길 74(오림동)
진남체육공원 유도장,전남광주통합특별시 여수시 진남체육관길 74(오림동)
신월동공중화장실,전남광주통합특별시 여수시 신월동 1240-17
여천선착장,전남광주통합특별시 여수시 남면 여천금이길 11-9
함구미,전남광주통합특별시 여수시 남면 용머리길 34-5
소호요트마리나,전남광주통합특별시 여수시 소호로 392
장등해수욕장,전남광주통합특별시 여수시 화양면 장수로 201-31
제도보건진료소,"전남광주통합특별시 여수시 화정면 제도해안길 63 (제도리, 제도보건진료소)"
적금보건진료소,"전남광주통합특별시 여수시 화정면 적금뒷등길 27 (적금리, 적금보건진료소)"
월호보건진료소,전남광주통합특별시 여수시 화정면 월호골길 13 (월호리)
낭도보건진료소,"전남광주통합특별시 여수시 화정면 여산길 62 (낭도리, 낭도보건진료소)"
상하화보건진료소,전남광주통합특별시 여수시 화정면 아랫꽃섬1길 4-5
화정보건지소,"전남광주통합특별시 여수시 화정면 백야해안길 40 (백야리, 화정보건지소)"
여자보건진료소,"전남광주통합특별시 여수시 화정면 마파지길 17 (여자리, 여자보건진료소)"
개도보건지소,"전남광주통합특별시 여수시 화정면 개도화산1길 8 (개도리, 개도보건지소)"
화양보건지소,"전남광주통합특별시 여수시 화양면 화양로 1436-9, 화양 보건지소"
장수보건진료소,"전남광주통합특별시 여수시 화양면 장수자매길 8-2, 장수 보건 진료소"
세포보건진료소,"전남광주통합특별시 여수시 화양면 장수로 19, 보건소"
감도보건진료소,"전남광주통합특별시 여수시 화양면 감도길 2, 감도보건진료소"
상봉보건진료소,"전남광주통합특별시 여수시 율촌면 상봉1길 28 (상봉리, 상봉보건 진료소)"
흥국체육관,"전남광주통합특별시 여수시 선소로 93 (학동, 여수흥국체육관)"
진모축구장 화장실,전남광주통합특별시 여수시 돌산읍 강남해안로 196 (우두리)
돌산체육관,전남광주통합특별시 여수시 돌산읍 강남로 18 (우두리)
여석대합실,"전남광주통합특별시 여수시 화정면 여석길 63-15 (개도리, 대합실)"
송여자화장실,전남광주통합특별시 여수시 화정면 송여자길 48
백야선착장 화장실,전남광주통합특별시 여수시 화정면 백야리 51-3
신월동넙너리,전남광주통합특별시 여수시 신월5길 41 (신월동)
한일관옆 화장실,전남광주통합특별시 여수시 봉산남9길 30-12 (봉산동)
직포항화장실,전남광주통합특별시 여수시 남면 두모리 945-17
우학터미널,"전남광주통합특별시 여수시 남면 금오로 889 (우학리, 남면여객선터미널)"
현대주유소,전남광주통합특별시 여수시 좌수영로 1246 (해산동 )
율촌 송도 도선선착장 화장실,전남광주통합특별시 여수시 율촌면 조화리 957
미평공원(오림동),"전남광주통합특별시 여수시 내동1길 2-2, 미평공원(오림동) (오림동)"
선산공원(놀이터 앞),"전남광주통합특별시 여수시 성산6길 53-12, 성산공원(놀이터 앞) (화장동)"
삼산파출소,"전남광주통합특별시 여수시 삼산면 거문길 26-8 (거문리, 삼산파출소)"
만흥파출소,"전남광주통합특별시 여수시 망양로 221 (만흥동, 만흥파출소)"
돌산파출소,"전남광주통합특별시 여수시 돌산읍 돌산로 1253-8 (군내리, 돌산치안센터)"
남산파출소,전남광주통합특별시 여수시 남산북10길 2
남면파출소,전남광주통합특별시 여수시 남면 금오로 870
여천역,전남광주통합특별시 여수시 시청로 200
여수엑스포역,전남광주통합특별시 여수시 망양로 2
여수공항(1층대합실 1번게이트),전남광주통합특별시 여수시 율촌면 여순로 386
엑스포여객선터미널,전남광주통합특별시 여수시 엑스포대로 320-66
여수세무서,전남광주통합특별시 여수시 좌수영로 948-5
여수세관,전남광주통합특별시 여수시 웅천북로 39
여수고용노동지청,전남광주통합특별시 여수시 웅천북로 33
사곡보건진료소,"전남광주통합특별시 여수시 소라면 상사길 21 (사곡리, 사곡보건진료소)"
봉두보건진료소,"전남광주통합특별시 여수시 소라면 당촌길 57-1 (봉두리, 봉두 보건 진료소)"
복산보건진료소,"전남광주통합특별시 여수시 소라면 달천길 135 (복산리, 복산보건진료소)"
상암보건지소,"전남광주통합특별시 여수시 상암3길 9 (상암동, 상암보건지소)"
동도보건진료소,"전남광주통합특별시 여수시 삼산면 죽촌1길 24-1 (동도리, 동도보건진료소)"
서도보건진료소,"전남광주통합특별시 여수시 삼산면 장촌3길 9-6 (서도리, 서도보건진료소)"
손죽보건진료소,전남광주통합특별시 여수시 삼산면 우데미길 12 (손죽리)
진남체육공원 씨름장,전남광주통합특별시 여수시 진남체육관길 74(오림동)
진남체육공원 인라인경기장(외),전남광주통합특별시 여수시 진남체육관길 74(오림동)
진남체육공원 인라인경기장(내),전남광주통합특별시 여수시 진남체육관길 74(오림동)
진남체육공원 진남테니스장(외),전남광주통합특별시 여수시 진남체육관길 74(오림동)
진남체육공원 진남테니스장(내),전남광주통합특별시 여수시 진남체육관길 74(오림동)
진남체육공원 진남야구장,전남광주통합특별시 여수시 진남체육관길 74(오림동)
진남체육공원 진남스포츠센터,전남광주통합특별시 여수시 진남체육관길 74(오림동)
진남체육공원 진남경기장,전남광주통합특별시 여수시 진남체육관길 74(오림동)
망마게이트볼장,전남광주통합특별시 여수시 여천체육공원길 49
망마보조경기장,전남광주통합특별시 여수시 여천체육공원길 49
임시주차장(족구장),전남광주통합특별시 여수시 여천체육공원길 49
직4문(육상경기연맹),전남광주통합특별시 여수시 여천체육공원길 49
직3문(복싱연합회),전남광주통합특별시 여수시 여천체육공원길 49
직2문(시립국악단),전남광주통합특별시 여수시 여천체육공원길 49
직1문(시립합창단),전남광주통합특별시 여수시 여천체육공원길 49
여수지방해양수산청,전남광주통합특별시 여수시 여서1로 107
여수삼일동우체국,전남광주통합특별시 여수시 여수산단로 274-5
여수남면우체국,전남광주통합특별시 여수시 남면 내외진안길 13
여수동문동우체국,전남광주통합특별시 여수시 동문로 52
화정우체국,전남광주통합특별시 여수시 화정면 백야2길 7
여수화양우체국,전남광주통합특별시 여수시 화양면 나진길 8
초도우체국,전남광주통합특별시 여수시 삼산면 의성길24
여수죽포우체국,전남광주통합특별시 여수시 돌산읍 향일암로 958
율촌우체국,전남광주통합특별시 여수시 율촌면 동산개길 19
상하금공원(대형),전남광주통합특별시 여수시 소라면 덕양로 21-18 (힐스테이트 죽림 젠트리스)
상하금공원(중형),전남광주통합특별시 여수시 소라면 덕양로 21-18 (힐스테이트 죽림 젠트리스)
세종공원,전남광주통합특별시 여수시 문수7길 14 (문수동)
남산공원(관리사무소 옆),전남광주통합특별시 여수시 남산남3길 13 (남산동)
남산공원,전남광주통합특별시 여수시 남산남3길 13 (남산동)
거북선 모형관 화장실,전남광주통합특별시 여수시 돌산읍 우두리 799-80
유람선 선착장 화장실,전남광주통합특별시 여수시 돌산읍 돌산로 3617-17
조명연합수군 테마관광지 화장실,전남광주통합특별시 여수시 묘도동 산 127-52
사도(중도) 화장실 및 샤워장,전남광주통합특별시 여수시 화정면 사도길 31-62
성두고개 화장실,전남광주통합특별시 여수시 돌산읍 율림리 산 171-4
적금 노을길 화장실,전남광주통합특별시 여수시 화정면 적금리 294-2
월전마을 화장실,전남광주통합특별시 여수시 남면 화태리 67-8
오포대,전남광주통합특별시 여수시 고소동 306-5
초도보건소,"전남광주통합특별시 여수시 삼산면 대동길 78 (초도리, 초도보건소)"
삼산보건지소,"전남광주통합특별시 여수시 삼산면 거문길 122 (거문리, 보건지소)"
묘도보건진료소,"전남광주통합특별시 여수시 묘도10길 6 (묘도동, 묘도보건진료소)"
동부보건지소,전남광주통합특별시 여수시 동문로 99 (공화동)
율림보건진료소,전남광주통합특별시 여수시 돌산읍 향일암로 269-6 (율림리)
평사보건진료소,"전남광주통합특별시 여수시 돌산읍 평사로 560-6 (평사리, 평사보건진료소)"
송도보건진료소,전남광주통합특별시 여수시 돌산읍 송도길 51 (군내리)
돌산보건지소,"전남광주통합특별시 여수시 돌산읍 방답길 55 (군내리, 돌산 보건 지소)"
금성보건진료소,전남광주통합특별시 여수시 돌산읍 돌산로 617-2 (금성리)
죽포보건진료소,"전남광주통합특별시 여수시 돌산읍 돌산로 2080-8 (죽포리, 죽포보건지소)"
경호보건진료소,"전남광주통합특별시 여수시 대경도2길 5 (경호동, 경호동보건진료소)"
횡간보건진료소,전남광주통합특별시 여수시 남면 횡간중앙길 14-2 (횡간리)
화태보건진료소,"전남광주통합특별시 여수시 남면 화태길 28 (화태리, 화태보건진료소)"
연도보건지소,"전남광주통합특별시 여수시 남면 연도서부안길 17 (연도리, 연도보건지소)"
안도보건진료소,"전남광주통합특별시 여수시 남면 안도해변길 49-7 (안도리, 안도보건진료소)"
유송보건진료소,전남광주통합특별시 여수시 남면 솔고지길 71-11 (유송리)
보건진료소,"전남광주통합특별시 여수시 남면 대두길 87-1 (두라리, 보건진료소)"
남면보건지소,"전남광주통합특별시 여수시 남면 금오로 858 (우학리, 남면보건지소)"
망마관리팀 사무실위층,전남광주통합특별시 여수시 여천체육공원길 49
망마관리팀 사무실옆,전남광주통합특별시 여수시 여천체육공원길 49
이순신광장,전남광주통합특별시 여수시 중앙로 74 (중앙동)
코아상가,전남광주통합특별시 여수시 여문2로 73 (문수동)
이 레 타 운,전남광주통합특별시 여수시 무선로 6 (학동)
제 일 병 원,전남광주통합특별시 여수시 쌍봉로 70 (학동)
농협중앙회신여수지점,전남광주통합특별시 여수시 시청로 49 (학동)
오동도회관,전남광주통합특별시 여수시 오동도로 98-1 (수정동)
헤 밍 웨 이,전남광주통합특별시 여수시 남산로 8 (남산동)
근로복지공단 여수지사,전남광주통합특별시 여수시 문수로 125
연안여객선터미널,전남광주통합특별시 여수시 여객선터미널길 17
동산공원,전남광주통합특별시 순천시 유동2길 4 (조례동)
호반1공원,전남광주통합특별시 순천시 연향동 1593
왕지공원,전남광주통합특별시 순천시 왕궁2길 26 (조례동)
풍덕공원,전남광주통합특별시 순천시 풍덕동 1287
버드네공원,전남광주통합특별시 순천시 해룡면 기적의도서관2길 21
죽도봉공원,"전남광주통합특별시 순천시 죽도봉길 81, (강남정앞) (조곡동)"
죽도봉공원,"전남광주통합특별시 순천시 죽도봉길 81, (연자루옆) (조곡동)"
봉화산공원,전남광주통합특별시 순천시 서면 압곡리 산238
기적소리전망대 화장실,전남광주통합특별시 순천시 율전2길 26 (조곡동)
호남호국기념관 화장실,전남광주통합특별시 순천시 원연향길 17 (연향동)
(유) 성산주유소 화장실,전남광주통합특별시 순천시 해광로 101
황전(전주방향)고객주유소,전남광주통합특별시 순천시 황전면 순천완주고속도로 28
하나주유소(알뜰주유소) 화장실,"전남광주통합특별시 순천시 서면 삼산로 258 (선평리, 주유소)"
광명알뜰주유소 화장실,전남광주통합특별시 순천시 이수로 272 (조례동)
위즈코프(주)주암휴게소(순천방향)주유소,"전남광주통합특별시 순천시 주암면 호남고속도로 23 (고산리, 주암휴게소)"
새롬주유소 화장실,"전남광주통합특별시 순천시 해룡면 여순로 1300 (호두리, 새롬주유소)"
해룡LPG충전소 화장실,"전남광주통합특별시 순천시 해룡면 여순로 1643 (대안리, 해룡LPG가스충전소)"
가곡LPG충전소 화장실,전남광주통합특별시 순천시 중앙로 432(가곡동)
상사호 야구장 화장실,전남광주통합특별시 순천시 상사면 상사호길 501
주암호(본댐) 주차장 화장실,전남광주통합특별시 순천시 주암면 주암호길 158
주암호(본댐) 전망대화장실,전남광주통합특별시 순천시 주암면 주암댐길 127
상사호 (정상 매점) 화장실,전남광주통합특별시 순천시 상사면 상사호길 555
물문화관 화장실,"전남광주통합특별시 순천시 상사면 상사호길 555, 물홍보관"
순천역 화장실,전남광주통합특별시 순천시 팔마로 135
동아가스충전소 화장실,전남광주통합특별시 순천시 중앙로 371(가곡동)
순천만주유소 화장실,전남광주통합특별시 순천시 중앙로 412(가곡동)
구례구역 고객화장실,전남광주통합특별시 순천시 섬진강로 217
황전(순천방향)휴게소 화장실,전남광주통합특별시 순천시 황전면 순천완주 고속도로 25
황전(전주방향)휴게소 화장실,전남광주통합특별시 순천시 황전면 순천완주고속도로 28
한국도로공사 서순천영업소 화장실,전남광주통합특별시 순천시 서면 남해고속도로 122
주암휴게소(순천방향)화장실,전남광주통합특별시 순천시 주암면 호남고속도로 23
주암(천안방향)휴게소 화장실,전남광주통합특별시 순천시 주암면 호남고속도로 24
순천휴게소(순천방향),"전남광주통합특별시 순천시 서면 호남고속도로 3 (비월리, 승주(하)휴게실)"
국민건강보험공단 순천지사 1층 정문 화장실,전남광주통합특별시 순천시 풍덕새길 15-4
한국폴리텍대학 순천캠퍼스 화장실,"전남광주통합특별시 순천시 기적의도서관1길 41 (조례동, 한국폴리텍Ⅴ대학 순천캠퍼스)"
남정행운주유소 화장실,전남광주통합특별시 순천시 우석로 83(남정동)
이마트1층 화장실,전남광주통합특별시 순천시 팔마로 191
홈플러스 순천점 화장실,전남광주통합특별시 순천시 신월큰길 10(조례동)
홈플러스 화장실,전남광주통합특별시 순천시 팔마로 222(풍덕동)
순천터미널 공용화장실,전남광주통합특별시 순천시 장천3길 13(순천터미널)
㈜진에너텍 해룡주유소 화장실,"전남광주통합특별시 순천시 해룡면 여순로 1084 (호두리, 해룡주유소)"
정운 주유소 화장실,"전남광주통합특별시 순천시 해룡면 여순로 1286 (호두리, 꿈이있는주유소)"
승주읍사무소1층화장실,전남광주통합특별시 순천시 승주읍 승주로 731
상사면 행정복지센터 화장실,전남광주통합특별시 순천시 상사면 상사호길 330
월등면행정복지센터공중화장실,"전남광주통합특별시 순천시 월등면 월등로 571 (대평리, 월등면사무소)"
별량면종합복지회관,"전남광주통합특별시 순천시 별량면 별량장길 38(봉림리, 별량면 종합복지회관)"
전남동부보훈지청 1층,"전남광주통합특별시 순천시 팔마2길 7, 순천보훈지청 (연향동)"
지에스칼텍스㈜ 이마트순천점 화장실,전남광주통합특별시 순천시 팔마로 197-16
서면주유소 화장실,전남광주통합특별시 순천시 서면 순천로 252
용오름계곡화장실,전남광주통합특별시 순천시 주암면 운룡용두길 13
삼산동 행정복지센터(2층),전남광주통합특별시 순천시 삼산로 3 (석현동)
순천만국가정원 관람차 매표소 화장실,전남광주통합특별시 순천시 국가정원1호길 152-55 (풍덕동)
풍덕수변공원 화장실,전남광주통합특별시 순천시 풍덕동 828-28
연향3근린공원 화장실,전남광주통합특별시 순천시 연향동 1694
범암1공원 화장실,전남광주통합특별시 순천시 왕지3길 40 (왕지동)
호반3공원(기적의놀이터 1호) 화장실,전남광주통합특별시 순천시 연향동 1630
강청수변공원1 화장실,전남광주통합특별시 순천시 서면 강청수변길 52
옥녀봉 화장실,전남광주통합특별시 순천시 해룡면 신대리 2161 어린이놀이터
율촌3공원 화장실,전남광주통합특별시 순천시 해룡면 호두리 1188 (율촌산단)
동천테라스 화장실,전남광주통합특별시 순천시 하풍길 76 (풍덕동)
팔마주경기장 씨름장 옆 화장실,"전남광주통합특별시 순천시 팔마로 333, 순천팔마종합경기장 (연향동)"
어울림체육센터 화장실,전남광주통합특별시 순천시 동천저류지길 37 (풍덕동)
팔마트레이닝센터 화장실,"전남광주통합특별시 순천시 팔마로 333, 순천팔마종합경기장 (연향동)"
신대스포츠센터 화장실,전남광주통합특별시 순천시 해룡면 매안로 138
성광공원,전남광주통합특별시 순천시 연향번영1길 56 (연향동)
서당골공원,전남광주통합특별시 순천시 조례동 1660
상삼공원,전남광주통합특별시 순천시 해룡면 상삼리 620
신월공원,전남광주통합특별시 순천시 조례동 1688-1
스타트주유소 화장실,전남광주통합특별시 순천시 서면 순천로 710
신승주주유소 화장실,전남광주통합특별시 순천시 승주읍 선암사길 7(승주읍)
봉화주유소 화장실,"전남광주통합특별시 순천시 순광로 152, 봉화주유소 (조례동)"
대한제2주유소 화장실,"전남광주통합특별시 순천시 순광로 162, LG정유, 대한카센타, 케노피 (조례동)"
우리들주유소 화장실,전남광주통합특별시 순천시 순광로 270(영향동)
금당주유소 화장실,"전남광주통합특별시 순천시 순광로 34, 금당주유소 (조례동)"
(주)대형오일개발(풍전주유소) 화장실,전남광주통합특별시 순천시 순광로 81(조례동)
풍덕장미터널 옆 화장실,전남광주통합특별시 순천시 강변로 611-1
순천만국가정원 동문매점 화장실,"전남광주통합특별시 순천시 국가정원1호길 47 (오천동, 순천만국제습지센터)"
순천만국가정원 강변공연장 화장실,전남광주통합특별시 순천시 국가정원1호길 162-11
순천만국가정원 프랑스정원 화장실,전남광주통합특별시 순천시 국가정원1호길 162-11
순천만국가정원 테라피가든 화장실,전남광주통합특별시 순천시 국가정원1호길 162-11
순천만국가정원 독일정원 화장실,전남광주통합특별시 순천시 국가정원1호길 162-11
순천만국가정원 메타세쿼이아길 화장실,전남광주통합특별시 순천시 국가정원1호길 162-11
순천만국가정원 꿈틀정원 화장실,전남광주통합특별시 순천시 국가정원1호길 162-11
순천만국가정원 가든밥상 화장실,전남광주통합특별시 순천시 국가정원1호길 162-11
순천만국가정원 동문매표소 화장실,전남광주통합특별시 순천시 국가정원1호길 162-11
순천만국가정원 동문주차장 화장실,전남광주통합특별시 순천시 국가정원1호길 162-11
순천만국제습지센터 2층 소회의실 화장실,"전남광주통합특별시 순천시 국가정원1호길 47 (오천동, 순천만국제습지센터)"
순천만국제습지센터 2층 컨퍼런스 화장실,"전남광주통합특별시 순천시 국가정원1호길 47 (오천동, 순천만국제습지센터)"
순천만국제습지센터 1층 영상실 화장실,"전남광주통합특별시 순천시 국가정원1호길 47 (오천동, 순천만국제습지센터)"
황월주유소 화장실,전남광주통합특별시 순천시 황전면 순천로 1704(황전면)
신대우리 알뜰주유소내 화장실,전남광주통합특별시 순천시 해룡면 신대로 233
송광주유소 화장실,전남광주통합특별시 순천시 송광면 쌍향수길 1330(송광면)
용전주유소 화장실,전남광주통합특별시 순천시 해룡면 여순로 1369(해룡면)
㈜정오알뜰주유소 화장실,전남광주통합특별시 순천시 해룡면 여순로 1574
남쪽주유소 화장실,전남광주통합특별시 순천시 해룡면 여순로 1594
대안주유소 화장실,전남광주통합특별시 순천시 해룡면 여순로 1741
성곡주유소 화장실,전남광주통합특별시 순천시 해룡면 여순로 472(해룡면)
우리알뜰셀프주유소 화장실,전남광주통합특별시 순천시 연자로 50(동외동)
한국도로공사 황전(순천)주유소 화장실,전남광주통합특별시 순천시 황전면 순천완주고속도로 25
별량주유소 화장실,전남광주통합특별시 순천시 별량면 우산외동길 2 (별량면)
순천제일주유소 화장실,전남광주통합특별시 순천시 우석로 124(남정동)
태광에너지 화장실,전남광주통합특별시 순천시 우석로 17(덕월동)
남산주유소 화장실,전남광주통합특별시 순천시 우석로 199(인제동)
에이치디현대오일뱅크(주)직영 율촌산단주유소 화장실,전남광주통합특별시 순천시 해룡면 율촌산단4로 93
생목주유소 화장실,전남광주통합특별시 순천시 이수로 182(생목동)
해영주유소SK셀프 화장실,"전남광주통합특별시 순천시 해룡면 인덕로 114, 해영주유소SK셀프"
현대주유소 화장실,전남광주통합특별시 순천시 중앙로 172(매곡동)
남해고속오일뱅크 화장실,전남광주통합특별시 순천시 중앙로 324(가곡동)
순천만국제습지센터 1층 식당 화장실,"전남광주통합특별시 순천시 국가정원1호길 47 (오천동, 순천만국제습지센터)"
순천만국가정원 꿈의광장 화장실,"전남광주통합특별시 순천시 국가정원1호길 47 (오천동, 순천만국제습지센터)"
순천만국가정원 서문 물놀이장 화장실,"전남광주통합특별시 순천시 국가정원1호길 47 (오천동, 순천만국제습지센터)"
순천만국가정원 한국정원 화장실,"전남광주통합특별시 순천시 국가정원1호길 47 (오천동, 순천만국제습지센터)"
순천만국가정원 서문매표소 화장실,"전남광주통합특별시 순천시 국가정원1호길 47 (오천동, 순천만국제습지센터)"
순천만국가정원 스페이스허브 화장실,전남광주통합특별시 순천시 오산길 11
순천만국가정원 연향들주차장 화장실,전남광주통합특별시 순천시 연향동 814-1
인제공원,전남광주통합특별시 순천시 장평8길 4 (인제동)
강남공원,전남광주통합특별시 순천시 구암원길 53 (연향동)
송정공원,"전남광주통합특별시 순천시 봉화1길 133 (조례동, 봉화그린빌아파트)"
동성공원,전남광주통합특별시 순천시 연향번영길 93 (연향동)
은성공원,전남광주통합특별시 순천시 장자보3길 60 (연향동)
천주공원,전남광주통합특별시 순천시 장자보1길 54 (연향동)
부영1공원,전남광주통합특별시 순천시 연향중앙상가길 73 (연향동)
부영2공원,전남광주통합특별시 순천시 연향1로 56 (연향동)
서순천주유소 화장실,전남광주통합특별시 순천시 중앙로 511(가곡동)
하이웨이주유소 화장실,전남광주통합특별시 순천시 중앙로 533(가곡동)
친구주유소 화장실,전남광주통합특별시 순천시 팔마로 192 (덕암동)
순천가스충전소 화장실,전남광주통합특별시 순천시 팔마로 223
E1 순천LPG충전소 화장실,전남광주통합특별시 순천시 팔마로 343
호남주유소 화장실,전남광주통합특별시 순천시 팔마로 9(장천동)
시장주유소 화장실,전남광주통합특별시 순천시 풍덕8길 19(풍덕동)
순천만국가정원 저류지주차장 화장실,전남광주통합특별시 순천시 오천동 705-21
오천광장 오천언덕 화장실,전남광주통합특별시 순천시 오천동 701-1
오천광장 북측회전교차로 화장실,전남광주통합특별시 순천시 풍덕동 687
오천광장 출렁다리 화장실,전남광주통합특별시 순천시 풍덕동 687
오천그린아일랜드 화장실,전남광주통합특별시 순천시 오천동 704-1
맑은물관리센터인조잔디구장,전남광주통합특별시 순천시 강변로 77
도사게이트볼장,전남광주통합특별시 순천시 강변로 77
맑은물관리센터(2층맑은물행정과사무실),전남광주통합특별시 순천시 강변로 77
맑은물관리센터(1층맑은물행정과사무실),전남광주통합특별시 순천시 강변로 77
남문터 광장,전남광주통합특별시 순천시 중앙로 93
동부주유소 화장실,전남광주통합특별시 순천시 백강로 93(연향동 237)
동천주유소 화장실,전남광주통합특별시 순천시 삼산로 58(용당동 581-5)
미래주유소 화장실,전남광주통합특별시 순천시 중앙로 450(가곡동 202-1)
순천에코주유소 화장실,전남광주통합특별시 순천시 중앙로 468(가곡동)
믿음가득주유소 화장실,전남광주통합특별시 순천시 별량면 녹색로 563(별량면)
미송주유소 화장실,전남광주통합특별시 순천시 별량면 녹색로 595(별량면)
산하LPG충전소 화장실,전남광주통합특별시 순천시 별량면 녹색로 63(별량면)
대진주유소 화장실,전남광주통합특별시 순천시 별량면 녹색로 729(별량면)
남동가스 충전소 화장실,전남광주통합특별시 순천시 별량면 녹색로 988(별량면)
백진주유소 화장실,전남광주통합특별시 순천시 녹색로 1410
해오름주유소 화장실,전남광주통합특별시 순천시 주암면 동주로 1851(주암면)
진달래주유소 화장실,전남광주통합특별시 순천시 백강로 24(연향동)
정원주유소 화장실,전남광주통합특별시 순천시 백강로 46(연향동)
판교주유소 화장실,전남광주통합특별시 순천시 백강로 492(왕지동)
엔씨백화점 화장실,전남광주통합특별시 순천시 비봉2길 22(조례동)
민속주유소 화장실,전남광주통합특별시 순천시 낙안면 삼일로 56(낙안면)
덕월주유소 화장실,전남광주통합특별시 순천시 상사호길 46(덕월동)
신대충전소 화장실,전남광주통합특별시 순천시 해룡면 상성길 286
신대셀프주유소내 화장실,전남광주통합특별시 순천시 해룡면 상성길 286
금영주유소 화장실,전남광주통합특별시 순천시 서면 백강로 589
개인택시조합충전소 화장실,전남광주통합특별시 순천시 서면 백강로 600
톨게이트주유소 화장실,전남광주통합특별시 순천시 서면 백강로 601
순천시립어울림도서관 화장실,"전남광주통합특별시 순천시 동천저류지길 37, 어울림센터"
순천시립그림책도서관 화장실,전남광주통합특별시 순천시 도서관길 33
순천시립풍덕글마루도서관 화장실,전남광주통합특별시 순천시 풍덕1길 52(풍덕동)
순천시립해룡농어촌도서관 화장실,"전남광주통합특별시 순천시 해룡면 해룡로 1120, 해룡 종합복지센터도서관"
순천시 영상미디어센터,"전남광주통합특별시 순천시 금곡길 25, 순천시영상미디어센터 (행동)"
순천문학관,전남광주통합특별시 순천시 무진길 130
장안창작마당,전남광주통합특별시 순천시 금곡길 43 (금곡동)
생활문화센터 영동1번지,전남광주통합특별시 순천시 중앙로 95 (영동)
서문안내소,전남광주통합특별시 순천시 호남길 52 (행동)
순천만국가정원 스카이큐브 정원역 화장실,전남광주통합특별시 순천시 오산길 11
순천만국가정원 순천밥상 화장실,전남광주통합특별시 순천시 오산길 11
순천만국가정원 워케이션 화장실,전남광주통합특별시 순천시 국가정원1호길 152-55
순천만국가정원 국가정원식물원 화장실(1층),전남광주통합특별시 순천시 국가정원1호길 152-55
순천만국가정원 국가정원식물원 화장실(2층),전남광주통합특별시 순천시 국가정원1호길 152-55
순천만국가정원 시크릿어드벤처 화장실,전남광주통합특별시 순천시 국가정원1호길 152-55
순천만국가정원 서문주차장 화장실,"전남광주통합특별시 순천시 국가정원1호길 47 (오천동, 순천만국제습지센터)"
순천만국가정원 역사관 화장실,"전남광주통합특별시 순천시 국가정원1호길 47 (오천동, 순천만국제습지센터)"
순천만국가정원 wwt습지원(철쭉정원) 화장실,"전남광주통합특별시 순천시 국가정원1호길 47 (오천동, 순천만국제습지센터)"
괴목주유소 화장실,전남광주통합특별시 순천시 황전면 순천로 1493(황전면)
순천주유소 화장실,전남광주통합특별시 순천시 강남로 45(장천동)
늘푸른주유소 화장실,전남광주통합특별시 순천시 강변로 1039(가곡동)
천변주유소 화장실,전남광주통합특별시 순천시 강변로 853(매곡동)
강변주유소화장실,전남광주통합특별시 순천시 강변로 961(석현동)
해바라기주유소 화장실,전남광주통합특별시 순천시 별량면 녹색로 1(별량면)
금치충전소 화장실,전남광주통합특별시 순천시 별량면 녹색로 118(별량면)
인월주유소 화장실,전남광주통합특별시 순천시 별량면 녹색로 1199(인월동)
㈜대창석유 직영 갑산주유소 화장실,전남광주통합특별시 순천시 별량면 녹색로 1656(덕월동)
사계절주유소 화장실,전남광주통합특별시 순천시 별량면 녹색로 456(별량면)
대광주유소 화장실,전남광주통합특별시 순천시 별량면 녹색로 558
구도일주유소 순천햇살 화장실,전남광주통합특별시 순천시 서면 백강로 689
서광주유소 화장실,전남광주통합특별시 순천시 서면 순천로 120
맛동산 주유소,전남광주통합특별시 순천시 서면 순천로372
들물관광농원 화장실,"전남광주통합특별시 순천시 서면 청소길 477, 들물관광농원"
오토맥스,"전남광주통합특별시 순천시 순광로 30, 정비공장 (조례동)"
순천만꼬막정식 화장실,"전남광주통합특별시 순천시 순천만길 21, 순천만뜨락 (덕월동)"
연향부영1차아파트 상가,"전남광주통합특별시 순천시 연향1로 55 (연향동, 부영1차아파트)"
베니샤프커피(본점),"전남광주통합특별시 순천시 용당둑길 153, 베니샤프 (조곡동)"
순천시립신대도서관 화장실,전남광주통합특별시 순천시 해룡면 좌야로 71
순천시립삼산도서관 화장실,전남광주통합특별시 순천시 중앙로 232
순천기적의도서관 화장실,전남광주통합특별시 순천시 기적의도서관길 60
서천수변공원 화장실,전남광주통합특별시 순천시 서면 청소년수련원길 11-23
원용당교 하류 화장실,전남광주통합특별시 순천시 중앙로 388
용당수변공원 화장실,전남광주통합특별시 순천시  원용당길 51
용당노인복지관 앞 화장실,전남광주통합특별시 순천시 용당신흥길 70
매곡수변공원 화장실,전남광주통합특별시 순천시 동천서쪽자전거길 272
이수교 옆 화장실,전남광주통합특별시 순천시 동천서쪽자전거길 402
(구)조곡동사무소 옆 화장실,전남광주통합특별시 순천시 역전2길 10
송광우체국 화장실,"전남광주통합특별시 순천시 송광면 이읍2길 5, 송광우체국"
순천외서우편취급국 화장실,"전남광주통합특별시 순천시 외서면 반월로 2, 순천외서우체국"
월등우체국 화장실,"전남광주통합특별시 순천시 월등면 월평1길 105, 월등우체국"
승주우체국 화장실,"전남광주통합특별시 순천시 승주읍 승평동길 7, 승주우체국"
순천황전우체국 화장실,"전남광주통합특별시 순천시 황전면 월등로 1045, 순천황전우체국"
별량우체국 화장실,"전남광주통합특별시 순천시 별량면 별량길 163, 별량우체국"
순천조곡동우체국 화장실,"전남광주통합특별시 순천시 역전길 43, 순천조곡동우체국 (조곡동)"
순천조례동우체국 화장실,"전남광주통합특별시 순천시 장선배기길 20, 순천조례동우체국 (조례동)"
순천왕조동우체국 화장실,"전남광주통합특별시 순천시 봉화3길 3, 순천왕조동우체국 (조례동)"
순천연향동우체국 화장실,"전남광주통합특별시 순천시 연향1로 24, 순천연향동우체국 (연향동)"
순천남정동우체국 화장실,"전남광주통합특별시 순천시 우석로 144, 순천남정동우체국 (남정동)"
순천삼산동우체국 화장실,"전남광주통합특별시 순천시 중앙로 248, 순천삼산동우체국 (석현동)"
순천행동우체국 화장실,"전남광주통합특별시 순천시 중앙로 99, 순천행동우체국 (행동)"
순천우체국 화장실,"전남광주통합특별시 순천시 하대석길 9, 순천우체국 (연향동)"
순천중앙시장,전남광주통합특별시 순천시 중앙시장길 18
실내돔구장 화장실,전남광주통합특별시 순천시 팔마로 344(연향동)
팔마주경기장 테마정원 옆 화장실,전남광주통합특별시 순천시 팔마로 333(연향동)
팔마주경기장 족구장 옆 화장실,전남광주통합특별시 순천시 팔마로 333(연향동)
팔마주경기장 다문 화장실,전남광주통합특별시 순천시 팔마로 333(연향동)
팔마주경기장 나문 화장실,전남광주통합특별시 순천시 팔마로 333(연향동)
팔마주경기장 가문 화장실,전남광주통합특별시 순천시 팔마로 333(연향동)
팔마주경기장 사무실 화장실,전남광주통합특별시 순천시 팔마로 333(연향동)
팔마체육관 화장실,전남광주통합특별시 순천시 팔마로 333(연향동)
올림픽기념관 화장실,전남광주통합특별시 순천시 팔마로 333(연향동)
보조구장 후문 쪽 화장실,전남광주통합특별시 순천시 팔마로 334(연향동)
풍덕 한신아파트 옆 화장실,전남광주통합특별시 순천시 하풍길 167
흑두루미마당(오림마을)화장실,전남광주통합특별시 순천시 동천 서쪽자전거길 756
남문교 아래 화장실,전남광주통합특별시 순천시 중앙로 84
성동공영주차장 화장실,전남광주통합특별시 순천시 황금2길 19-11
상사 노디목교 옆 화장실,전남광주통합특별시 순천시 상사면 응령동길 2
동양생명보험 화장실,"전남광주통합특별시 순천시 중앙로 39, 동양생명 (저전동)"
역전시장 화장실,"전남광주통합특별시 순천시 역전장길 9, 역전시장 (덕암동)"
작업실오후 화장실,전남광주통합특별시 순천시 금곡길 13 (행동)
명가촌 화장실,"전남광주통합특별시 순천시 연향2로 17-10, 명가촌 (연향동)"
롯데리아 화장실,"전남광주통합특별시 순천시 중앙6길 14, 상가 (중앙동)"
보조구장 편의시설 화장실,전남광주통합특별시 순천시 팔마로 333(연향동)
팔마골프연습장,전남광주통합특별시 순천시 팔마로 333(연향동)
신대수영장 화장실,전남광주통합특별시 순천시 해룡면 매안로 138
순천시립연향도서관 화장실,전남광주통합특별시 순천시 연향번영길 54(연향동)
순천시립조례호수도서관 화장실,전남광주통합특별시 순천시 조례2길 31
게이트볼장화장실,전남광주통합특별시 순천시 팔마로 333(연향동)
순천국유림관리소 산불대응2층,전남광주통합특별시 순천시 순천만길 180
순천국유림관리소 임업사무실2층,전남광주통합특별시 순천시 순천만길 180
순천국유림관리소 임업사무실1층,전남광주통합특별시 순천시 순천만길 180
순천국유림관리소 별관_구내식당옆,전남광주통합특별시 순천시 순천만길 180
순천국유림관리소 별관_구내식당안,전남광주통합특별시 순천시 순천만길 180
순천국유림관리소 별관_직원관사(한옥),전남광주통합특별시 순천시 순천만길 180
순천국유림관리소 본관(2층),전남광주통합특별시 순천시 순천만길 180
순천국유림관리소 본관(1층),전남광주통합특별시 순천시 순천만길 180
근로복지공단 순천병원 본관1층 화장실,전남광주통합특별시 순천시 조례1길 24
광주지검 순천지청 민원화장실,전남광주통합특별시 순천시 왕지로 19
주암우체국 화장실,"전남광주통합특별시 순천시 주암면 동주로 2019, 주암우체국"
해룡우체국 화장실,"전남광주통합특별시 순천시 해룡면 월전길 31, 해룡우체국"
순천서면우체국 화장실,"전남광주통합특별시 순천시 서면 북차길 98-36, 순천서면우체국"
낙안우체국 화장실,"전남광주통합특별시 순천시 낙안면 삼일로 11, 낙안우체국"
상사우체국 화장실,"전남광주통합특별시 순천시 상사면 상사호길 332, 상사우체국"
남부노인복지관,"전남광주통합특별시 순천시 장평로 60, 102동 101호"
문화건강센터수영장 화장실,전남광주통합특별시 순천시 환선로 133(석현동)
조곡생활체육공원 화장실,전남광주통합특별시 순천시 자경1길 6(조곡동)
국가정원스포츠센터 화장실,전남광주통합특별시 순천시 팔마로 333(연향동)
국궁장(환선정) 화장실,전남광주통합특별시 순천시 팔마로 333(연향동)
인공암벽장 화장실,전남광주통합특별시 순천시 팔마로 333(연향동)
야구장화장실,전남광주통합특별시 순천시 팔마로 333(연향동)
유소년축구장화장실,전남광주통합특별시 순천시 팔마로 333(연향동)
론볼장 화장실,전남광주통합특별시 순천시 팔마로 333(연향동)
팔마국민체육센터 화장실,전남광주통합특별시 순천시 팔마로 333(연향동)
정구장(소프트테니스장) 화장실,전남광주통합특별시 순천시 팔마로 333(연향동)
테니스장 화장실,전남광주통합특별시 순천시 팔마로 333(연향동)
다목적체육관 화장실,전남광주통합특별시 순천시 팔마로 333(연향동)
양궁장 화장실,전남광주통합특별시 순천시 팔마로 333(연향동)
씨름장 화장실,전남광주통합특별시 순천시 팔마로 333(연향동)
승주시장내 화장실,전남광주통합특별시 순천시 승주읍 승주장길 20
아랫장내 화장실,전남광주통합특별시 순천시 장평로 60 (풍덕동)
지하도상가(씨내몰)화장실,"전남광주통합특별시 순천시 중앙로 104, 지하 (남내동)"
괴목시장 화장실,전남광주통합특별시 순천시 황전면 괴목길 17
농촌체험휴양마을(생태마을) 주민공동시설 화장실,전남광주통합특별시 순천시 고산도목길 12 (도정리)
순천세무서 1층 정문 공중화장실,전남광주통합특별시 순천시 연향번영길 64 (순천세무서)
한국산업인력공단 전남지사,"전남광주통합특별시 순천시 순광로 35-2, 한국산업인력공단 (조례동)"
궁전웨딩홀 화장실,"전남광주통합특별시 순천시 중앙로 43, 궁전웨딩홀, 뷔페 (저전동)"
모다 아울렛(순천만프라자) 1층,"전남광주통합특별시 순천시 해룡면 상성길 70, 순천만플라자 모다아울렛"
순천원예농협 화장실,"전남광주통합특별시 순천시 남산로 39, 도원주유소 (남정동)"
파티움하우스 1층화장실,"전남광주통합특별시 순천시 망산1길 19, 동부웨딩타운 (가곡동)"
내트럭(주)순천영업소 화장실,전남광주통합특별시 순천시 서면 백강로 614
조례서부점 현대자동차,"전남광주통합특별시 순천시 유동3길 15, 현대 자동차 서비스 (조례동)"
갈대한우촌,전남광주통합특별시 순천시 지현길 204 (덕월동)
cafe 39,전남광주통합특별시 순천시 팔마2길 99 (연향동)
프라임치과,전남광주통합특별시 순천시 팔마4길 51 (연향동)
신대셀프세차장,전남광주통합특별시 순천시 해룡면 매안1길 1
연경,전남광주통합특별시 순천시 해룡면 매안4길 3-2
순천만 민물장어,전남광주통합특별시 순천시 해룡면 매안로 107
저전동 성당,"전남광주통합특별시 순천시 서문로 19-1, 천주교저전동교회, 성모유치원 (저전동)"
Mondang 3.2,전남광주통합특별시 순천시 고지1길 64 (가곡동)
위즈코프㈜ 주암(천안방향) 주유소화장실,전남광주통합특별시 순천시 주암면 호남고속도로 24-1
신도시 주유소 화장실,전남광주통합특별시 순천시 우석로 17(덕월동)
순천고용센터,전남광주통합특별시 순천시 충효로 147
순천왜성 화장실,전남광주통합특별시 순천시 해룡면 신성리 산1
향림사 화장실,전남광주통합특별시 순천시 조비길 30
정유재란역사학습장,전남광주통합특별시 순천시 쟁골길 2
월평유적방문자센터,전남광주통합특별시 순천시 외서면 외서월평안길 10
순천광양축협 화장실,"전남광주통합특별시 순천시 연향3로 47, 순천광양축협 (연향동)"
순천원예농협 연향지점 화장실,"전남광주통합특별시 순천시 연향3로 47, 순천광양축협 (연향동)"
순천한국병원 화장실,"전남광주통합특별시 순천시 우명길 42, 한국병원 (연향동)"
오병원 화장실,"전남광주통합특별시 순천시 충효로 150, 오병원 (연향동)"
마리나GM부페 1층화장실,전남광주통합특별시 순천시 해룡면 율산길 118
한화생명 화장실,"전남광주통합특별시 순천시 이수로 13, 한화생명 (장천동)"
ABL생명 화장실,전남광주통합특별시 순천시 이수로 27 (장천동)
CGV극장 화장실,전남광주통합특별시 순천시 장명로 22 (장천동)
메가박스 1층화장실,전남광주통합특별시 순천시 해룡면 해광로 199
순천중앙병원 화장실,"전남광주통합특별시 순천시 장명로 5, 중앙병원 (장천동)"
로얄웨딩홀화장실,전남광주통합특별시 순천시 장천4길 10 (장천동)
순천시 농산물도매시장(도매시장 관리소 앞) 화장실,전남광주통합특별시 순천시 해룡면 해광로 1 (농산물도매시장)
추모공원(1봉안당),전남광주통합특별시 순천시 양율길 132
추모공원(2봉안당),전남광주통합특별시 순천시 양율길 132
추모공원(화장시설),전남광주통합특별시 순천시 양율길 132
순천시립 공원묘지,전남광주통합특별시 순천시 용수동길 920 (삼거동)
드라마촬영장 주차장 화장실,전남광주통합특별시 순천시 비례골길 24
드라마촬영장 내 화장실,전남광주통합특별시 순천시 비례골길 24
순천전통야생차체험관 화장실,전남광주통합특별시 순천시 승주읍 선암사길 450-1
별량 화포 화장실,전남광주통합특별시 순천시 별량면 학산해안길 61
순천 기독교역사박물관,전남광주통합특별시 순천시 매산길 61
선비문화체험학습관 화장실,전남광주통합특별시 순천시 금곡길 51
조계산도립공원 송광사 매표소 화장실,전남광주통합특별시 순천시 송광면 송광사안길 89
낙안읍성 남문 큰샘체험장 근처 화장실,전남광주통합특별시 순천시 낙안면 읍성안길 83
낙안읍성(낙민관 뒤) 화장실,전남광주통합특별시 순천시 낙안면 충민길 78-2
낙안읍성(남문물레방아 옆) 화장실,전남광주통합특별시 순천시 낙안면 동내리 353
낙안읍성(서문성터 옆) 화장실,전남광주통합특별시 순천시 낙안면 읍성안길 113 (서내리)
낙안읍성(매표소 뒤) 화장실,전남광주통합특별시 순천시 낙안면 충민길 11
낙안읍성지원사업소 화장실,전남광주통합특별시 순천시 낙안면 충민길 30
낙안읍성(난전 뒤) 화장실,전남광주통합특별시 순천시 낙안면 충민길 35
낙안읍성(주차장 1) 화장실,전남광주통합특별시 순천시 낙안면 평촌2길 15
낙안읍성(주차장 2) 화장실,전남광주통합특별시 순천시 낙안면 충민길 1
둘리존 화장실,전남광주통합특별시 순천시 중앙7길 7 (중앙동)
김안과 화장실,"전남광주통합특별시 순천시 중앙로 10, 김안과의원 (장천동)"
용당노인복지관,전남광주통합특별시 순천시 용당신흥길66 (용당동)
동부노인복지관,전남광주통합특별시 순천시 장선배기길 18
순천시 문화건강센터 화장실,전남광주통합특별시 순천시 중앙로 232
순천시청소년수련관,"전남광주통합특별시 순천시 금곡길 20(행동, 청소년수련관)"
별량시장내 화장실,"전남광주통합특별시 순천시 별량면 별량장길 38, 별량면 종합복지회관"
웃장 화장실,전남광주통합특별시 순천시 북문길 40 (동외동)
순천만습지 용산입구 화장실,전남광주통합특별시 순천시 해룡면 해룡로 673-61
순천만 천문대 화장실,전남광주통합특별시 순천시 순천만길 513-25
순천만습지 쉼터 화장실,전남광주통합특별시 순천시 무진길 210
순천만습지 야외 화장실,전남광주통합특별시 순천시 순천만길 513-25
순천만습지 주차장 화장실,전남광주통합특별시 순천시 순천만길 501-11
농산물도매시장(남도청과 채소경매장 옆) 화장실,전남광주통합특별시 순천시 해룡면 해광로 1 (농산물도매시장)
농산물도매시장(도매시장 후문 옆) 화장실,전남광주통합특별시 순천시 해룡면 해광로 1 (농산물도매시장)
농산물도매시장(관련상품동 정문 입구) 화장실,전남광주통합특별시 순천시 해룡면 해광로 1 (농산물도매시장)
농산물도매시장(원예농협 365ATM 앞) 화장실,전남광주통합특별시 순천시 해룡면 해광로 1 (농산물도매시장)
농산물도매시장(원예농협 사무실 앞) 화장실,전남광주통합특별시 순천시 해룡면 해광로 1 (농산물도매시장)
농산물도매시장(남일청과 사무실 앞) 화장실,전남광주통합특별시 순천시 해룡면 해광로 1 (농산물도매시장)
농산물도매시장(원예농협 하역반 사N실 옆) 화장실,전남광주통합특별시 순천시 해룡면 해광로 1 (농산물도매시장)
농산물도매시장(남도청과 사무실 앞) 화장실,전남광주통합특별시 순천시 해룡면 해광로 1 (농산물도매시장)
농산물도매시장(남도청과 하역반 대기실 옆) 화장실,전남광주통합특별시 순천시 해룡면 해광로 1 (농산물도매시장)
농산물도매시장(남도청과 경매장 출입구 옆) 화장실,전남광주통합특별시 순천시 해룡면 해광로 1 (농산물도매시장)
신대 웰빙로(편백숲),전남광주통합특별시 순천시 해룡면 신대리 1261-2
서면산단 공원(소공원 44),전남광주통합특별시 순천시 서면 산단4길 8
매산공원,전남광주통합특별시 순천시 금곡동 293-8
어린이교통공원 화장실,전남광주통합특별시 순천시  순천만길 200-16
중앙동행정복지센터 화장실,전남광주통합특별시 순천시 강남로 128(동외동)
오천근린2공원,전남광주통합특별시 순천시 오천동 1025
오천근린3공원,전남광주통합특별시 순천시 오천동 1068
강천수변공원1,전남광주통합특별시 순천시 서면 강청수변길 52
강천수변공원2,전남광주통합특별시 순천시 서면 선평리 818
기적의놀이터2호,전남광주통합특별시 순천시 해룡면 신대리 2068-1
와온소공원,전남광주통합특별시 순천시 해룡면 와온길 122
서면 동산 생태공원,전남광주통합특별시 순천시 서면 임촌동길 25
향림어린이공원,전남광주통합특별시 순천시 석현동 894-8
가곡8공원,전남광주통합특별시 순천시 가곡동 1035
삼산공원1,전남광주통합특별시 순천시 용당동 112-1(한양수자인 우측)/103동 옆
삼산공원2,전남광주통합특별시 순천시 용당동 186-1(한양수자인 우측)/114동 옆
연향3어린이공원,전남광주통합특별시 순천시 연향동 1693
신대생태회랑2,전남광주통합특별시 순천시 해룡면 신대리 2040
천태만상창조센터 화장실,전남광주통합특별시 순천시 강남로 132
풍덕동사무소 화장실(1층),"전남광주통합특별시 순천시 풍덕1길 40, 풍덕동 주민자치센터 (풍덕동)"
풍덕동사무소 화장실(2층),"전남광주통합특별시 순천시 풍덕1길 40, 풍덕동 주민자치센터 (풍덕동)"
도사동사무소 화장실,전남광주통합특별시 순천시 순천만길 27(도사동)
덕연동사무소 화장실,전남광주통합특별시 순천시 덕연로 41(연향동)
저전동 행정복지센터 1층 화장실,전남광주통합특별시 순천시 청사1길 43
삼산동 행정복지센터(1층),전남광주통합특별시 순천시 삼산로 3(석현동)
여성문화회관,전남광주통합특별시 순천시 연향2로 60
순천시청 가동 화장실,"전남광주통합특별시 순천시 장명로 30 (장천동, 순천시청)"
순천시청 나동 화장실,"전남광주통합특별시 순천시 장명로 30 (장천동, 순천시청)"
순천시청 다동 화장실,"전남광주통합특별시 순천시 장명로 30 (장천동, 순천시청)"
순천시청 라동 화장실,"전남광주통합특별시 순천시 장명로 30 (장천동, 순천시청)"
순천문화예술회관 1층정문 화장실,전남광주통합특별시 순천시 삼산로 16(문화예술회관)
청수정쉼터 화장실,전남광주통합특별시 순천시 공마당2길 143
해룡 농주 화장실,전남광주통합특별시 순천시 해룡면 노월길 41-61
순천만습지 자연생태관 화장실,전남광주통합특별시 순천시 순천만길 513-25
자전거문화센터 화장실,전남광주통합특별시 순천시 오산큰길 18
순천자연휴양림,전남광주통합특별시 순천시 청소년수련원길 170
조계산 도립공원 선암사 주차장 화장실,"전남광주통합특별시 순천시 승주읍 선암사길 423, 선암사구내매장"
조계산도립공원 선암사 상가화장실,전남광주통합특별시 순천시 승주읍 승암교길 15
조계산도립공원 송광사 주차장 화장실,전남광주통합특별시 순천시 송광면 송광사안길 127
별량면행정복지센터 화장실,전남광주통합특별시 순천시 별량면 별량장길 25(별량면)
황전면사무소 화장실,전남광주통합특별시 순천시 황전면 백야종길 12(황전면)
송광면사무소 화장실,전남광주통합특별시 순천시 송광면 쌍향수길 1338(송광면)
광천수변공원 화장실,전남광주통합특별시 순천시 주암면 구산강변길 58
주암면사무소 화장실,전남광주통합특별시 순천시 주암면 동주로 2047
주암 광천정류소 화장실,전남광주통합특별시 순천시 주암면 동주로 2040
낙안면 주민복지센터 화장실,전남광주통합특별시 순천시 낙안면 민속마을길 1690
낙안면행정복지센터(1층),전남광주통합특별시 순천시 낙안면 민속마을길 1690
낙안행정복지센터(2층),전남광주통합특별시 순천시 낙안면 민속마을길 1690
낙안행정복지센터(야외),전남광주통합특별시 순천시 낙안면 민속마을길 1690
서면행정복지센터 화장실,전남광주통합특별시 순천시 서면 임촌동길 94
청소골 4번 화장실,"전남광주통합특별시 순천시 서면 청소길 457, 삼박골가든"
청소골 1번 화장실,전남광주통합특별시 순천시 서면 청소길 444
청소골 2번 화장실,전남광주통합특별시 순천시 서면 청소리 산18-7
청소골 3번 화장실,전남광주통합특별시 순천시 서면 청소리 산18-4
외서면사무소,"전남광주통합특별시 순천시 외서면 쌍향수길 440, 외서면사무소, 보건지소, 의용소방대"
봉화산둘레길,"전남광주통합특별시 순천시 서면 당본길 27, (당본마을 입구)"
봉화산둘레길,"전남광주통합특별시 순천시 생목길 62, (생목당산나무 위) (생목동)"
금당공원,"전남광주통합특별시 순천시 신흥중1길 28, 대석경로당 (연향동)"
상풍공원,전남광주통합특별시 순천시 풍덕동 1263-9
장자보공원,전남광주통합특별시 순천시 남신월길 7 (조례동)
연향녹지대,전남광주통합특별시 순천시 연향로 80 (연향동)
장대공원,전남광주통합특별시 순천시 역전길 127 (조곡동)
조례호수공원,전남광주통합특별시 순천시 조례동 1867
왕운공원,전남광주통합특별시 순천시 왕지3길 51 (왕지동)
저전공원,전남광주통합특별시 순천시 저전길 89 (저전동)
수매골공원,전남광주통합특별시 순천시 조례동 1807
죽도봉주차장,전남광주통합특별시 순천시 조곡동 295-6
중앙공원,전남광주통합특별시 순천시 해룡면 신대리 2090
옥녀봉공원,전남광주통합특별시 순천시 해룡면 신대리 2161
신대생태회랑,전남광주통합특별시 순천시 해룡면 신대리 2070
업동호수공원,전남광주통합특별시 순천시 용당동 47-4
봉화둘레길,전남광주통합특별시 순천시 조례동 산116
오천근린1공원,전남광주통합특별시 순천시 풍덕동 1786
외서면 주민자치위원회,전남광주통합특별시 순천시 외서면 쌍향수길 471
해룡면사무소 화장실,"전남광주통합특별시 순천시 해룡면 해룡로 1128-10, 해룡면행정복지센터"
상삼출장소 화장실,"전남광주통합특별시 순천시 해룡면 상삼길 16, 해룡면상삼출장소"
신대출장소 화장실,"전남광주통합특별시 순천시 해룡면 매안로 162, 신대행정복합시설"
향동행정복지센터,전남광주통합특별시 순천시 임청대길 1
왕조1동행정복지센터 화장실,전남광주통합특별시 순천시 조례신대길 6
왕조1동 주민자치센터 화장실,전남광주통합특별시 순천시 조례신대길 6
왕조2동 행정복지센터 화장실,전남광주통합특별시 순천시 왕궁길 50
조곡동행정복지센터 공중화장실,전남광주통합특별시 순천시 자경1길 13
남제동행정복지센터1층,전남광주통합특별시 순천시 남정5길 1
남제동행정복지센터2층,전남광주통합특별시 순천시 남정5길 1
장천동사무소 화장실(1층),전남광주통합특별시 순천시 중앙로 22
장천동사무소 화장실(2층),전남광주통합특별시 순천시 중앙로 22
매곡동 행정복지센터 화장실(1층),전남광주통합특별시 순천시 북정2길 63(매곡동)
매곡동 행정복지센터 화장실(2층),전남광주통합특별시 순천시 북정2길 63(매곡동)
옥곡5일시장(정문),전남광주통합특별시 광양시 옥곡면 큰골1길 2-26
옥곡5일시장(후문),전남광주통합특별시 광양시 옥곡면 큰골1길 2-26
진상5일시장,전남광주통합특별시 광양시 진상면 학연로 1-4
산막2지구 주차장 화장실,전남광주통합특별시 광양시 백계로 337
2야영장 화장실,전남광주통합특별시 광양시 백계로 337
오토캠핑장 화장실,전남광주통합특별시 광양시 백계로 337
광양용강도서관 화장실,"전남광주통합특별시 광양시 광양읍 기두5길 5, 용강도서관"
광양금호도서관 화장실,전남광주통합특별시 광양시 초원길 42 (금호동)
광양광영도서관 화장실,전남광주통합특별시 광양시 광영로 74 (광영동)
전라남도교육청광양평생교육관 화장실,"전남광주통합특별시 광양시 안산길 23, 전라남도광양평생교육관 (광영동)"
광양시공립노인전문요양병원,"전남광주통합특별시 광양시 진등길 91, 공립광양노인병원 (마동)"
전라남도광양교육지원청,"전남광주통합특별시 광양시 광양읍 우산길 3, 전라남도광양교육청"
광양읍사무소,"전남광주통합특별시 광양시 광양읍 남등길 6, 광양읍사무소 1층"
옥룡면사무소,"전남광주통합특별시 광양시 옥룡면 신재로 624, 옥룡면사무소"
진상면사무소,"전남광주통합특별시 광양시 진상면 신시길 227, 진상면사무소"
진월면사무소,"전남광주통합특별시 광양시 진월면 선소중앙길 31, 진월면사무소"
달빛나루종합복지센터,전남광주통합특별시 광양시 진월면 선소중앙길 31-1
중마동주민센터,"전남광주통합특별시 광양시 중마중앙로 119, 중마동주민센터 (중동)"
중마동주민자치센터,"전남광주통합특별시 광양시 중마중앙로 119-1, 중마동주민자치센터 (중동)"
광영동주민센터,전남광주통합특별시 광양시 새미골길 15 (광영동)
광영스포츠콤플렉스,"전남광주통합특별시 광양시 광영의암1로 13, 광영동 스포츠콤플렉스 (광영동)"
광양꿈빛도서관 화장실,"전남광주통합특별시 광양시 무등길 97, 광양 꿈빛 도서관 (마동)"
중마상설시장(7번출구),전남광주통합특별시 광양시 중마중앙로 88  (중동)
중마상설시장(8번출구),전남광주통합특별시 광양시 중마중앙로 88  (중동)
광영상설시장(상),전남광주통합특별시 광양시 광영시장길 19 (광영동)
광영상설시장(하),전남광주통합특별시 광양시 광영시장길 19 (광영동)
휴양림 관리사무소 화장실,전남광주통합특별시 광양시 백계로 337
치유센터 화장실,전남광주통합특별시 광양시 백계로 337
산막1지구 놀이터 앞 화장실,전남광주통합특별시 광양시 백계로 337
산막1지구 주차장 화장실,전남광주통합특별시 광양시 백계로 337
옥곡파출소,전남광주통합특별시 광양시 옥곡면 옥진로 650
옥룡 파출소,전남광주통합특별시 광양시 옥룡면 신재로 620
골약파출소,전남광주통합특별시 광양시 도이3길 3
다압 치안센터,전남광주통합특별시 광양시 다압면 섬진강 매화로 2137
마동 정수장 (관리동),전남광주통합특별시 광양시 백운로 1233(마동)
용강정수장,전남광주통합특별시 광양시 백운로 188-20
광양시 광양장애인복지관,전남광주통합특별시 광양시 광양읍 대림오성로 117
광양시중마장애인복지관 화장실,전남광주통합특별시 광양시 중마로525
광양노인복지관 화장실,전남광주통합특별시 광양시 광양읍 백운로 8-3
광양실버주택복지관 화장실,전남광주통합특별시 광양시 광양읍 읍성길 210
여수해양경찰서광양파출소,전남광주통합특별시 광양시 항만9로 89
광양청년꿈터 화장실,전남광주통합특별시 광양시 오류5길 8
광양5일시장-사무동,전남광주통합특별시 광양시 광양읍 백운로 3
광양5일시장-중앙,전남광주통합특별시 광양시 광양읍 백운로 3
광양5일시장-건강원옆,전남광주통합특별시 광양시 광양읍 백운로 3
태인폐수처리장,"전남광주통합특별시 광양시 산업로 125, 태인폐수처리장 (태인동)"
광양시청제2청사(농업기술센터),"전남광주통합특별시 광양시 광양읍 인덕로 1100, 광양만권경제자유구역청, 광양시제2청사"
건강보험공단 광양구례지사 화장실,전남광주통합특별시 광양시 시청로 20 (중동)
한전 광양지사 화장실,"전남광주통합특별시 광양시 중동로 20, 한국전력공사광양지사 (중동)"
광양중앙도서관 화장실,"전남광주통합특별시 광양시 광양읍 향교길 9-30, 광양문화예술회관, 광양시립도서관"
광양중마도서관 화장실,"전남광주통합특별시 광양시 광장로 14, 광양시립중마도서관 (중동)"
광양희망도서관 화장실,"전남광주통합특별시 광양시 광양읍 인덕로 1022, 희망도서관"
쌈지공원,전남광주통합특별시 광양시 도촌안2길 58
배알도수변공원(1-캠핑장),전남광주통합특별시 광양시 태인동 1630-12
배알도수변공원(2-안내소),전남광주통합특별시 광양시 명당길 88
배알도수변공원(3-주차장),전남광주통합특별시 광양시 명당길 60
개성마을주차장,전남광주통합특별시 광양시 광양읍 매천로 871
부암마을주차장,전남광주통합특별시 광양시 봉강면 조령리 524
섬진마을주차장 소,전남광주통합특별시 광양시 섬진강매화로 1543
다사마을 앞,전남광주통합특별시 광양시 섬진강매화로 1679
소학정,전남광주통합특별시 광양시 섬진강매화로 1723-13
하늘농원 옆,전남광주통합특별시 광양시 없음(이동식)
광양영업소,"전남광주통합특별시 광양시 광양읍 백운로 83-21, 한국도로공사(광양읍톨게이트)"
동광양영업소,전남광주통합특별시 광양시 중군동 28
옥곡영업소,"전남광주통합특별시 광양시 옥곡면 강변로 434-37, 옥곡I.C"
진월영업소,"전남광주통합특별시 광양시 진월면 백운1로 523-31, 진월톨게이트사무소"
동순천영업소,전남광주통합특별시 광양시 광양읍 순천완주고속도로 1
광양장도전수교육관,"전남광주통합특별시 광양시 광양읍 매천로 771, 광양장도전수관"
중앙하수처리장,전남광주통합특별시 광양시 중마로 60 (중동)
광양하수처리장,전남광주통합특별시 광양시 광양읍 소미1로 48-21
진월하수처리장,전남광주통합특별시 광양시 진월면 망덕1길 33-39
광영하수처리장,전남광주통합특별시 광양시 강변로 116 (광영동)
한국농어촌공사광양지소화장실,전남광주통합특별시 광양시 광양읍 성북길 40
광양 경찰서,전남광주통합특별시 광양시 제철로 16-16
중마 지구대,전남광주통합특별시 광양시 시청로 22
읍내 지구대,전남광주통합특별시 광양시 광양읍 백운로 10
봉강 치안센터,전남광주통합특별시 광양시 봉강면 조양길 47
광영 파출소,전남광주통합특별시 광양시 광영로 87
태금 파출소,전남광주통합특별시 광양시 담안길 87
진월 치안센터,전남광주통합특별시 광양시 진월면 선소중앙길 34
진상 파출소,전남광주통합특별시 광양시 진상면 신시길 221
황금산장 입구1,"전남광주통합특별시 광양시 봉강면 성불로 1150-206, 공중화장실"
도선국사마을다목적홀,전남광주통합특별시 광양시 옥룡면 도솔로 373
성황공원,전남광주통합특별시 광양시 성황동 1494
물빛공원,전남광주통합특별시 광양시 도이동 846
선샤인골프장,전남광주통합특별시 광양시 도이동 846
와우1공원,전남광주통합특별시 광양시 마동 1590
와우공원(무장애),전남광주통합특별시 광양시 눈소4길 7 (마동)
백합공원,전남광주통합특별시 광양시 마동 1819
송금섬진대교아래,전남광주통합특별시 광양시 진월면 송금리 1086-30
섬진강공중화장실(별빛스카이안내소),전남광주통합특별시 광양시 진월면 망덕길 159
성황공원 주차장,전남광주통합특별시 광양시 성황동 1490
태인동사무소,"전남광주통합특별시 광양시 담안2길 16-15, 태인동 종합복지센터 (태인동)"
광양여자고등학교,"전남광주통합특별시 광양시 광양읍 인덕로 1039, 광양여자고등학교"
"광양매일시장(1,2층)",전남광주통합특별시 광양시 광양읍 매일시장길 20
광양세관 본관 화장실,"전남광주통합특별시 광양시 중동로 22, 광양세관 (중동)"
여수출입국외국인사무소광양출장소,전남광주통합특별시 광양시 중동2길 23 (중동)
전라남도교육청 광양도서관,전남광주통합특별시 광양시 중마로 262 (중동)
광양(순천)졸음쉼터,전남광주통합특별시 광양시 광양읍 남해고속도로 132
중마상설시장(3번출구),전남광주통합특별시 광양시 중마중앙로 88  (중동)
중마상설시장(4번출구),전남광주통합특별시 광양시 중마중앙로 88  (중동)
서동 산막산장,전남광주통합특별시 광양시 대청길 155-34
농바위,전남광주통합특별시 광양시 대청길 125-8
염창소공원,전남광주통합특별시 광양시 섬진강매화로 2854
매화랜드 앞,전남광주통합특별시 광양시 금천리 2881-1
별헤는 다리,전남광주통합특별시 광양시 진월면 망적리 60-53
안사지목 위,전남광주통합특별시 광양시 백학로 1213
노면주차장(97) 위,전남광주통합특별시 광양시 백학로 1225
계곡산장 아래,전남광주통합특별시 광양시 백학로 1243
계곡산장,전남광주통합특별시 광양시 회두1길 5
용곡산장,전남광주통합특별시 광양시 회두1길 40
천수암 위,전남광주통합특별시 광양시 백학로 921
진월정 옆,전남광주통합특별시 광양시 선소중앙길 119
진월면민광장,전남광주통합특별시 광양시 섬진강매화로 25
용소공원,전남광주통합특별시 광양시 용소길 77-2
섬진강 자전거길 우체통,전남광주통합특별시 광양시 사평1길 49-15
돈탁마을입구,전남광주통합특별시 광양시 돈탁길 4
송현우산각,전남광주통합특별시 광양시 송현1길 38
답동마을,전남광주통합특별시 광양시 섬진강매화로 1114
신원 마을,전남광주통합특별시 광양시 섬진강매화로 1257
신기 체육공원,전남광주통합특별시 광양시 섬진강매화로 1300
청매실농원,전남광주통합특별시 광양시 지막1길 37
섬진마을주차장 대,전남광주통합특별시 광양시 지막길 20
광양(부산)졸음쉼터,전남광주통합특별시 광양시 광양읍 남해고속도로 131
망덕산 입구,전남광주통합특별시 광양시 망덕길 283-7
진월수변공원,전남광주통합특별시 광양시 선소중앙길 68-14
진남루소공원(우산각),전남광주통합특별시 광양시 선소중앙길 68-14
무접섬 앞,전남광주통합특별시 광양시 선소중앙길 68-37
태인동 장내마을,전남광주통합특별시 광양시 태인길 168
태인체육공원,전남광주통합특별시 광양시 담안길 111
용지정류소,전남광주통합특별시 광양시 백운1로 149-1
김시식지,전남광주통합특별시 광양시 김시식지 1길 57-6
명당산단내 공원,전남광주통합특별시 광양시 산업로 298-28
명당산단2지구공원,전남광주통합특별시 광양시 명당2길 43
중마 그라운드골프장,전남광주통합특별시 광양시 중마로 286-1
마동 공원,전남광주통합특별시 광양시 무등길 74
마동축구장,전남광주통합특별시 광양시 무등길 74-1
중복도로 입구,전남광주통합특별시 광양시 가야로 16(마동)
중복도로 중주차장,전남광주통합특별시 광양시 가야로 134(마동)
가야산 시민쉼터,전남광주통합특별시 광양시 가야로 241
마동생태공원 방문자센터,전남광주통합특별시 광양시 중마중앙로 162(중동)
마동 남측,전남광주통합특별시 광양시 마동 384-2
마동 북측,전남광주통합특별시 광양시 마동 588
의회 뒤 공원,전남광주통합특별시 광양시 행정3길 19(중동)
중마동14호어린이공원,전남광주통합특별시 광양시 마장1길 13-7(중동)
중마동15호어린이공원,전남광주통합특별시 광양시 동광 1길 12
시청앞버스승강장,전남광주통합특별시 광양시 백운로 1181(중동)
중진초교뒤,전남광주통합특별시 광양시 광장로 37(중동)
성호3차아파트 옆,전남광주통합특별시 광양시 광장로 94(중동)
중앙하수처리장 옆,전남광주통합특별시 광양시 항만11로 71
마동임시야구장(마동체육공원),전남광주통합특별시 광양시 눈소5길 16(마동)
중마 청소년센터앞,전남광주통합특별시 광양시 중마로 134(중동)
금광아파트옆,전남광주통합특별시 광양시 광장로 37(중동)
사랑병원옆공원,전남광주통합특별시 광양시 오류2길 12(중동)
관광안내소,전남광주통합특별시 광양시 중마중앙로 70(중동)
오류공원,전남광주통합특별시 광양시 오류6길 3(중동)
삼화섬,전남광주통합특별시 광양시 청암로 134
어버이집,전남광주통합특별시 광양시 금섬해안길 35
금호 조각공원,전남광주통합특별시 광양시 폭포사랑길 99
금당어버이집,전남광주통합특별시 광양시 금호로 105-21
백운아트홀 건너,전남광주통합특별시 광양시 금호로 203
금호 해안가공원,전남광주통합특별시 광양시 금호동 838-1
와우호수공원,전남광주통합특별시 광양시 백운로 1435(마동)
광영 도촌선착장,전남광주통합특별시 광양시 강변로 42
광영체육공원,전남광주통합특별시 광양시 광영의암1로 17
하광공원,전남광주통합특별시 광양시 광포3길 22
광영근린공원,전남광주통합특별시 광양시 금영로 109
상광공원,전남광주통합특별시 광양시 영수공원길 30
광영그라운드골프장,전남광주통합특별시 광양시 광영큰골길 41
가야산 둘레길,전남광주통합특별시 광양시 장동리 산79
삼거리정류소,전남광주통합특별시 광양시 옥진로 690
진상 그라운드골프장,전남광주통합특별시 광양시 백운3로 52
지랑마을,전남광주통합특별시 광양시 지원길 32
백학동 공원,전남광주통합특별시 광양시 백학로 77
신황마을,전남광주통합특별시 광양시 신황길 152-12
백학동 복지관,전남광주통합특별시 광양시 성지로 2-1
웅동비닐바위,전남광주통합특별시 광양시 성지로 173
웅동주차장,전남광주통합특별시 광양시 웅동길 52-4
만불사,전남광주통합특별시 광양시 백학로 467
어치보건소 뒤,전남광주통합특별시 광양시 백학로 533-15
상어치 입구,전남광주통합특별시 광양시 백학로 573
어치교,전남광주통합특별시 광양시 백학로 643
지계마을,전남광주통합특별시 광양시 백학로 771
시골산장옆,전남광주통합특별시 광양시 백학로 995
구 회두분교,전남광주통합특별시 광양시 회두길 30-1
1박2일 아래,전남광주통합특별시 광양시 백학로 1114
1박2일 위,전남광주통합특별시 광양시 백학로 1150-1
관동마을 앞,전남광주통합특별시 광양시 섬진강매화로 1898
가람농산 앞(면사무소 건너),전남광주통합특별시 광양시 섬진강매화로 2132
다압 면민광장(테마로드),전남광주통합특별시 광양시 섬진강매화로 2164
금천계곡 입구(제일가든),전남광주통합특별시 광양시 평동길 56-19
금천 보건진료소앞(금천슈퍼 앞),전남광주통합특별시 광양시 평동길 56-19
동동마을 회관,전남광주통합특별시 광양시 계동길 108
서동민박 앞,전남광주통합특별시 광양시 대청길 181-43
하천섬(주차장),전남광주통합특별시 광양시 율천길 8-1
옥룡면사무소 앞(교육문화복지센터),전남광주통합특별시 광양시 신재로 624
삼정교,전남광주통합특별시 광양시 백계로 2
옥룡사지,전남광주통합특별시 광양시 백계1길 10
양산마을입구,전남광주통합특별시 광양시 상산길 85
외산마을 앞,전남광주통합특별시 광양시 외산길 13-1
추동교,전남광주통합특별시 광양시 도선2길 54
일번지민박,전남광주통합특별시 광양시 학사대길 25
동곡구판장옆,전남광주통합특별시 광양시 동동길 31-5
바위산장옆,전남광주통합특별시 광양시 신재로 1249-23
약수제단주차장,전남광주통합특별시 광양시 약수제단길 20
동곡주차장,전남광주통합특별시 광양시 신재로 1339
용소 下,전남광주통합특별시 광양시 신재로 1353
용소 上,전남광주통합특별시 광양시 신재로 1390
장원민박,전남광주통합특별시 광양시 묵방길 29
답곡마을 버스 정류장 앞,전남광주통합특별시 광양시 동곡리 662
백운학생수련장 주차장,전남광주통합특별시 광양시 신재로 1569
태양민박앞,전남광주통합특별시 광양시 신재로 1607
진틀주차장,전남광주통합특별시 광양시 신재로 1654
진틀1교,전남광주통합특별시 광양시 신재로 1671
병암마을(산장),전남광주통합특별시 광양시 신재로 1678-65
진틀2교(사나래앞),전남광주통합특별시 광양시 신재로 1718
논실주차장上,전남광주통합특별시 광양시 신재로 1752-2
논실주차장下,전남광주통합특별시 광양시 신재로 1752-12
제일송어산장,전남광주통합특별시 광양시 신재로 1816
구봉산 주차장,전남광주통합특별시 광양시 구봉산전망대길 136
구봉산 옥련암앞,전남광주통합특별시 광양시 용장길 364
구봉산 어사길,전남광주통합특별시 광양시 성황동 528-2
현충탑,전남광주통합특별시 광양시 현충길 39(중동)
남흥공원,전남광주통합특별시 광양시 인서2길 13
인동숲,전남광주통합특별시 광양시 숲샘길 123
유당공원(주차장),전남광주통합특별시 광양시 백운로 24
인서리공원,전남광주통합특별시 광양시 남문길 63
우산공원下(도서관 뒤 분수대쪽),전남광주통합특별시 광양시 우산리 536-1
우산생태숲,전남광주통합특별시 광양시 내우정길 15-4
우산공원 주차장,전남광주통합특별시 광양시 우산공원길 48
우산공원上(정상부근),전남광주통합특별시 광양시 우산리 산39-16
서천 장미공원,전남광주통합특별시 광양시 서천변로 257
광양읍 소방서 옆,전남광주통합특별시 광양시 서천변로 171
서천운동장,전남광주통합특별시 광양시 서천변로 119
마산마을입구,전남광주통합특별시 광양시 마산길 3-23
서천공원,전남광주통합특별시 광양시 서천변로 59
백운제 물놀이장,전남광주통합특별시 광양시 성불로 213
백운제 오토캠핑장,전남광주통합특별시 광양시 지곡길 212-1
마시마을입구,전남광주통합특별시 광양시 성불로 637
개룡마을 입구(주차장),전남광주통합특별시 광양시 성불로 707
개룡회관 옆,전남광주통합특별시 광양시 개룡길 40
부암마을앞,전남광주통합특별시 광양시 성불로 939
반월산장 앞,전남광주통합특별시 광양시 하조길 82
하조마을 유상각,전남광주통합특별시 광양시 하조길 13-3
자연황토민박앞,전남광주통합특별시 광양시 하조길 4
성불교,전남광주통합특별시 광양시 봉강면 성불로 1143
성불주차장,전남광주통합특별시 광양시 성불로 1150-29
황금산장 입구2,전남광주통합특별시 광양시 성불로 1150-206
성불계곡 중주차장,전남광주통합특별시 광양시 성불로 1150-238
"성불사 세심교
(성불사밑 다리)",전남광주통합특별시 광양시 성불로 1150-145
성불사 입구,전남광주통합특별시 광양시 성불로 1150-167
성불사 앞,전남광주통합특별시 광양시 성불로 1150-191
용강교 아래,전남광주통합특별시 광양시 희양현로 164
동천파크골프장,전남광주통합특별시 광양시 강변동길 216
하천섬(솔밭),전남광주통합특별시 광양시 율천길 8
광양고등학교,전남광주통합특별시 광양시 봉강면 매천로 667
광양백운고등학교,전남광주통합특별시 광양시 중마로 250
광양제철고등학교,전남광주통합특별시 광양시 금호동 마로니에길 61
광양하이텍고등학교,전남광주통합특별시 광양시 광양읍 신재로 106
광영고등학교,전남광주통합특별시 광양시 가야로 322
중마고등학교,전남광주통합특별시 광양시 등논4길 40
한국창의예술고등학교,전남광주통합특별시 광양시 중마로 400
한국항만물류고등학교,전남광주통합특별시 광양시 진상면 신시길177
섬진강(순천)휴게소,전남광주통합특별시 광양시 진월면 신답길 24-14
섬진강(부산)휴게소,전남광주통합특별시 광양시 진월면 섬진강 매화로 141
진상역,전남광주통합특별시 광양시 진상면 옥진로 1112
광양역,전남광주통합특별시 광양시 광양읍 해광로 800
수산물 유통센터 화장실,전남광주통합특별시 광양시 항만9로 69
광양서울병원,전남광주통합특별시 광양시 진등길 93
금호동사무소,전남광주통합특별시 광양시 희망길 50
금호동주민자치센터,전남광주통합특별시 광양시 희망길 42
광양백운장례식장,전남광주통합특별시 광양시 광양읍 제철로 26-19
동광양장례식장,전남광주통합특별시 광양시 불로로 30-1
옥곡장례식장,전남광주통합특별시 광양시 옥곡면 강변로 448
운전면허시험장 앞,전남광주통합특별시 광양시 대학로 9
덕례생태놀이터,전남광주통합특별시 광양시 덕산4길 35-1
예구마을게이트볼장,전남광주통합특별시 광양시 예구7길 29
덕례공원,전남광주통합특별시 광양시 회암1길 14
인라인스케이트장,전남광주통합특별시 광양시 칠성리 593-1
코스모스공원,전남광주통합특별시 광양시 도청길 35
도청마을,전남광주통합특별시 광양시 도청길 259
서천도월보 앞,전남광주통합특별시 광양시 강변동길 74
장도공원,전남광주통합특별시 광양시 은장도길 35-11
부영공원,전남광주통합특별시 광양시 인서4길 11
식물생태숲 영상체험관 화장실,전남광주통합특별시 광양시 백계로 337
매표소 주차장 화장실,전남광주통합특별시 광양시 백계로 337
목재문화체험장 화장실,전남광주통합특별시 광양시 백계로 337
전남도립미술관 화장실,전남광주통합특별시 광양시 광양읍 순광로 660
바다정원,전남광주통합특별시 고흥군 도양읍 비봉로 168
녹동수협물양장,전남광주통합특별시 고흥군 도양읍 목넘가는길 19
동두산체육공원,"전남광주통합특별시 고흥군 도양읍 동두메2길 12-15, 기타운동시설"
녹동시장,전남광주통합특별시 고흥군 도양읍 녹동시장길 39
도양읍사무소,전남광주통합특별시 고흥군 도양읍 녹동남촌2길 14
용동지구주차장2,전남광주통합특별시 고흥군 도덕면 고흥만로 1132-14
오마한센인공원,전남광주통합특별시 고흥군 도덕면 천마로 681
용동지구주차장1,전남광주통합특별시 고흥군 도덕면 고흥만로 1137
신양주유소,전남광주통합특별시 고흥군 도덕면 고흥로 648
도덕면사무소,전남광주통합특별시 고흥군 도덕면 고흥로 499
장선포2,전남광주통합특별시 고흥군 대서면 안남리 산159
장선포1,전남광주통합특별시 고흥군 대서면 안남리 1472-1
대서면사무소,전남광주통합특별시 고흥군 대서면 동서로 464
신기해변,전남광주통합특별시 고흥군 대서면 동서로 1015
일몰전망대,전남광주통합특별시 고흥군 남양면 고흥로 3777
월정방풍림,전남광주통합특별시 고흥군 남양면 망월로 292-30
선정주차장,전남광주통합특별시 고흥군 남양면 망월로 268-16
고흥우주휴게소,전남광주통합특별시 고흥군 남양면 우주항공로 4177
금성휴게소,전남광주통합특별시 고흥군 과역면 우주항공로 3256
남양면사무소,전남광주통합특별시 고흥군 남양면 남양희망길 19
우도전망대,전남광주통합특별시 고흥군 남양면 우도길 48-51
우도주차장,전남광주통합특별시 고흥군 남양면 우도길 141-11
대덕주유소,전남광주통합특별시 고흥군 남양면 고흥로 3338
서촌등산로,전남광주통합특별시 고흥군 금산면 오천물만내길 2
금장해수욕장,전남광주통합특별시 고흥군 금산면 금장길 78-12
익금해수욕장1,전남광주통합특별시 고흥군 금산면 익금해변길 32
익금해수욕장2,전남광주통합특별시 고흥군 금산면 익금해변길 40-18
금진항,전남광주통합특별시 고흥군 금산면 평전길 24
연소해수욕장,전남광주통합특별시 고흥군 금산면 연소양지길 74
연홍도,전남광주통합특별시 고흥군 금산면 신전리 807-1
동정주차장,전남광주통합특별시 고흥군 금산면 거금일주로 2705
거금주유소,전남광주통합특별시 고흥군 금산면 거금일주로 166
파성재,전남광주통합특별시 고흥군 금산면 금성길 293-23
금산면사무소,전남광주통합특별시 고흥군 금산면 거금중앙길 84
오천항,"전남광주통합특별시 고흥군 금산면 거금일주로 1616-6, 우산각"
거금도휴게소,전남광주통합특별시 고흥군 금산면 거금로 720
외백물양장,전남광주통합특별시 고흥군 과역면 외백순환길 38
가화보건진료소,전남광주통합특별시 고흥군 도화면 황촌길 39-8
가족문학관,전남광주통합특별시 고흥군 두원면 분청문화박물관길 88
가야보건진료소,전남광주통합특별시 고흥군 도덕면 고흥만로 484
풍양면사무소(임시청사),전남광주통합특별시 고흥군 풍양면 고흥로 1066
풍남항(풍남출장소),전남광주통합특별시 고흥군 풍양면 천마로 1418-17
천등산철쭉공원,전남광주통합특별시 고흥군 도화면 신호리 산 179-2
천등산헬기장(딸각산),전남광주통합특별시 고흥군 풍양면 송정리 산1
송정주차장,전남광주통합특별시 고흥군 풍양면 풍남로 582
마복산주차장,전남광주통합특별시 고흥군 포두면 우주로 1220
고향주유소,전남광주통합특별시 고흥군 포두면 우주로 829
포두면사무소,전남광주통합특별시 고흥군 포두면 우주로 597
남성공원,전남광주통합특별시 고흥군 포두면 우주로 2152-27
㈜엔디알우주로주유소,전남광주통합특별시 고흥군 포두면 우주로 1479
흥양농협남부주유소,전남광주통합특별시 고흥군 포두면 우주로 1195
해피휴게소,전남광주통합특별시 고흥군 점암면 우주항공로 2901
파랑새휴게소,전남광주통합특별시 고흥군 점암면 우주항공로 2878
팔영산오토캠핑장,전남광주통합특별시 고흥군 점암면 팔봉길 19-61
점암면사무소,전남광주통합특별시 고흥군 점암면 모룡길 48
팔영산국립공원,전남광주통합특별시 고흥군 점암면 능가사로 292
고흥우주발사전망대,전남광주통합특별시 고흥군 영남면 해맞이로 840
남열해돋이해수욕장,전남광주통합특별시 고흥군 영남면 해맞이로 680
영남면사무소,전남광주통합특별시 고흥군 영남면 해맞이로 10
용바위선착장,전남광주통합특별시 고흥군 영남면 용바위길 24
통일발원지공원,전남광주통합특별시 고흥군 영남면 해맞이로 842
나로도공용터미널,전남광주통합특별시 고흥군 봉래면 축정1길 25
염포야영장,전남광주통합특별시 고흥군 봉래면 우주로 3844
나로도주유소,전남광주통합특별시 고흥군 봉래면 우주로 3109
염포하촌물양장,전남광주통합특별시 고흥군 봉래면 우주로 4049
염포해수욕장,전남광주통합특별시 고흥군 봉래면 우주로 3810-12
봉래산시름재,전남광주통합특별시 고흥군 봉래면 예내리 산87-11
봉래산주차장,전남광주통합특별시 고흥군 봉래면 하반로 240-42
봉래시장,전남광주통합특별시 고흥군 봉래면 나로도항길 26-9
나로우주해수욕장,전남광주통합특별시 고흥군 봉래면 신금길 30-8
봉래면사무소,전남광주통합특별시 고흥군 봉래면 나로도항길 16
나로도연안여객선터미널,전남광주통합특별시 고흥군 봉래면 나로도항길 120-7
나로도항물양장,전남광주통합특별시 고흥군 봉래면 나로도항길 110-10
풍류해수욕장,전남광주통합특별시 고흥군 두원면 풍류로 99-14
대전해수욕장1,전남광주통합특별시 고흥군 두원면 두원로 1306-38
대전해수욕장2,"전남광주통합특별시 고흥군 두원면 두원로 1306-54, 취사장"
신흥물양장,전남광주통합특별시 고흥군 두원면 대금리 산22-1
동일면사무소2F,전남광주통합특별시 고흥군 동일면 양화길 8
동일면사무소1F,전남광주통합특별시 고흥군 동일면 양화길 8
나로2대교물양장(와교물양장),전남광주통합특별시 고흥군 동일면 와다리길 1-21
덕흥해수욕장2,전남광주통합특별시 고흥군 동일면 덕흥양쪽길 118
덕흥해수욕장1(상시개방),전남광주통합특별시 고흥군 동일면 덕흥양쪽길 118
시호도선착장,전남광주통합특별시 고흥군 동일면 성두구룡길 331
동강전통시장,"전남광주통합특별시 고흥군 동강면 고흥로 4280, 시장"
동강면사무소,전남광주통합특별시 고흥군 동강면 서민호길 9
두방산주차장,전남광주통합특별시 고흥군 동강면 동강당곡길 142
고흥만남의광장휴게소,전남광주통합특별시 고흥군 동강면 고흥로 4797
팔영농협동강주유소,전남광주통합특별시 고흥군 동강면 고흥로 4287
발포해수욕장,전남광주통합특별시 고흥군 도화면 천마로 2736-6
죽도물양장,전남광주통합특별시 고흥군 도화면 대섬길 8-1
도화버스공용터미널,전남광주통합특별시 고흥군 도화면 중심길 6
도화전통시장,전남광주통합특별시 고흥군 도화면 당오천변2길 26
상동물양장,전남광주통합특별시 고흥군 도화면 구암리 산 203
하동물양장,전남광주통합특별시 고흥군 도화면 구암선창길 50
여의천해변,전남광주통합특별시 고흥군 도화면 더수연안길 19
도양주유소,전남광주통합특별시 고흥군 도양읍 우주항공로 446
차경주유소,전남광주통합특별시 고흥군 도양읍 우주항공로 232
시산출장소,전남광주통합특별시 고흥군 도양읍 시산석금길 16
녹동신항,전남광주통합특별시 고흥군 도양읍 비봉로 266-16
쌍충사물양장,전남광주통합특별시 고흥군 도양읍 목넘가는길 29
쌍충사,전남광주통합특별시 고흥군 도양읍 목넘가는길 34
고흥국민체육센터,"전남광주통합특별시 고흥군 고흥읍 두원로 175, 고흥국민체육센터"
고흥문화원,전남광주통합특별시 고흥군 고흥읍 고흥로 1892-67
고흥군립남부도서관,"전남광주통합특별시 고흥군 도양읍 녹동신항8길 5-4, 고흥군립남부도서관"
우주과학관 야외화장실,"전남광주통합특별시 고흥군 봉래면 하반로 490, 우주과학관"
소록도병원 안내소 주차장(1층),"전남광주통합특별시 고흥군 도양읍 소록해안길 65, 국립 소록도병원"
소록도병원 중앙공원(1층),"전남광주통합특별시 고흥군 도양읍 소록해안길 65, 국립 소록도병원"
남양우도레인보우교,전남광주통합특별시 고흥군 남양면 고흥로 3625-122
녹동공영버스터미널,"전남광주통합특별시 고흥군 도양읍 천마로 57, 녹동버스 공용정류장"
상하수도사업소 1층,"전남광주통합특별시 고흥군 고흥읍 우주로 121, 상하수도사업소"
상하수도사업소 2층,"전남광주통합특별시 고흥군 고흥읍 우주로 121, 상하수도사업소"
상수도통합운영센터 1층,"전남광주통합특별시 고흥군 고흥읍 우주로 121, 상하수도사업소"
농업기술센터 시험연구동,전남광주통합특별시 고흥군 풍양면 풍남로 143
농기계임대사업소 북부지소,전남광주통합특별시 고흥군 과역면 과역로 24
농기계임대사업소 동부지소,전남광주통합특별시 고흥군 포두면 신세동로 16
풍남항 방파제2,"전남광주통합특별시 고흥군 풍양면 천마로 1462-14, 풍남어민복지회관"
원주항,전남광주통합특별시 고흥군 과역면 백일리 산 226-4
녹동테니스장,"전남광주통합특별시 고흥군 도양읍 우주항공로 229, 체육시설"
김태영축구장,"전남광주통합특별시 고흥군 도양읍 우주항공로 229, 체육시설"
두원금오게이트볼장,"전남광주통합특별시 고흥군 두원면 두원로 907-1, 게이트볼장"
두원중앙게이트볼장,"전남광주통합특별시 고흥군 두원면 두원로 466-1, 마을회관"
분청문화공원,"전남광주통합특별시 고흥군 두원면 분청문화박물관길 99, 고흥분청문화박물관"
운대주유소,"전남광주통합특별시 고흥군 두원면 고흥로 2394, 사무소"
두원용운게이트볼장,전남광주통합특별시 고흥군 두원면 고흥로 2355
포두북부게이트볼장,"전남광주통합특별시 고흥군 포두면 송산길 63-14, 게이트볼장"
포두동부게이트볼장,"전남광주통합특별시 고흥군 포두면 외산길 8-36, 게이트볼장"
봉동어린이공원,전남광주통합특별시 고흥군 고흥읍 봉동주공길 24-4
현충공원,전남광주통합특별시 고흥군 고흥읍 고흥로 1892-65
과역독대게이트볼장,전남광주통합특별시 고흥군 과역면 과역로 1435-4
도양노인게이트볼장,전남광주통합특별시 고흥군 도양읍 봉암리 3737
두원문무정,전남광주통합특별시 고흥군 두원면 두원로 459-9
생활체육공원(테니스장),전남광주통합특별시 고흥군 고흥읍 고흥로 1892-67
중촌선착장,전남광주통합특별시 고흥군 봉래면 우주로 3944
도양북방파제,전남광주통합특별시 고흥군 도양읍 목넘가는길 71-53
도양북촌매립지,"전남광주통합특별시 고흥군 도양읍 목넘가는길 67, 일반공장"
녹동건어물판매장,전남광주통합특별시 고흥군 도양읍 목넘가는길 35
금산선착장주차장,전남광주통합특별시 고흥군 도양읍 비봉로 194
장예항,전남광주통합특별시 고흥군 도양읍 도양해안로 415
상화도항,"전남광주통합특별시 고흥군 도양읍 상화도길 91, 상화도마을회관"
풍양면사무소부속건물(임시),전남광주통합특별시 고흥군 풍양면 고흥로 1066
용동선착장,전남광주통합특별시 고흥군 도덕면 용동리 666-3
학동버스정류장,전남광주통합특별시 고흥군 도덕면 고흥로 472
신평항 야외공중화장실,"전남광주통합특별시 고흥군 금산면 평산길 94, 신평해울림센터"
고흥꿈꾸는예술터,전남광주통합특별시 고흥군 고흥읍 흥양길 20
고흥아트센터,"전남광주통합특별시 고흥군 고흥읍 흥양길 10, KT&amp;G고흥지점"
덕흥보건진료소,"전남광주통합특별시 고흥군 동일면 덕흥음쪽길 51, 보건진료소"
나로도우체국,"전남광주통합특별시 고흥군 봉래면 축정2길 105, 우체국"
과역우체국,전남광주통합특별시 고흥군 과역면 고흥로 2959
고흥금산우체국,전남광주통합특별시 고흥군 금산면 거금중앙길 88-4
도화우체국,"전남광주통합특별시 고흥군 도화면 중심길 56, 도화우체국"
남양우체국,"전남광주통합특별시 고흥군 남양면 남양희망길 22, 남양우체국"
고흥동일우체국,"전남광주통합특별시 고흥군 동일면 봉영로 1, 동일우체국"
고흥영남우체국,"전남광주통합특별시 고흥군 영남면 팔영로 1071, 영남우체국"
점암우체국,"전남광주통합특별시 고흥군 점암면 모룡길 68, 우체국"
동강우체국,"전남광주통합특별시 고흥군 동강면 원유둔1길 29, 동강우체국"
대서우체국,"전남광주통합특별시 고흥군 대서면 석장2길 13, 우체국"
포두우체국,"전남광주통합특별시 고흥군 포두면 우주로 613-1, 포두우체국"
도덕우체국,"전남광주통합특별시 고흥군 도덕면 고흥로 453, 도덕우체국"
팔영대교수산물직판장,"전남광주통합특별시 고흥군 영남면 우천우두길 24-91, 휴게음식점"
발포항,전남광주통합특별시 고흥군 도화면 충무사길 101
여호보건진료소,"전남광주통합특별시 고흥군 점암면 여호해안길 40, 보건진료소"
과역보건지소,전남광주통합특별시 고흥군 과역면 송학큰길 52-1
고흥분청문화박물관,전남광주통합특별시 고흥군 두원면 분청문화박물관길 99
고흥군보건소1(본관),전남광주통합특별시 고흥군 고흥읍 등암3길 5
고흥갑재민속전시관,전남광주통합특별시 고흥군 두원면 두원운석길 9
고흥읍사무소,전남광주통합특별시 고흥군 고흥읍 터미널길 11
고흥농협주유소,전남광주통합특별시 고흥군 고흥읍 우주로 112
옥하공원,전남광주통합특별시 고흥군 고흥읍 옥상길 12-16
신호주차장,전남광주통합특별시 고흥군 고흥읍 신호산장길 8
고흥시장A,전남광주통합특별시 고흥군 고흥읍 시장길1
고흥시장B,전남광주통합특별시 고흥군 고흥읍 시장길1
고흥재래시장,전남광주통합특별시 고흥군 고흥읍 시장길1
동신주유소,전남광주통합특별시 고흥군 고흥읍 고흥로 1910
고흥종합문화회관,전남광주통합특별시 고흥군 고흥읍 고흥로 1892-67
박지성공설운동장,전남광주통합특별시 고흥군 고흥읍 고흥로 1892-67
팔영체육관,전남광주통합특별시 고흥군 고흥읍 고흥로 1892-67
군민회관,전남광주통합특별시 고흥군 고흥읍 고흥로 1852-27
고흥만힐링체험센터,전남광주통합특별시 고흥군 도덕면 고흥만로 1137
고흥군청주차장2F,전남광주통합특별시 고흥군 고흥읍 고흥군청로 1
고흥군청주차장1F,전남광주통합특별시 고흥군 고흥읍 고흥군청로 1
고흥군청주차장B1,전남광주통합특별시 고흥군 고흥읍 고흥군청로 1
고흥군청6F,전남광주통합특별시 고흥군 고흥읍 고흥군청로 1
고흥군청5F,전남광주통합특별시 고흥군 고흥읍 고흥군청로 1
고흥군청4F,전남광주통합특별시 고흥군 고흥읍 고흥군청로 1
고흥군청3F,전남광주통합특별시 고흥군 고흥읍 고흥군청로 1
고흥군청2F,전남광주통합특별시 고흥군 고흥읍 고흥군청로 1
고흥군청1F,전남광주통합특별시 고흥군 고흥읍 고흥군청로 1
흥양주유소,전남광주통합특별시 고흥군 도화면 도화로 287
흥양농협중앙주유소,전남광주통합특별시 고흥군 포두면 우주로 588-1
화계보건진료소,전남광주통합특별시 고흥군 점암면 화전1길 19
해피주유소,전남광주통합특별시 고흥군 점암면 우주항공로 2901
풍양보건지소,전남광주통합특별시 고흥군 풍양면 죽시장터길 1
풍양농협주유소,전남광주통합특별시 고흥군 풍양면 고흥로 1166
풍류보건진료소,전남광주통합특별시 고흥군 두원면 풍류로 155
화천쉼터,전남광주통합특별시 고흥군 대서면 동서로 1201
동부승강장,전남광주통합특별시 고흥군 고흥읍 학교길 57
국립소록도병원,"전남광주통합특별시 고흥군 도양읍 소록해안길 65, 국립 소록도병원"
고흥스마트팜혁신밸리 지원센터,전남광주통합특별시 고흥군 도덕면 고흥만로 428-151
신평항,전남광주통합특별시 고흥군 금산면 평산길 96-1
풍남항 방파제1,"전남광주통합특별시 고흥군 풍양면 천마로 1412-12, 사무소"
거금도농협주유소,전남광주통합특별시 고흥군 금산면 거금중앙길 117
거금야구장,전남광주통합특별시 고흥군 금산면 거금중앙길 39
고흥군수협금산주유소,"전남광주통합특별시 고흥군 금산면 거금일주로 1543, 주유소"
대서노인게이트볼장,"전남광주통합특별시 고흥군 대서면 동서로 455-6, 기타운동시설"
점암중앙게이트볼장,"전남광주통합특별시 고흥군 점암면 모룡길 45, 경로당"
원등공원,전남광주통합특별시 고흥군 과역면 고흥로 2948-11
금성제2주유소,"전남광주통합특별시 고흥군 과역면 우주항공로 3256, 주유소"
고흥우주주유소,"전남광주통합특별시 고흥군 남양면 우주항공로 4177, 주유소"
동강노인게이트볼장,전남광주통합특별시 고흥군 동강면 원유둔4길 11-27
고흥군립북부도서관,"전남광주통합특별시 고흥군 동강면 동강중촌길 35, 고흥군립북부도서관"
풍양흥무정,"전남광주통합특별시 고흥군 풍양면 고흥로 1126-37, 사찰"
풍양서부게이트볼장,"전남광주통합특별시 고흥군 풍양면 축두길 6-4, 게이트볼장"
풍양(구)유자공원,전남광주통합특별시 고흥군 풍양면 고흥로 1116
고흥만소공원화장실(여자),전남광주통합특별시 고흥군 도덕면 고흥만로 1156
고흥만소공원화장실(남자),전남광주통합특별시 고흥군 도덕면 고흥만로 1156
한국도로공사 고흥영업소,전남광주통합특별시 고흥군 동강면 고흥로 4823-17
고흥우체국,"전남광주통합특별시 고흥군 고흥읍 봉황길 5, 고흥우체국"
고흥우체국 두원출장소,"전남광주통합특별시 고흥군 두원면 두원로 484, 고흥우체국 두원출장소"
도양우체국,전남광주통합특별시 고흥군 도양읍 녹동남촌2길 26
도화초등학교,"전남광주통합특별시 고흥군 도화면 오치길 43-4, 도화초등학교"
발포노인게이트볼장,"전남광주통합특별시 고흥군 도화면 충무사길 109, 게이트볼장"
도화노인게이트볼장,"전남광주통합특별시 고흥군 도화면 천마로 2271, 도화복지회관"
고흥군노인전문요양원,"전남광주통합특별시 고흥군 고흥읍 고흥로 1923-5, 고흥종합노인요양원"
고흥군공립노인전문요양병원,전남광주통합특별시 고흥군 고흥읍 고흥로 1941
고흥군민회관테니스장,"전남광주통합특별시 고흥군 고흥읍 고흥로 1852-23, 테니스장"
고흥군립중앙도서관,"전남광주통합특별시 고흥군 고흥읍 고흥로 1793, 평생학습사업소"
고흥봉황정,"전남광주통합특별시 고흥군 고흥읍 봉남봉동길 14-3, 봉황정"
고흥평생교육관,"전남광주통합특별시 고흥군 고흥읍 고흥로 1647-13, 고흥평생교육관"
역사문화공원,전남광주통합특별시 고흥군 고흥읍 흥양길 40
연홍보건진료소,전남광주통합특별시 고흥군 금산면 연홍길 30
신호보건진료소,전남광주통합특별시 고흥군 도화면 문안길 217-3
신평보건진료소,전남광주통합특별시 고흥군 금산면 평산1길 6-33
신기보건진료소,전남광주통합특별시 고흥군 대서면 동서로 918
시산보건진료소,전남광주통합특별시 고흥군 도양읍 시산석금길 20
수협주유소,전남광주통합특별시 고흥군 도화면 중심길 48
송산보건진료소,전남광주통합특별시 고흥군 포두면 송산길 61
소록주유소,전남광주통합특별시 고흥군 도양읍 우주항공로 225
사양보건진료소,전남광주통합특별시 고흥군 봉래면 사양선창길 69
봉래보건지소,전남광주통합특별시 고흥군 봉래면 축정1길 16
백일보건진료소,전남광주통합특별시 고흥군 과역면 백일길 315-4
발포보건진료소,전남광주통합특별시 고흥군 도화면 충무사길 113
명품주유소,전남광주통합특별시 고흥군 도양읍 우주항공로 80
망주보건진료소,전남광주통합특별시 고흥군 남양면 망월로 89-8
마복산목재문화체험장,전남광주통합특별시 고흥군 포두면 우주로 1296
등암LPG충전소,전남광주통합특별시 고흥군 고흥읍 고흥로 1520
득량보건진료소,전남광주통합특별시 고흥군 도양읍 득량관선길 89-13
두원중앙보건지소,전남광주통합특별시 고흥군 두원면 두원로 480-1
점암보건지소,전남광주통합특별시 고흥군 점암면 점암학교길 28
옥강보건진료소,전남광주통합특별시 고흥군 포두면 내초안길 12
오취보건진료소,전남광주통합특별시 고흥군 포두면 오취길 267
오천보건진료소,전남광주통합특별시 고흥군 금산면 오천서당길 14-11
영남면보건지소,전남광주통합특별시 고흥군 영남면 해맞이로 10
농산물가공연구관,전남광주통합특별시 고흥군 풍양면 풍남로 143
농기계임대사업소,전남광주통합특별시 고흥군 풍양면 풍남로 143
녹동신항여객선터미널,전남광주통합특별시 고흥군 도양읍 비봉로 266-16
노일보건진료소,전남광주통합특별시 고흥군 과역면 내로당날길 3
남열보건진료소,전남광주통합특별시 고흥군 영남면 남열본동2길 14
남양보건지소,전남광주통합특별시 고흥군 남양면 남양로 26
남성보건진료소,전남광주통합특별시 고흥군 포두면 남성3길 9
금산보건지소,전남광주통합특별시 고흥군 금산면 거금중앙길 86-4
금사보건진료소,전남광주통합특별시 고흥군 영남면 사도진해안길 141
풍남보건진료소,전남광주통합특별시 고흥군 풍양면 천마로 1462-12
포두보건지소,전남광주통합특별시 고흥군 포두면 우주로 597
팔영주유소,전남광주통합특별시 고흥군 점암면 해창로 589
팔영산편백치유의숲주차장1,전남광주통합특별시 고흥군 영남면 천사로 529-191
팔영산편백치유의숲일반동,전남광주통합특별시 고흥군 영남면 천사로 529-191
팔영산자연휴양림주차장,전남광주통합특별시 고흥군 영남면 팔영로 1347-418
팔영농협점암주유소,전남광주통합특별시 고흥군 점암면 모룡길 87
팔영농협대서주유소,전남광주통합특별시 고흥군 대서면 봉두로 892
파랑새주유소,전남광주통합특별시 고흥군 점암면 우주항공로 2878
치유농업관,전남광주통합특별시 고흥군 풍양면 풍남로 143
고흥군보건소2(치매안심센터),전남광주통합특별시 고흥군 고흥읍 등암3길 5
고흥군농업기술센터,전남광주통합특별시 고흥군 풍양면 풍남로 143
죽암보건진료소,전남광주통합특별시 고흥군 동강면 죽암안길 84-3
성두보건진료소,전남광주통합특별시 고흥군 두원면 두원로 896
동일보건지소,전남광주통합특별시 고흥군 동일면 양화길 10
동강보건지소,전남광주통합특별시 고흥군 동강면 동강중촌길 22-3
도화보건지소,전남광주통합특별시 고흥군 도화면 도화로 502
도화면사무소,전남광주통합특별시 고흥군 도화면 오치길 37
도양보건지소,전남광주통합특별시 고흥군 도양읍 녹동남촌2길 14
도덕보건지소,전남광주통합특별시 고흥군 도덕면 고흥로 491
대전보건진료소,전남광주통합특별시 고흥군 두원면 두원로 1168
대서보건지소,전남광주통합특별시 고흥군 대서면 봉두로 579
강산지구공중화장실,전남광주통합특별시 고흥군 점암면 능가사로 672
두원면사무소,전남광주통합특별시 고흥군 두원면 두원로 480-1
호천주유소,전남광주통합특별시 고흥군 고흥읍 우주로 99
과역전통시장,전남광주통합특별시 고흥군 과역면 시장안길 13-10
과역면사무소,전남광주통합특별시 고흥군 과역면 송학큰길 52
과역터미널,전남광주통합특별시 고흥군 과역면 무궁화길 5
팔영농협과역주유소,전남광주통합특별시 고흥군 과역면 무궁화길 1
에덴주유소,전남광주통합특별시 고흥군 과역면 고흥로 3178
마치산공원,전남광주통합특별시 고흥군 고흥읍 두원로 38-22
고흥주유소,전남광주통합특별시 고흥군 고흥읍 터미널길 6
용전보건진료소 화장실,전남광주통합특별시 보성군 조성면 대전길 28
마천보건진료소 화장실,전남광주통합특별시 보성군 득량면 충의로 1249
비봉보건진료소 화장실,전남광주통합특별시 보성군 득량면 청암길 31-10
미력면사무소,전남광주통합특별시 보성군 미력면 송재로 599
겸백면민회관 화장실,전남광주통합특별시 보성군 겸백면 충의로 2461
겸백면사무소 화장실,전남광주통합특별시 보성군 겸백면 충의로 2476
가람뜰 공중화장실,전남광주통합특별시 보성군 겸백면 충의로 2517
조성면사무소 화장실 1층,전남광주통합특별시 보성군 조성면 조성로 119
조성면사무소 화장실 2층,전남광주통합특별시 보성군 조성면 조성로 119
동로현복지센터 화장실 1층,전남광주통합특별시 보성군 조성면 조성로 106-23
동로현복지센터 화장실 2층,전남광주통합특별시 보성군 조성면 조성로 106-23
오봉산 칼바위 주차장 화장실,전남광주통합특별시 보성군 득량면 해평리 산76-2
용호회관옆공중간이화장실,전남광주통합특별시 보성군 노동면 노동수촌길 39
웅치면사무소화장실,전남광주통합특별시 보성군 웅치면 일림로 1001
율어면 게이트볼장 화장실,전남광주통합특별시 보성군 율어면 율어로 542-8
율어면 종합복지관 화장실,전남광주통합특별시 보성군 율어면 율어로 537
율어자모화장실,전남광주통합특별시 보성군 율어면 율어리 자모길 112
장동리 계곡,전남광주통합특별시 보성군 율어면 장동리 산59
제암산휴양림화장실,전남광주통합특별시 보성군 웅치면 대산리 산113-1
주암호유적답사길 명품 공중화장실,전남광주통합특별시 보성군 문덕면 단양길 296-6
태백산맥문학관 야외화장실,전남광주통합특별시 보성군 벌교읍 홍암로 89-19
태백산맥문학관화장실,전남광주통합특별시 보성군 벌교읍 홍암로 89-19
보성군청 4층(동),"전남광주통합특별시 보성군 보성읍 송재로 165 (보성리, 보성군청)"
보성군청 4층(서),"전남광주통합특별시 보성군 보성읍 송재로 165 (보성리, 보성군청)"
보성군청 지하1층(서),"전남광주통합특별시 보성군 보성읍 송재로 165 (보성리, 보성군청)"
보성녹차(목포)휴게소화장실,"전남광주통합특별시 보성군 미력면 남해고속도로 63, 보성녹차(목포)휴게소"
비봉 바다낚시공원 화장실,전남광주통합특별시 보성군 득량면 선소당산길 36-13
비봉화석지 화장실,전남광주통합특별시 보성군 득량면 선소당산길 8-8
서재필기념공원,전남광주통합특별시 보성군 문덕면 모후로 22
서재필기념공원 휴게소,전남광주통합특별시 보성군 모후로 22
서재필기념관 공중화장실,전남광주통합특별시 보성군 문덕면 용암길 8
석호화장실,전남광주통합특별시 보성군 겸백면 충의로 2461
선소어촌체험마을화장실,전남광주통합특별시 보성군 득량면 비봉리 산116-3
영구회관옆공중간이화장실,전남광주통합특별시 보성군 노동면 영구길 24-1
예당덕산주유소 화장실,전남광주통합특별시 보성군 득량면 녹색로 3685
예당휴게소화장실,전남광주통합특별시 보성군 득량면 파청길 3
오봉산 사방댐 화장실,전남광주통합특별시 보성군 득량면 해평리 산82-7
흥진2주유소화장실,전남광주통합특별시 보성군 벌교읍 녹색로 5584
보성군 치매안심센터,전남광주통합특별시 보성군 보성읍 갱맹골길 206
벌교보건지소 화장실,전남광주통합특별시 보성군 벌교읍 벌교상고길 27
노동보건지소 화장실,전남광주통합특별시 보성군 노동면 화전길 37
겸백보건지소 화장실,전남광주통합특별시 보성군 겸백면 충의로 2458-1
율어보건지소 화장실,전남광주통합특별시 보성군 율어면 상율길 39-11
복내보건지소 화장실,전남광주통합특별시 보성군 복내면 개기로 1666-32
문덕보건지소 화장실,전남광주통합특별시 보성군 문덕면 장운길 10
조성보건지소 화장실,전남광주통합특별시 보성군 조성면 조성4길 10-12
득량보건지소 화장실,전남광주통합특별시 보성군 득량면 역전길 15-11
회천보건지소 화장실,전남광주통합특별시 보성군 회천면 우암 1길 3
웅치보건지소 화장실,전남광주통합특별시 보성군 웅치면 일림로 989
장암보건진료소 화장실,전남광주통합특별시 보성군 벌교읍 장암길 206
장도보건진료소 화장실,전남광주통합특별시 보성군 벌교읍 장도길 204-11
고상보건진료소 화장실,전남광주통합특별시 보성군 벌교읍 채동선로 766-5
한치재주차장,전남광주통합특별시 보성군 웅치면 봉산리 산219-7
일림산용추골(하),전남광주통합특별시 보성군 웅치면 용추덕림길 89-45
일림산용추골(상),전남광주통합특별시 보성군 웅치면 용추덕림길 89-113
주월산 이동식화장실,전남광주통합특별시 보성군 조성면 대곡리 산 46-1
상진항 어촌뉴딜300사업 야외화장실,전남광주통합특별시 보성군 벌교읍 장암길 402
벌교행정복지센터,전남광주통합특별시 보성군 벌교읍 채동선로 293
복내면면사무소 화장실,전남광주통합특별시 보성군 복내면 개기로 1670
예당출장소,전남광주통합특별시 보성군 득량면 예당길 155-23
득량면행정복지센터,전남광주통합특별시 보성군 득량면 역전길 13
보성요양병원(1층-본관),전남광주통합특별시 보성군 벌교읍 녹색로 4816-15
보성요양병원(1층-신관),전남광주통합특별시 보성군 벌교읍 녹색로 4816-15
삼광중학교 본관(1층-동),전남광주통합특별시 보성군 벌교읍 채동선로 115
삼광중학교 본관(2층-동),전남광주통합특별시 보성군 벌교읍 채동선로 115
제일에너지(주) 녹차골엘피지충전소,전남광주통합특별시 보성군 보성읍 녹색로 2828
보성농협주유소,전남광주통합특별시 보성군 보성읍 중앙로 55
대야주유소,전남광주통합특별시 보성군 보성읍 녹색로 2220
제일에너지㈜ 녹차골주유소,전남광주통합특별시 보성군 보성읍 녹색로 2846
봇재주유소,전남광주통합특별시 보성군 회천면 녹차로 732
열가재제2주유소,전남광주통합특별시 보성군 조성면 녹색로 4754
세경주유소,전남광주통합특별시 보성군 벌교읍 녹색로 5267
미르주유소,전남광주통합특별시 보성군 벌교읍 녹색로 5709
열가재주유소,전남광주통합특별시 보성군 벌교읍 녹색로 4789
율포솔밭해변1,전남광주통합특별시 보성군 회천면 우암길
율포솦밭해변2,전남광주통합특별시 보성군 회천면 우암길 35
군농소공원,전남광주통합특별시 보성군 회천면 우암길 183
오일시장화장실1,전남광주통합특별시 보성군 보성읍 봉화로 53
오일시장화장실2,전남광주통합특별시 보성군 보성읍 봉화로 53
오일시장화장실3,전남광주통합특별시 보성군 보성읍 봉화로 53
오일시장화장실4,전남광주통합특별시 보성군 보성읍 봉화로 53
오일시장화장실5,전남광주통합특별시 보성군 보성읍 봉화로 53
오일시장화장실6,전남광주통합특별시 보성군 보성읍 봉화로 53
매일시장화장실1,전남광주통합특별시 보성군 보성읍 신흥길 9
매일시장화장실2,전남광주통합특별시 보성군 보성읍 신흥길 9
다향이십리길 보성강변,전남광주통합특별시 보성군 보성읍 송재로 455
한국차소리공원주차장,전남광주통합특별시 보성군 보성읍 녹차로 783
한국차문화공원,전남광주통합특별시 보성군 보성읍 녹차로 773-1
대한다원화장실,전남광주통합특별시 보성군 보성읍 녹차로 763-26
봇재다원화장실,전남광주통합특별시 보성군 회천면 녹차로 745-4
다향각화장실,전남광주통합특별시 보성군 회천면 녹차로 617(영천리)
장미꽃길 1,전남광주통합특별시 보성군 득량면 득량만길 333-168
장미꽃길 2,전남광주통합특별시 보성군 득량면 득량만길 333-168
덕산저수지,전남광주통합특별시 보성군 득량면 예당길 34
득량면 문화복지센터,전남광주통합특별시 보성군 득량면 역전길 7-9
득량면 국민체육센터,전남광주통합특별시 보성군 득량면 역전길 15
예당습지생태공원,전남광주통합특별시 보성군 득량면 득량만길 382-114
율어면사무소,전남광주통합특별시 보성군 율어면 율어로 562
율어면사무소 광장 공중화장실,전남광주통합특별시 보성군 율어면 율어로 554
주암호 생태습지,전남광주통합특별시 보성군 복내면 송재로
복내 오일시장,전남광주통합특별시 보성군 복내면 송재로 1838-12
주릿재,전남광주통합특별시 보성군 율어면 율어로 1334-2
벌교홍교,전남광주통합특별시 보성군 벌교읍 채동선로 334
조정래벽화마을,전남광주통합특별시 보성군 벌교읍 월곡길
부용산,전남광주통합특별시 보성군 벌교읍 월곡길 94
벌교금융조합,전남광주통합특별시 보성군 벌교읍 태백산맥길 39-1
태백산맥문학관주차장,전남광주통합특별시 보성군 벌교읍 홍암로
벌교생태공원,전남광주통합특별시 보성군 벌교읍 신정길 4-131
중도방죽,전남광주통합특별시 보성군 벌교읍 신정길 4-89
대포갯벌,전남광주통합특별시 보성군 벌교읍 대포리 234-7
벌교오일시장1,전남광주통합특별시 보성군 벌교읍 시장1길 12-13
벌교오일시장2,전남광주통합특별시 보성군 벌교읍 시장1길 12-13
벌교오일시장3,전남광주통합특별시 보성군 벌교읍 벌교천1길 15
벌교오일시장4,전남광주통합특별시 보성군 벌교읍 시장1길 11
내동보건진료소 화장실,전남광주통합특별시 보성군 문덕면 문덕내동길 31-3
쇠실주유소,전남광주통합특별시 보성군 득량면 녹색로 3250
봇재제2주유소,전남광주통합특별시 보성군 보성읍 용문길 13
연산주유소,전남광주통합특별시 보성군 벌교읍 조정래길 261
북부농협주유소,전남광주통합특별시 보성군 복내면 송재로 1792
귀산주유소,전남광주통합특별시 보성군 조성면 녹색로 4615
기러기주유소,전남광주통합특별시 보성군 득량면 녹색로 3159
동막주유소,전남광주통합특별시 보성군 벌교읍 녹색로 6186
득량주유소,전남광주통합특별시 보성군 득량면 충의로 1524
봉능주유소,전남광주통합특별시 보성군 조성면 녹색로 4129
보성농협만평주유소,전남광주통합특별시 보성군 보성읍 송재로 417
호동주유소,전남광주통합특별시 보성군 벌교읍 녹색로 6112
석거리 주유소,전남광주통합특별시 보성군 벌교읍 쌍향수길 229
득량농협주유소,전남광주통합특별시 보성군 득량면 녹색로 3444
고상주유소,전남광주통합특별시 보성군 벌교읍 채동선로 508
광주주유소,전남광주통합특별시 보성군 보성읍 송재로 279
벌교주유소,전남광주통합특별시 보성군 벌교읍 채동선로 190
회천주유소,전남광주통합특별시 보성군 회천면 남부관광로 2331
행복노인복지센터 화장실,전남광주통합특별시 보성군 복내면 송재로 1167
보성군노인복지관 화장실,전남광주통합특별시 보성군 벌교읍 신정길 47-23
보성군청소년수련원 화장실,전남광주통합특별시 보성군 보성읍 녹차로 771
득음정 화장실,전남광주통합특별시 보성군 회천면 영천리 산 134-2
회천면사무소 화장실,전남광주통합특별시 보성군 회천면 남부관광로 2295
봉서계곡 화장실,전남광주통합특별시 보성군 회천면 봉서동길
일림산 등산로 화장실,전남광주통합특별시 보성군 회천면 봉강리 산 44
제암산 메인화장실,전남광주통합특별시 보성군 웅치면 대산길
제암산 빨래방화장실,전남광주통합특별시 보성군 웅치면 대산길
제암산 영산홍화장실,전남광주통합특별시 보성군 웅치면 대산길
제암산 곰재화장실,전남광주통합특별시 보성군 웅치면 대산길
제암산 족구장화장실,전남광주통합특별시 보성군 웅치면 대산길
제암산 전망좋은화장실,전남광주통합특별시 보성군 웅치면 대산길
보성아산병원_지상2층,전남광주통합특별시 보성군 미력면 가평길 36-17
보성아산병원_지상3층 병동(1구역),전남광주통합특별시 보성군 미력면 가평길 36-17
보성아산병원_지상3층 병동(2구역),전남광주통합특별시 보성군 미력면 가평길 36-17
보성제일병원_1층,전남광주통합특별시 보성군 보성읍 송재로 59-2
보성읍행정복지센터 2층 화장실,전남광주통합특별시 보성군 신흥길 17
동윤천생태공원 화장실,전남광주통합특별시 보성군 보성읍 보성리 44
보성군보건소 1층 화장실,전남광주통합특별시 보성군 보성읍 송재로 153
보성군보건소 2층 화장실,전남광주통합특별시 보성군 보성읍 송재로 153
보성군보건소 3층 화장실,전남광주통합특별시 보성군 보성읍 송재로 153
천포보건진료소 화장실,전남광주통합특별시 보성군 회천면 서동지등길 21
조성역,전남광주통합특별시 보성군 조성면 조성4길 14
벌교역,전남광주통합특별시 보성군 벌교읍 채동선로 228
명봉역,전남광주통합특별시 보성군 노동면 예재로 384
보성역,전남광주통합특별시 보성군 보성읍 현충로 90
벌교버스터미널,전남광주통합특별시 보성군 벌교읍 조정래길 2-8
복내터미널,전남광주통합특별시 보성군 복내면 송재로 1827
보성터미널(1층),전남광주통합특별시 보성군 보성읍 현충로 20
보성아산병원_지상1층,전남광주통합특별시 보성군 미력면 가평길 36-17
보성아산병원_지상1층(2),전남광주통합특별시 보성군 미력면 가평길 36-17
벌교전통시장제2주차장,전남광주통합특별시 보성군 벌교읍 벌교천1길 17
벌교숲공원,전남광주통합특별시 보성군 벌교읍 체육공원길 35
홍암나철기념관,전남광주통합특별시 보성군 벌교읍 녹색로 5163
조성오일시장,전남광주통합특별시 보성군 조성면 조성로 90-5
정응민생가주차장,전남광주통합특별시 보성군 회천면 영천길 31
정응민생가,전남광주통합특별시 보성군 회천면 영천길 31
다향마을,전남광주통합특별시 보성군 회천면 일림산길 310-3
회령시장,전남광주통합특별시 보성군 회천면 시장길 20-4
군학샤워,전남광주통합특별시 보성군 회천면 남부관광로
회천생태공원,전남광주통합특별시 보성군 회천면 남부관광로 2126
명교해수욕장,전남광주통합특별시 보성군 회천면 남부관광로
갈매기의 꿈,전남광주통합특별시 보성군 회천면 남부관광로 2268
보성군보건소 4층 화장실,전남광주통합특별시 보성군 보성읍 송재로 153
청운주유소,전남광주통합특별시 보성군 보성읍 봉화로 8
벌교농협서부지소,전남광주통합특별시 보성군 조성면 예당길 210
태백산맥주유소,전남광주통합특별시 보성군 벌교읍 홍암로 91
노동농협주유소화장실,전남광주통합특별시 보성군 노동면 광곡길 9
녹차골 금강휴게소 화장실,전남광주통합특별시 보성군 보성읍 녹색로 2843
녹차골휴게소화장실,전남광주통합특별시 보성군 보성읍 녹색로 2836
다락금화장실,전남광주통합특별시 보성군 겸백면 도안리 산31-1
다향체육관 화장실,전남광주통합특별시 보성군 보성읍 용문길 18 (보성리)
문덕면사무소화장실,전남광주통합특별시 보성군 문덕면 장운길 40
GS칼텍스 벌교IC충전소 화장실,전남광주통합특별시 보성군 벌교읍 녹색로 5337
벌교스포츠센터화장실,전남광주통합특별시 보성군 벌교읍 신정길 4-129
보성군청 1층(서),"전남광주통합특별시 보성군 보성읍 송재로 165 (보성리, 보성군청)"
보성군청 1층화장실(동),"전남광주통합특별시 보성군 보성읍 송재로 165 (보성리, 보성군청)"
보성군청 2층(서),"전남광주통합특별시 보성군 보성읍 송재로 165 (보성리, 보성군청)"
제암산 무당벌레화장실,전남광주통합특별시 보성군 웅치면 대산길
제암산 숲속교육관화장실,전남광주통합특별시 보성군 웅치면 대산길
제암산 유아숲화장실,전남광주통합특별시 보성군 웅치면 대산길
주월산 패러글라이딩장 화장실,전남광주통합특별시 보성군 겸백면 수남리 산2-2
주월산 등산로 화장실,전남광주통합특별시 보성군 조성면 대곡리 산46-1
활산산 턱골고개 화장실,전남광주통합특별시 보성군 보성읍 봉산리 산161
활성산 산림욕장 화장실,전남광주통합특별시 보성군 보성읍 봉산리 산161
일림산 한치재 주차장 화장실,전남광주통합특별시 보성군 웅치면 봉산리 산225-9
일림산 등산로 화장실,전남광주통합특별시 보성군 웅치면 용반리 산49
보성읍행정복지센터 1층 화장실,전남광주통합특별시 보성군 신흥길 17
보성군청 2층화장실(동),"전남광주통합특별시 보성군 보성읍 송재로 165 (보성리, 보성군청)"
보성군청 3층(동),"전남광주통합특별시 보성군 보성읍 송재로 165 (보성리, 보성군청)"
비봉화석지,전남광주통합특별시 보성군 득량면 선소당산길 8-8
해평호주차장,전남광주통합특별시 보성군 득량면 해평리 1098-4
득량칼바위주차장,전남광주통합특별시 보성군 득량면 해평리 산76-2
예당오일시장,전남광주통합특별시 보성군 득량면 예당길 158
초암산주차장,전남광주통합특별시 보성군 겸백면 원수남길 125-11
보성명가,전남광주통합특별시 보성군 보성읍 용문길 7
벌교게이트볼장,전남광주통합특별시 보성군 벌교읍 체육공원길 75
보성시니어클럽 화장실,전남광주통합특별시 보성군 벌교읍 태백산맥길 83
보성군립노인요양원밝은동산 화장실,전남광주통합특별시 보성군 벌교읍 남하로599-9
보성군 가족센터 화장실,전남광주통합특별시 보성군 보성읍 송재로 186-5
천사노인복지센터 화장실,전남광주통합특별시 보성군 득량면 마천길 51-20
보성군행복노인전문요양원 화장실,전남광주통합특별시 보성군 복내면 송재로 1167
노동면사무소 1층 화장실,전남광주통합특별시 보성군 노동면 화전길 1
노동면사무소 2층 화장실,전남광주통합특별시 보성군 노동면 화전길 1
한국전력공사(본관1층),전남광주통합특별시 보성군 보성읍 송재로 53
한국전력공사(본관2층),전남광주통합특별시 보성군 보성읍 송재로 53
한국전력공사(본관3층),전남광주통합특별시 보성군 보성읍 송재로 53
한국전력공사(별관1층),전남광주통합특별시 보성군 보성읍 송재로 53
예당역,전남광주통합특별시 보성군 득량면 예당역전길 19
득량역,전남광주통합특별시 보성군 득량면 역전길 28
벌교농협주유소,전남광주통합특별시 보성군 벌교읍 채동선로 728
그린주유소,전남광주통합특별시 보성군 보성읍 흥성로 2665
탑산사주차장,전남광주통합특별시 장흥군 대덕읍 천관산문학길
문학공원주차장,전남광주통합특별시 장흥군 대덕읍 천관산문학길 124
대덕승강장,전남광주통합특별시 장흥군 대덕읍 대대로 948
대덕천,전남광주통합특별시 장흥군 대덕읍 대대로
대덕시장,전남광주통합특별시 장흥군 대덕읍 거정2길 14-15
관산파크골프장 서편,전남광주통합특별시 장흥군 관산읍 관산우회로
관산파크골프장 동편,전남광주통합특별시 장흥군 관산읍 관산우회로
정남진해안로공원,전남광주통합특별시 장흥군 관산읍 정남진해안로 601
삼산방조제주차장,전남광주통합특별시 장흥군 관산읍 정남진해안로
정남진테마숲,전남광주통합특별시 장흥군 관산읍 정남진해안로 228
효자송주차장 앞,전남광주통합특별시 장흥군 관산읍 효자송길 131
수산물회센터 1층,전남광주통합특별시 장흥군 관산읍 옥당2길 2
수산물회센터 2층,전남광주통합특별시 장흥군 관산읍 옥당2길 2
관산시장,전남광주통합특별시 장흥군 관산읍 옥당2길 2
제암산등산로,전남광주통합특별시 장흥군 장흥읍 금산신기길 124-93
제암산주차장,전남광주통합특별시 장흥군 장흥읍 금산신기길 121
예양공원,전남광주통합특별시 장흥군 장흥읍 읍성로
평화저수지,전남광주통합특별시 장흥군 장흥읍 평화우산길 126
천문과학관주차장,전남광주통합특별시 장흥군 장흥읍 평화우산길 180-94
향기숲공원,전남광주통합특별시 장흥군 장흥읍 행원강변길
장흥대교 서편,전남광주통합특별시 장흥군 장흥읍 탐진강서쪽자전거길 120
예양교 서편,전남광주통합특별시 장흥군 장흥읍 탐진강서쪽자전거길 90
예양교 동편,전남광주통합특별시 장흥군 장흥읍 탐진강동쪽자전거길
장흥교 서편,전남광주통합특별시 장흥군 장흥읍 탐진강서쪽자전거길
장흥교 동편,전남광주통합특별시 장흥군 장흥읍 탐진강동쪽자전거길 182
민속광장,전남광주통합특별시 장흥군 장흥읍 토요시장2길 3-10
오일시장,전남광주통합특별시 장흥군 장흥읍 토요시장3길 15
상설시장2층 동편,전남광주통합특별시 장흥군 장흥읍 토요시장1길 53
상설시장2층 서편,전남광주통합특별시 장흥군 장흥읍 토요시장1길 53
장흥장평우체국,전남광주통합특별시 장흥군 장평면 장평중앙길 37
장흥유치우체국,전남광주통합특별시 장흥군 유치면 유치로 40
눈길등산로,전남광주통합특별시 장흥군 회진면 진목2길 81
한재공원,전남광주통합특별시 장흥군 회진면 덕산1길 6-200
회령진성공원,전남광주통합특별시 장흥군 회진면 회진로 436
회진시장,전남광주통합특별시 장흥군 회진면 회진선창길 22
봉덕교,전남광주통합특별시 장흥군 유치면 봉덕신덕길 36
보림사주차장,전남광주통합특별시 장흥군 유치면 보림사로 252
유치시장,전남광주통합특별시 장흥군 유치면 원등길 73-3
장리보,전남광주통합특별시 장흥군 장평면 고정길
장평체육공원,전남광주통합특별시 장흥군 장평면 장평중앙길 36-16
장평시장 내,전남광주통합특별시 장흥군 장평면 장택길 13
장평시장 외곽,전남광주통합특별시 장흥군 장평면 평동로 40
용반마을,전남광주통합특별시 장흥군 부산면 용반3길 63-50
용호정,전남광주통합특별시 장흥군 부산면 용반1길 213-31
부춘교,전남광주통합특별시 장흥군 부산면 덕정길
정남진리조트 야외,전남광주통합특별시 장흥군 부산면 심천공원길 25-38
수인산성주차장,전남광주통합특별시 장흥군 유치면 수인산성길 181-2
죽동마을,전남광주통합특별시 장흥군 유치면 대천죽동길 10
봉덕계곡,전남광주통합특별시 장흥군 유치면 봉덕신덕길
장평우산 파크골프장,전남광주통합특별시 장흥군 장평면 우산병동길
장동제암산주차장,전남광주통합특별시 장흥군 장동면 북교반산로 30
용산교,전남광주통합특별시 장흥군 장동면 두용산길
배산정류소,전남광주통합특별시 장흥군 장동면 흥성로 1-73
장재도,전남광주통합특별시 장흥군 안양면 사촌큰길 245
여다지해변,전남광주통합특별시 장흥군 안양면 한승원산책길 75
삼비산등산로,전남광주통합특별시 장흥군 안양면 신촌1길 207-57
용곡마을,전남광주통합특별시 장흥군 안양면 용곡길 85
수문해수욕장,전남광주통합특별시 장흥군 안양면 수문용곡로 166
남상천,전남광주통합특별시 장흥군 용산면 용안로
부용사주차장,전남광주통합특별시 장흥군 용산면 운주길
동백나무숲,전남광주통합특별시 장흥군 용산면 묵촌길
남포소공원,전남광주통합특별시 장흥군 용산면 접정남포로 1006
남포마을,전남광주통합특별시 장흥군 용산면 남포길 33-1
용산시장 내,전남광주통합특별시 장흥군 용산면 용인길 4
용산시장 외곽,전남광주통합특별시 장흥군 용산면 용인길 4-14
내저선착장,전남광주통합특별시 장흥군 대덕읍 내저매싱이1길 210
개매기체험장,전남광주통합특별시 장흥군 대덕읍 오성금길 194-30
상설시장1층 동편,전남광주통합특별시 장흥군 장흥읍 토요시장1길 53
상설시장1층 서편,전남광주통합특별시 장흥군 장흥읍 토요시장1길 53
장천재체육공원,전남광주통합특별시 장흥군 관산읍 천관산길
장천재주차장(북),전남광주통합특별시 장흥군 관산읍 효자송길 169
장천재주차장(남),전남광주통합특별시 장흥군 관산읍 천관산길 97
천관산도립공원관리사무소,전남광주통합특별시 장흥군 관산읍 천관산길 147
공설운동장 서편,전남광주통합특별시 장흥군 장흥읍 읍성로 5-28
공설운동장 동편,전남광주통합특별시 장흥군 장흥읍 읍성로 5-28
공설운동장 본부석,전남광주통합특별시 장흥군 장흥읍 읍성로 5-28
유치자연휴양림 수인관,전남광주통합특별시 장흥군 유치면 휴양림길 154
유치자연휴양림 웃산막,전남광주통합특별시 장흥군 유치면 휴양림길 154
유치자연휴양림 관리사무소,전남광주통합특별시 장흥군 유치면 휴양림길 154
유치공설공원묘지,전남광주통합특별시 장흥군 유치면 부유로 257
장흥공설공원묘지,전남광주통합특별시 장흥군 장흥읍 금산신기길 131
천관산동백숲주차장,전남광주통합특별시 장흥군 관산읍 신평길
바이오산업단지 체육공원,전남광주통합특별시 장흥군 장흥읍 산단1로
만남의 광장,전남광주통합특별시 장흥군 장흥읍 잣두길
장흥지청 화장실,전남광주통합특별시 장흥군 장흥읍 읍성로 121-1
"회진시장 1,2층",전남광주통합특별시 장흥군 회진면 회진중앙길 9-13
장흥경찰서,전남광주통합특별시 장흥군 장흥읍 읍성로 123
보건소1층,전남광주통합특별시 장흥군 장흥읍 흥성로 49
보건소2층,전남광주통합특별시 장흥군 장흥읍 흥성로 49
보건소3층,전남광주통합특별시 장흥군 장흥읍 흥성로 49
보건소4층,전남광주통합특별시 장흥군 장흥읍 흥성로 49
디에스산업㈜,전남광주통합특별시 장흥군 장평면 농공단지길 46-29
물교육관,전남광주통합특별시 장흥군 유치면 지천길 52-235
물문화관1층,전남광주통합특별시 장흥군 유치면 지천길 52-227
물문화관2층,전남광주통합특별시 장흥군 유치면 지천길 52-227
장평면사무소1층,전남광주통합특별시 장흥군 장평면 장평중앙길 42
장평면사무소2층,전남광주통합특별시 장흥군 장평면 장평중앙길 42
장평면민회관1층,전남광주통합특별시 장흥군 장평면 장평중앙길 42
장평면민회관2층,전남광주통합특별시 장흥군 장평면 장평중앙길 42
장평다목적회관,전남광주통합특별시 장흥군 장평면 장평중앙길 42
전라남도장흥교육지원청,전남광주통합특별시 장흥군 장흥읍 동교로 64-17
장흥부산우체국,전남광주통합특별시 장흥군 부산면 부유로 32
장흥회진우체국,전남광주통합특별시 장흥군 회진면 가학회진로 1605
특수지원센터,전남광주통합특별시 장흥군 장흥읍 동교로 58-13
영재교육원,전남광주통합특별시 장흥군 장흥읍 동교로 58-13
장흥산업㈜,전남광주통합특별시 장흥군 장흥읍 장강로 118
정남진골프리조트,전남광주통합특별시 장흥군 장평면 제산기동로 326
장흥정남진휴게소,전남광주통합특별시 장흥군 부산면 남해고속도로 41
한양비임상시험센터,전남광주통합특별시 장흥군 장흥읍 원도관덕길 27
장흥향원중학교 다목적강당,전남광주통합특별시 장흥군 장흥읍 못골길 1
정남진 그린파크 근린공원,전남광주통합특별시 장흥군 부산면 덕정길 206-1
장흥우체국,전남광주통합특별시 장흥군 장흥읍 장흥로 15
장흥관산우체국,전남광주통합특별시 장흥군 관산읍 관산로 86
장흥대덕우체국,전남광주통합특별시 장흥군 대덕읍 대대로 939
장흥용산우체국,전남광주통합특별시 장흥군 용산면 용안로 3
장흥안양우체국,전남광주통합특별시 장흥군 안양면 남부관광로 741
장흥장동우체국,전남광주통합특별시 장흥군 장동면 흥성로 1551
석문공원 주차장,전남광주통합특별시 강진군 도암면 성자길 35-49
고성사,전남광주통합특별시 강진군 강진읍 고성길 233
도암 만덕간척지,전남광주통합특별시 강진군 도암면 해안관광로 1427
홍교 주차장,전남광주통합특별시 강진군 병영면 홍교로 549
충혼탑,전남광주통합특별시 강진군 강진읍 보은로3길 95
소석문 등산로,전남광주통합특별시 강진군 도암면 봉황로 123
(구)군내버스 정류장,전남광주통합특별시 강진군 강진읍 동성로 11
도암 망호주차장,"전남광주통합특별시 강진군 도암면 월곶로 471, 가우도 망호출렁다리 주차장"
무위사 주차장,"전남광주통합특별시 강진군 성전면 무위사로 308, 무위사"
생태공원 정문 주차장,전남광주통합특별시 강진군 강진읍 남포리 537
도암 망호판매점,"전남광주통합특별시 강진군 도암면 월곶로 471, 가우도 망호출렁다리 주차장"
마량 여객터미널,"전남광주통합특별시 강진군 마량면 미항로 142, 강진군어업지도선관리사무소"
가우도 낚시공원,전남광주통합특별시 강진군 도암면 가우도길 2-13
금곡사(외),"전남광주통합특별시 강진군 군동면 까치내로 263, 금곡사 입구"
마량 미항,전남광주통합특별시 강진군 마량면 마량리 983-30
백련사,전남광주통합특별시 강진군 도암면 백련사길 121
생태공원 놀이터,"전남광주통합특별시 강진군 강진읍 생태공원길 47, 남포축구장"
생태공원 태양광주차장,전남광주통합특별시 강진군 강진읍 생태공원길 41-4
석문공원,"전남광주통합특별시 강진군 도암면 백도로 2084, 석문공원물놀이장"
강진읍시장(채소전),전남광주통합특별시 강진군 강진읍 시장길 17-14
백운동정원,전남광주통합특별시 강진군 성전면 월하안운길 100-38
사초 해변공원,전남광주통합특별시 강진군 신전면 운주로 576
정수사,전남광주통합특별시 강진군 대구면 정수사길 451
백사소공원,전남광주통합특별시 강진군 대구면 청자해안길 145-7
호수공원 놀이터,"전남광주통합특별시 강진군 강진읍 지전로안길 281, 강진생태호수공원"
호수공원 입구,"전남광주통합특별시 강진군 강진읍 지전로안길 281, 강진생태호수공원"
가우도 펜션마을,전남광주통합특별시 강진군 도암면 가우도길 25-11
가우도 정각쉼터,전남광주통합특별시 강진군 도암면 가우도길 2-83
저두 버스주차장,"전남광주통합특별시 강진군 대구면 중저길 31-27, 가우도 저두출렁다리 주차장"
저두 출렁다리입구,전남광주통합특별시 강진군 대구면 중저길 15-30
마량 5일시장,전남광주통합특별시 강진군 마량면 마량6길 11
생태공원 정문,"전남광주통합특별시 강진군 강진읍 생태공원길 47, 남포축구장"
V랜드 물놀이장,"전남광주통합특별시 강진군 강진읍 고성길 174, 보은산V랜드물놀이장"
남미륵사 주차장,"전남광주통합특별시 강진군 군동면 풍동1길 24-13, 남미륵사"
병영 5일시장,전남광주통합특별시 강진군 병영면 남삼인길 6
농어바위,전남광주통합특별시 강진군 도암면 해안관광로 1319
석교둔치공원,전남광주통합특별시 강진군 군동면 석교로 205-9
강진읍시장(어물전),"전남광주통합특별시 강진군 강진읍 시장길 15, 강신상설시장(수산동)"
강진읍시장(신발전),전남광주통합특별시 강진군 강진읍 시장길 19
석문산(용문사) 등산로,전남광주통합특별시 강진군 도암면 다산로 1080-21
한국병원,"전남광주통합특별시 해남군 해남읍 중앙2로 123 (고도리, 해남한국병원)"
하나로마트 해남농협,"전남광주통합특별시 해남군 해남읍 중앙1로 181 (성내리, 해남농협)"
현대장례식장,"전남광주통합특별시 해남군 해남읍 남부순환로 345 (용정리, 현대장례식장)"
국제장례식장,"전남광주통합특별시 해남군 해남읍 남부순환로 321-37 (용정리, 국제장례식장)"
하나로마트 해남진도축협,"전남광주통합특별시 해남군 해남읍 남부순환로 17 (해리, 축협하나로마트)"
천지주유소,전남광주통합특별시 해남군 해남읍 해남화산로 139
좋은주유소,전남광주통합특별시 해남군 해남읍 명량로 2904
대흥주유소,전남광주통합특별시 해남군 해남읍 남부순환로 38
해남수협주유소,전남광주통합특별시 해남군 해남읍 땅끝대로 141
호남주유소,전남광주통합특별시 해남군 해남읍 남부순환로 102
학동주유소,전남광주통합특별시 해남군 해남읍 명량로 2994
해남농협주유소,전남광주통합특별시 해남군 해남읍 남부순환로 64
해남읍사무소,전남광주통합특별시 해남군 해남읍 남부순환로 114
축산사업소,전남광주통합특별시 해남군 해남읍 용머리길 14-37
상하수도사업소,전남광주통합특별시 해남군 해남읍 남각길 53
옥천농협삼산지소,"전남광주통합특별시 해남군 삼산면 고산로 512 (평활리, 옥천농협삼산지소)"
제일주유소,전남광주통합특별시 해남군 삼산면 해남화산로 283
동그라미주유소,전남광주통합특별시 해남군 삼산면 고산로 696
삼산 소공원,전남광주통합특별시 해남군 삼산면 평활리 884-4
삼산면사무소,전남광주통합특별시 해남군 삼산면 신기큰길 7
한국전력공사,"전남광주통합특별시 해남군 해남읍 북부순환로 5 (해리, 한국전력공사)"
종합병원장례식장,"전남광주통합특별시 해남군 해남읍 해남로 45 (해리, 해남종합병원)"
해남종합병원,"전남광주통합특별시 해남군 해남읍 해남로 45 (해리, 해남종합병원)"
축구장,전남광주통합특별시 해남군 해남읍 해남로 72 (우슬체육공원)
우슬농구장,전남광주통합특별시 해남군 해남읍 해남로 72 (우슬체육공원)
우슬체육관옆,전남광주통합특별시 해남군 해남읍 해남로 72 (우슬체육공원)
우슬경기장 3문,전남광주통합특별시 해남군 해남읍 해남로 72 (우슬체육공원)
공룡박물관매점화장실,전남광주통합특별시 해남군 황산면 공룡박물관길 234
공룡박물관야외화장실,전남광주통합특별시 해남군 황산면 공룡박물관길 234
농업기술센터,전남광주통합특별시 해남군 해남읍 땅끝대로 77-22
한자보건진료소,전남광주통합특별시 해남군 황산면 한자길 6
산호보건지료소,전남광주통합특별시 해남군 화원면 신용리길 220-19
와룡보건진료소,전남광주통합특별시 해남군 북평면 와룡길 56
신방보건진료소,전남광주통합특별시 해남군 현산면 백방산길 142
덕정보건진료소,전남광주통합특별시 해남군 계곡면 덕정길 5
고당보건진료소,전남광주통합특별시 해남군 문내면 문내화원로 551
평안보건진료소,전남광주통합특별시 해남군 북평면 땅끝해안로 3456
연구보건진료소,전남광주통합특별시 해남군 마산면 연구길 160
어불보건진료소,전남광주통합특별시 해남군 송지면 어불길 40-15
송호보건진료소,전남광주통합특별시 해남군 송지면 땅끝해안로 1796-14
송지농협주유소,전남광주통합특별시 해남군 송지면 산정길 35
삼거리주유소,전남광주통합특별시 해남군 송지면 땅끝해안로 790
땅끝주유소,전남광주통합특별시 해남군 송지면 땅끝해안로 1780
송지면사무소,전남광주통합특별시 해남군 송지면 산정1길 96
가나안요양병원,"전남광주통합특별시 해남군 마산면 마산로 433-15 (화내리, 가나안요양병원)"
구교주유소,전남광주통합특별시 해남군 마산면 산이로 334
천일주유소,전남광주통합특별시 해남군 마산면 명량로 2725
해남농협마산주유소,전남광주통합특별시 해남군 마산면 은적사길 8
마산면사무소,전남광주통합특별시 해남군 마산면 마산로 445
엄마손집밥,"전남광주통합특별시 해남군 계곡면 공룡대로 4340 (성진리, 계곡주유소)"
포시즌주유소,전남광주통합특별시 해남군 계곡면 공룡대로 4340
평화주유소,전남광주통합특별시 해남군 계곡면 공룡대로 4161
계곡면사무소,전남광주통합특별시 해남군 계곡면 해남로 1442
광주국토관리사무소,전남광주통합특별시 해남군 옥천면 지석로 19
전라남도 농업기술원 과수연구소,전남광주통합특별시 해남군 옥천면 용정리길 20
"해남우리병원(지하,1층2층,3층)",전남광주통합특별시 해남군 옥천면 해남로 597
해남노인요양센터,전남광주통합특별시 해남군 옥천면 해남로 583-69
해남혜민병원,전남광주통합특별시 해남군 옥천면 해남로 583-52
옥천농협,전남광주통합특별시 해남군 옥천면 해강로 6
옥천농협주유소,전남광주통합특별시 해남군 옥천면 해남로 378
만남주유소,전남광주통합특별시 해남군 옥천면 공룡대로 3888
현산농협,전남광주통합특별시 해남군 현산면 현산북평로 110
현산농협주유소,전남광주통합특별시 해남군 현산면 땅끝대로 1711
현산면사무소,전남광주통합특별시 해남군 현산면 현산북평로 86
송림지구화장실(폐쇄),전남광주통합특별시 해남군 화산면 송계길 81 (평호리)
화산우체국,"전남광주통합특별시 해남군 화산면 해남화산로 1082 (방축리, 화산우체국)"
화산삼성의원,"전남광주통합특별시 해남군 화산면 해남화산로 1071 (방축리, 화산삼성의원)"
화산주유소,전남광주통합특별시 해남군 화산면 해남화산로 1045
화산면사무소,전남광주통합특별시 해남군 화산면 해남화산로 1061
풋살장,전남광주통합특별시 해남군 해남읍 해남로 72 (우슬체육공원)
산이면사무소,전남광주통합특별시 해남군 산이면 비석길 101
해남의집,전남광주통합특별시 해남군 황산면 연당길 35-48
복음의원,"전남광주통합특별시 해남군 황산면 시등로 96 (우항리, 복음의원)"
황산수협지소,"전남광주통합특별시 해남군 황산면 시등로 87 (우항리, 수협황산지점)"
약손한의원,"전남광주통합특별시 해남군 황산면 시등로 85-1 (우항리, 약손 한의원)"
황산농협,"전남광주통합특별시 해남군 황산면 시등로 79 (우항리, 황산농협)"
소망요양원,전남광주통합특별시 해남군 황산면 시등로 64 (우항리)
효자의원,"전남광주통합특별시 해남군 황산면 시등로 119 (남리리, 현대약국)"
황산의원,"전남광주통합특별시 해남군 황산면 시등로 117-6 (남리리, 황산의원)"
소망의원,"전남광주통합특별시 해남군 황산면 명량로 1455 (남리리, 황산소망의원)"
황산농협주유소,전남광주통합특별시 해남군 황산면 명량로 1604
명성주유소,전남광주통합특별시 해남군 황산면 명량로 1482
부곡주유소,전남광주통합특별시 해남군 황산면 명량로 1142
우슬휴게주유소,전남광주통합특별시 해남군 황산면 공룡대로 1296
황산면사무소,전남광주통합특별시 해남군 황산면 시등로 70
마산우체국,"전남광주통합특별시 해남군 마산면 마산로 448 (화내리, 해남마산우체국)"
해남세무서 공중화장실,"전남광주통합특별시 해남군 해남읍 중앙1로 18, 해남세무서"
제일의원,"전남광주통합특별시 해남군 화원면 청용1길 4 (청용리, 제일의원)"
화원농협,"전남광주통합특별시 해남군 화원면 신평리길 2 (금평리, 화원농협)"
경희의원,"전남광주통합특별시 해남군 화원면 금평길 8 (금평리, SM슈퍼)"
화원농협주유소,전남광주통합특별시 해남군 화원면 청용리 604
화원주유소,전남광주통합특별시 해남군 화원면 관광레저로1182
명량대첩주유소,전남광주통합특별시 해남군 화원면 관광레저로 810
영호주유소(등대주유소),전남광주통합특별시 해남군 화원면 영호길 92
화원면사무소,전남광주통합특별시 해남군 화원면 금평길 32
문내농협주유소 공중화장실,전남광주통합특별시 해남군 문내면 문내화원로 11
문내주유소,전남광주통합특별시 해남군 문내면 명량로 546
우수영금성주유소 공중화장실,전남광주통합특별시 해남군 문내면 동영길 4
문내면사무소,전남광주통합특별시 해남군 문내면 동영길 10
영신주유소,전남광주통합특별시 해남군 옥천면 공룡대로 3708
옥천면사무소,전남광주통합특별시 해남군 옥천면 해강로 5
옥천농협북일지점,"전남광주통합특별시 해남군 북일면 만월길 11 (신월리, 북일농협)"
북일주유소,전남광주통합특별시 해남군 북일면 백도로 779
옥천농협 북일주유소,전남광주통합특별시 해남군 북일면 만월길 11
북일면사무소,전남광주통합특별시 해남군 북일면 장고봉로 5
북평우체국,"전남광주통합특별시 해남군 북평면 달량진길 12 (남창리, 북평우체국)"
북평농협,전남광주통합특별시 해남군 북평면 볼무당길 17
북평수산업협동조합,"전남광주통합특별시 해남군 북평면 달량진길 34 (남창리, 해남군수협북평지점)"
남창주유소,전남광주통합특별시 해남군 북평면 현산북평로 1139
북평농협주유소,전남광주통합특별시 해남군 북평면 백도로 332
관광주유소,전남광주통합특별시 해남군 북평면 백도로 151
북평면사무소,전남광주통합특별시 해남군 북평면 달량진길 8
금송주유소,전남광주통합특별시 해남군 산이면 산이로 653
산이주유소,전남광주통합특별시 해남군 산이면 산이로 2076
산이농협주유소 공중화장실,전남광주통합특별시 해남군 산이면 산이로 1326
남양주유소,전남광주통합특별시 해남군 산이면 관광레저로 1785
우수영5일시장,전남광주통합특별시 해남군 문내면 우수영로 10-33
황산5일시장,전남광주통합특별시 해남군 황산면 시등로 113-22
황산매일시장,전남광주통합특별시 해남군 황산면 시등로 111-2
북일좌일5일장,전남광주통합특별시 해남군 북일면 만월길 26-1
북평남창시장,전남광주통합특별시 해남군 북평면 달량진길 52-10
5일시장(어물전),전남광주통합특별시 해남군 해남읍 중앙2로 100-2
5일시장(주차장),전남광주통합특별시 해남군 해남읍 중앙2로 100-2
법정스님마을도서관,전남광주통합특별시 해남군 문내면 우수영안길  81
대흥사,전남광주통합특별시 해남군 삼산면 대흥사길 326-18 (구림리)
두륜산도립공원 관리사무소,"전남광주통합특별시 해남군 삼산면 대흥사길 154 (구림리, 해남군관광지관리사무소)"
양한묵 생가 공용화장실,전남광주통합특별시 해남군 옥천면 영신길 4-23
사구미해안도로,전남광주통합특별시 해남군 송지면 통호리 4-3
미황사 화장실,전남광주통합특별시 해남군 송지면 미황사길 164
5일시장(채소전),전남광주통합특별시 해남군 해남읍 중앙2로 100-2
문화예술회관,전남광주통합특별시 해남군 해남읍 군청길 4
해남군청,전남광주통합특별시 해남군 해남읍 군청길 4
평생학습관,전남광주통합특별시 해남군 해남읍 교육청길 54
해남터미널,전남광주통합특별시 해남군 해남읍 해남로 8
해남노인종합복지관,전남광주통합특별시 해남군 해남읍 서림길 16
청소년문화의집,전남광주통합특별시 해남군 황산면 공룡박물관길 46
지역자활센터,전남광주통합특별시 해남군 해남읍 해남로 31
장애인종합복지관,전남광주통합특별시 해남군 해남읍 신안길 2-20
해남종합사회복지관,전남광주통합특별시 해남군 해남읍 중앙1로 14-14
땅끝황토나라테마촌사무실건너편화장실,전남광주통합특별시 해남군 송지면 땅끝해안로 1730
땅끝황토나라테마촌숙박동화장실,전남광주통합특별시 해남군 송지면 땅끝해안로 1730
땅끝황토나라테마촌진미장터화장실,전남광주통합특별시 해남군 송지면 땅끝해안로 1730
땅끝황토나라테마촌운동장화장실,전남광주통합특별시 해남군 송지면 땅끝해안로 1730
송호해수욕장1화장실,전남광주통합특별시 해남군 송지면 송호리 898-7
송호해수욕장2화장실,전남광주통합특별시 해남군 송지면 땅끝해안로 1827
목포구등대,전남광주통합특별시 해남군 화원면 매봉길 582
대섬어촌체험복합장 화장실,전남광주통합특별시 해남군 송지면 땅끝해안로 1354-4
송평해수욕장2,전남광주통합특별시 해남군 화산면 평호길 450 (주차장 화장실)
송평해수욕장1,전남광주통합특별시 해남군 화산면 평호길 450 (송평해수욕장관리실)
사구해수욕장2,전남광주통합특별시 해남군 송지면 통호리 151-32
사구해수욕장1,전남광주통합특별시 해남군 송지면 통호리 151-3
우수영관광단지3 공중화장실,"전남광주통합특별시 해남군 문내면 관광레저로 12-36 (학동리, 우수영유스호스텔)"
우수영관광단지2 공중화장실,"전남광주통합특별시 해남군 문내면 관광레저로 12 (학동리, 전라우수영명량대첩공원)"
우수영관광단지1 공중화장실,"전남광주통합특별시 해남군 문내면 관광레저로 12 (학동리, 전라우수영명량대첩공원)"
명량대첩해전사 공중화장실3층,"전남광주통합특별시 해남군 문내면 관광레저로 12 (학동리, 전라우수영명량대첩공원)"
명량대첩해전사 공중화장실1층,"전남광주통합특별시 해남군 문내면 관광레저로 12 (학동리, 전라우수영명량대첩공원)"
월래,전남광주통합특별시 해남군 화원면 매봉길 471-8
충무사,전남광주통합특별시 해남군 문내면 우수영안길 32-4
오소재약수터,전남광주통합특별시 해남군 북일면 백도로 843
마봉약수터화장실,전남광주통합특별시 해남군 송지면 마봉송종길 355-53
해남평생교육원,전남광주통합특별시 해남군 옥천면 영춘2길 20
송호해수욕장3화장실,전남광주통합특별시 해남군 송지면 송호리 1034-12
송호해수욕장4화장실,전남광주통합특별시 해남군 송지면 송호리 1051
땅끝오토캠핑장야영장화장실,전남광주통합특별시 해남군 송지면 갈산길 25-15
땅끝오토캠핑장카라반화장실,전남광주통합특별시 해남군 송지면 갈산길 25-15
옴시롱감시롱,전남광주통합특별시 해남군 송지면 송호리 산93-1
땅끝조각공원화장실,전남광주통합특별시 해남군 송지면 땅끝해안로 2785
땅끝희망공원화장실,전남광주통합특별시 해남군 송지면 송호리 1306
땅끝모노레일주차장화장실,전남광주통합특별시 해남군 송지면 송호리 1169-2
땅끝전망대주차장화장실,전남광주통합특별시 해남군 송지면 송호리 1158-6
땅끝전망대외부화장실,전남광주통합특별시 해남군 송지면 송호리 산43-15
땅끝전망대내부화장실,전남광주통합특별시 해남군 송지면 땅끝마을길 100
땅끝관리사무소옆화장실,전남광주통합특별시 해남군 송지면 땅끝마을길 42
신정보건진료소,전남광주통합특별시 해남군 송지면 독고개길 3
구산보건진료소,전남광주통합특별시 해남군 현산면 입제길 41
대진보건진료소,전남광주통합특별시 해남군 산이면 산이로 1600
금호보건진료소,전남광주통합특별시 해남군 산이면 금호길 59
내사보건진료소,전남광주통합특별시 해남군 해남읍 내사길 502
삼호보건진료소,전남광주통합특별시 해남군 화산면 사포길 26
동리보건진료소,전남광주통합특별시 해남군 옥천면 동리길 10
연곡보건진료소,전남광주통합특별시 해남군 화산면 연곡길 58
화원보건지소,전남광주통합특별시 해남군 화원면 금평길 32-1
송지보건지소,전남광주통합특별시 해남군 송지면 산정1길 11
산이보건지소,전남광주통합특별시 해남군 산이면 비석길 66
옥천보건지소,전남광주통합특별시 해남군 옥천면 해강로 24
화산보건지소,전남광주통합특별시 해남군 화산면 송평로 23
해남군치매안심센터,전남광주통합특별시 해남군 해남읍 해남로 46
상시 선별진료소,전남광주통합특별시 해남군 해남읍 해남로 46
건강누리센터,전남광주통합특별시 해남군 해남읍 해남로 46
해남군보건소,전남광주통합특별시 해남군 해남읍 해남로 46
가학산휴양림(본관),전남광주통합특별시 해남군 계곡면 산골길 306
가학산휴양림 2,전남광주통합특별시 해남군 계곡면 산골길 306
가학산휴양림 1,전남광주통합특별시 해남군 계곡면 산골길 306
해남공원,전남광주통합특별시 해남군 해남읍 구교리 308
서림공원 1,전남광주통합특별시 해남군 해남읍 남외리 17 (공업고등학교 앞)
서림공원 2,전남광주통합특별시 해남군 해남읍 남외리 17 (단군전 앞)
봉동계곡화장실(상),전남광주통합특별시 해남군 현산면 황산리 산1-3
김가네쉼터,전남광주통합특별시 해남군 북평면 백도로 15
고천암자연생태공원(실내),전남광주통합특별시 해남군 황산면 고천암로 752-14
고천암자연생태공원(야외),전남광주통합특별시 해남군 황산면 고천암로 752-14
화원 청용리,"전남광주통합특별시해남군 화원면 청용리 479, 478-1"
현산보건지소,전남광주통합특별시 해남군 현산면 현산북평로 113-9
삼산보건지소,전남광주통합특별시 해남군 삼산면 오소재로 965
북평보건지소,전남광주통합특별시 해남군 북평면 달량진길 10
북일보건지소,전남광주통합특별시 해남군 북일면 장고봉로 11
황산보건지소,전남광주통합특별시 해남군 황산면 시등로 70-2
마산보건지소,전남광주통합특별시 해남군 마산면 마산로 445-1
계곡보건지소,전남광주통합특별시 해남군 계곡면 해남로 1455
화원 별암리,전남광주통합특별시 해남군 화원면 영호길 42-18
북평터미널(남창정류소),전남광주통합특별시 해남군 북평면 달량진길 52-2
미황사화장실,전남광주통합특별시 해남군 송지면 미황사길 164
해남광장,전남광주통합특별시 해남군 해남읍 해남로 160-60
봉동계곡화장실(하),전남광주통합특별시 해남군 현산면 봉동길 232-133
평남사거리,전남광주통합특별시 해남군 해남읍 고도리 457-18
고도리정류소,전남광주통합특별시 해남군 해남읍 고도리 389-2
금강골,전남광주통합특별시 해남군 해남읍 해리2길 20-11
현산월송5일시장,전남광주통합특별시 해남군 현산면 월송리 279-1
화원5일시장,전남광주통합특별시 해남군 화원면 청용길 15-1
우수영5일시장(청년몰),전남광주통합특별시 해남군 문내면 동영길 29
영암교육지원청,전남광주통합특별시 영암군 영암읍 월출로 84
영암공공도서관,전남광주통합특별시 영암군 영암읍 서남역로 27-11
신북터미널,전남광주통합특별시 영암군 신북면 예향로 2542
시종터미널,전남광주통합특별시 영암군 시종면 마한로 1281-1
삼호터미널,전남광주통합특별시 영암군 삼호읍 용앙리 1657-6
학산터미널,전남광주통합특별시 영암군 학산면 영산로 6
영암터미널,전남광주통합특별시 영암군 영암읍 동문로 8
독천주유소,전남광주통합특별시 영암군 학산면 독천로 272
학산주유소,전남광주통합특별시 영암군 학산면 영암로 135
도포성산주유소,전남광주통합특별시 영암군 도포면 예향로 2141
유토피아주유소,전남광주통합특별시 영암군 삼호읍 녹색로 993
대불항주유소,전남광주통합특별시 영암군 삼호읍 대불로 737
신외항주유소,전남광주통합특별시 영암군 삼호읍 대불로 749
대불산단주유소,전남광주통합특별시 영암군 삼호읍 대불로 795
동방주유소,전남광주통합특별시 영암군 삼호읍 대불로 544
신항만주유소,전남광주통합특별시 영암군 삼호읍 대불로 308
에스오일주유소,전남광주통합특별시 영암군 삼호읍 대불로 410
한솔오일뱅크주유소,전남광주통합특별시 영암군 삼호읍 대불로 376
해양주유소,전남광주통합특별시 영암군 삼호읍 녹색로 1391-6
현대주유소,전남광주통합특별시 영암군 삼호읍 대불로 148
그랑프리주유소,전남광주통합특별시 영암군 삼호읍 용당로 94
용앙주유소,전남광주통합특별시 영암군 삼호읍 삼호중앙로 241
우리주유소,전남광주통합특별시 영암군 삼호읍 녹색로 822
삼호주유소,전남광주통합특별시 영암군 삼호읍 녹색로 1530
ok주유소,전남광주통합특별시 영암군 삼호읍 녹색로 1627
일등주유소,전남광주통합특별시 영암군 삼호읍 대불로 184
해창진료소,전남광주통합특별시 영암군 군서면 온천로 172
신학진료소,전남광주통합특별시 영암군 시종면 신학1로 9
농업기술센터 나동,전남광주통합특별시 영암군 덕진면 금호길 11
농업기술센터 가동,전남광주통합특별시 영암군 덕진면 금호길 11
미암복지회관,"전남광주통합특별시 영암군 미암면 곤미현로 937, 미암면복지회관"
덕진우체국,"전남광주통합특별시 영암군 덕진면 새터신정길 72, 덕진우체국"
전라남도 농업박물관(테마공원 이동식 화장실),전남광주통합특별시 영암군 삼호읍 녹색로 653-15
도포복지회관,전남광주통합특별시 영암군 도포면 호산로 26
도포치안센터,전남광주통합특별시 영암군 도포면 호산로 27
도포우체국,전남광주통합특별시 영암군 도포면 호산로 34
신북복지회관,전남광주통합특별시 영암군 신북면 간은정로 7
신북우체국,전남광주통합특별시 영암군 신북면 황금동로 64-3
금정새마을금고,전남광주통합특별시 영암군 금정면 용두로 9
금정우체국,전남광주통합특별시 영암군 금정면 용두로 5
금정농협,전남광주통합특별시 영암군 금정면 용두로 24
전라남도 소방항공대,전남광주통합특별시 영암군 덕진면 소방항공대길 99
산림청항공대,전남광주통합특별시 영암군 덕진면 소방항공대길 95
덕진면 복지회관,전남광주통합특별시 영암군 덕진면 내촌길 9-2
영암서부새마을금고,전남광주통합특별시 영암군 삼호읍 신항로 110
영암우체국,전남광주통합특별시 영암군 영암읍 남문로 13
전라남도 농업박물관(나불랜드),전남광주통합특별시 영암군 삼호읍 녹색로 653-15
영암경찰서,전남광주통합특별시 영암군 영암읍 남문로 17
군서복지회관,전남광주통합특별시 영암군 군서면 왕인로 762
도포농협,전남광주통합특별시 영암군 도포면 호산로 46
도포의용소방대,전남광주통합특별시 영암군 도포면 구정길 89
미암보건지소,전남광주통합특별시 영암군 미암면 미중로 39
학산보건지소,전남광주통합특별시 영암군 학산면 독천로 193-1
월출산국립공원 도갑사 광장,전남광주통합특별시 영암군 군서면 도감사로 291
월출산국립공원 도갑사 주차장,전남광주통합특별시 영암군 군서면 도감사로 261
월출산국립공원 천황사야영장,전남광주통합특별시 영암군 영암읍 천황사로 280-67
월출산국립공원 천황사주차장,전남광주통합특별시 영암군 영암읍 천황사로 280-16
미암면사무소,전남광주통합특별시 영암군 미암면 미중로 39
학산면사무소,전남광주통합특별시 영암군 학산면 독천로 193-1
서호면사무소,전남광주통합특별시 영암군 서호면 서호로 303
군서면사무소,전남광주통합특별시 영암군 군서면 왕인로 762
월악진료소,전남광주통합특별시 영암군 시종면 금지로 65
갈곡진료소,전남광주통합특별시 영암군 신북면 치릿길 1-8
남송진료소,전남광주통합특별시 영암군 금정면 남송길 27
용산진료소,전남광주통합특별시 영암군 덕진면 용산용동길 91-24
장암진료소,전남광주통합특별시 영암군 영암읍 마당바우로 105
삼호보건지소,전남광주통합특별시 영암군 삼호읍 세가래1길 10-6
도래샘주유소,전남광주통합특별시 영암군 시종면 고분로 180
오리지날주유소,전남광주통합특별시 영암군 삼호읍 대불로 417
대양에너지,전남광주통합특별시 영암군 삼호읍 대불로 184
대박주유소,전남광주통합특별시 영암군 삼호읍 녹색로 1627
대불동화주유소,전남광주통합특별시 영암군 삼호읍 녹색로 822
삼호공단주유소,전남광주통합특별시 영암군 삼호읍 용당로 94
프리마주유소,전남광주통합특별시 영암군 삼호읍 대불로 148
오일플러스주유소,전남광주통합특별시 영암군 삼호읍 대불로 376
서영암주유소,전남광주통합특별시 영암군 삼호읍 대불로 410
F1주유소,전남광주통합특별시 영암군 삼호읍 관광레저로 2708
대동주유소,전남광주통합특별시 영암군 영암읍 영암로 1526
월출산주유소,전남광주통합특별시 영암군 영암읍 예향로 1320
영암충전소,전남광주통합특별시 영암군 영암읍 영암로 1413
제일충전소,전남광주통합특별시 영암군 영암읍 예향로 1687
영암농협주유소,전남광주통합특별시 영암군 영암읍 낭주로 136
영암농산물 품질관리소,전남광주통합특별시 영암군 영암읍 낭주로 195
전라남도 농업박물관(구.운동장),전남광주통합특별시 영암군 삼호읍 녹색로 653-15
전라남도 농업박물관(테마공원),전남광주통합특별시 영암군 삼호읍 녹색로 653-15
전라남도 농업박물관(운동장),전남광주통합특별시 영암군 삼호읍 녹색로 653-15
전라남도 농업박물관(주차장),전남광주통합특별시 영암군 삼호읍 녹색로 653-15
전라남도 농업박물관(외도),전남광주통합특별시 영암군 삼호읍 녹색로 653-15
전라남도 농업박물관(야영장),전남광주통합특별시 영암군 삼호읍 녹색로 653-15
전라남도 농업박물관(다도해),전남광주통합특별시 영암군 삼호읍 녹색로 653-15
삼호우체국,전남광주통합특별시 영암군 삼호읍 중앙촌길 19
삼호농협,전남광주통합특별시 영암군 삼호읍 중앙촌길 175
삼호읍사무소,전남광주통합특별시 영암군 삼호읍 중앙촌길 30-1
삼호농협주유소,전남광주통합특별시 영암군 삼호읍 녹색로 1210
수협민물장어직판장,전남광주통합특별시 영암군 신북면 예향로 2368
영암종합운동장,"전남광주통합특별시 영암군 영암읍 여운재로 21, 공설운동장"
영암군민회관,"전남광주통합특별시 영암군 영암읍 영암로 1527, 영암군실내체육관"
군서농협주유소,전남광주통합특별시 영암군 군서면 왕인로 525
낭주농협도포주유소,전남광주통합특별시 영암군 도포면 마한로 687
기찬랜드,전남광주통합특별시 영암군 영암읍 기찬랜드로 19-10
영암군립도서관,"전남광주통합특별시 영암군 영암읍 교동로 89-5, 정보문화센터 영암도서관"
삼호도서관,"전남광주통합특별시 영암군 삼호읍 삼호중앙로 140, 정보문화센터 삼호도서관"
가야금산조기념관,전남광주통합특별시 영암군 영암읍 기찬랜드로 19-10
조훈현바둑기념관,"전남광주통합특별시 영암군 영암읍 기찬랜드로 42, 氣건강센터"
서영암농협,전남광주통합특별시 영암군 미암면 미중로 15-7
신북휴게소,전남광주통합특별시 영암군 신북면 예향로 2605
목재문화체험장,전남광주통합특별시 영암군 군서면 상대포로 37
영암공원,전남광주통합특별시 영암군 영암읍 군청로 2-24
농업기술센터 외부화장실,전남광주통합특별시 영암군 덕진면 금호길 11
영산주유소,전남광주통합특별시 영암군 삼호읍 대불로 417
대영주유소,전남광주통합특별시 영암군 삼호읍 녹색로 1776
영암군 노인복지관,"전남광주통합특별시 영암군 영암읍 오리정길 38, 영암군 노인복지관"
여운재,전남광주통합특별시 영암군 금정면 여운재로 582
삼화휴게소,전남광주통합특별시 영암군 덕진면 예향로 1796
청풍원휴게소,전남광주통합특별시 영암군 영암읍 예향로 1192
군서농협,전남광주통합특별시 영암군 군서면 도갑사로 7
도포면사무소,전남광주통합특별시 영암군 도포면 호산로 43
시종면사무소,전남광주통합특별시 영암군 시종면 내동중앙로 41
신북면 행정복지센터,전남광주통합특별시 영암군 신북면 간은정로 29
금정면 행정복지센터,전남광주통합특별시 영암군 금정면 용두로 14
덕진면 행정복지센터,전남광주통합특별시 영암군 덕진면 예향로 1731
영암읍 행정복지센터,전남광주통합특별시 영암군 영암읍 낭주로 133
영암군종합사회복지관,"전남광주통합특별시 영암군 영암읍 오리정길 37, 영암군종합사회복지관"
대불하수처리장,전남광주통합특별시 영암군 삼호읍 대아로 37
월암사 주차장,전남광주통합특별시 영암군 군서면 월암길 143
마한문화공원,전남광주통합특별시 영암군 시종면 남해당로 65
서호정,전남광주통합특별시 영암군 군서면 서호정길 5
상대포,전남광주통합특별시 영암군 군서면 서호정길 5
영암군 도기문화센터,전남광주통합특별시 영암군 군서면 서호정길 5
왕인박사유적지 문산재,전남광주통합특별시 영암군 군서면 왕인로 440
왕인박사유적지 영월관,전남광주통합특별시 영암군 군서면 왕인로 440
왕인박사유적지 봉선대,전남광주통합특별시 영암군 군서면 왕인로 440
왕인박사유적지 월악루,전남광주통합특별시 영암군 군서면 왕인로 440
왕인박사유적지 관리사무소,전남광주통합특별시 영암군 군서면 왕인로 440
왕인박사유적지 매표소,전남광주통합특별시 영암군 군서면 왕인로 440
왕인박사유적지 주차장,전남광주통합특별시 영암군 군서면 왕인로 440
왕인박사유적지 성기동관광지,전남광주통합특별시 영암군 군서면 왕인로 440
열무정,전남광주통합특별시 영암군 영암읍 열무정로 27-1
기체육공원,전남광주통합특별시 영암군 영암읍 영암로 1530
신북도로공원,전남광주통합특별시 영암군 신북면 예향로 2160
영암군청,전남광주통합특별시 영암군 영암읍 군청로 1
학산하나로마트,전남광주통합특별시 영암군 학산면 독천로 178-1
학산복지회관,전남광주통합특별시 영암군 학산면 독천로 245
학산농협,전남광주통합특별시 영암군 학산면 독천로 183
영암군수도사업소,전남광주통합특별시 영암군 영암읍 월출로 255
학산지구대,전남광주통합특별시 영암군 학산면 영산로 28
학산우체국,전남광주통합특별시 영암군 학산면 영산로 22
미암우체국,전남광주통합특별시 영암군 미암면 미중로 15-5
월출산농협,전남광주통합특별시 영암군 서호면 선사주거로 355
서호복지회관,전남광주통합특별시 영암군 서호면 서호로 322-11
서호우체국,전남광주통합특별시 영암군 서호면 서호로 313
군서예비군중대본부,전남광주통합특별시 영암군 군서면 왕인로 762
군서치안센터,전남광주통합특별시 영암군 군서면 왕인로 497
군서새마을금고,전남광주통합특별시 영암군 군서면 왕인로 490-1
군서우체국,전남광주통합특별시 영암군 군서면 왕인로 498
서호보건지소,전남광주통합특별시 영암군 서호면 서호로 288
군서보건지소,전남광주통합특별시 영암군 군서면 도갑사로 25
도포보건지소,전남광주통합특별시 영암군 도포면 호산로 39
영암군 공설운동장,전남광주통합특별시 영암군 영암읍 여운재로 21
미암진료소,전남광주통합특별시 영암군 미암면 미촌길 45
신포진료소,전남광주통합특별시 영암군 미암면 곤미현로 367
용소진료소,전남광주통합특별시 영암군 학산면 천해길 41
은곡진료소,전남광주통합특별시 영암군 학산면 은곡길 48-7
금강진료소,전남광주통합특별시 영암군 군서면 금강길 16
모정진료소,전남광주통합특별시 영암군 군서면 모정1길 39-2
시종보건지소,전남광주통합특별시 영암군 시종면 내동중앙로 41
신북보건지소,전남광주통합특별시 영암군 신북면 간은정로 21-8
금정보건지소,전남광주통합특별시 영암군 금정면 용두로 11-17
덕진보건지소,전남광주통합특별시 영암군 덕진면 예향로 1731
영암군보건소,전남광주통합특별시 영암군 영암읍 오리정길 39
금정공중화장실,전남광주통합특별시 영암군 금정면 용두로 10-1
학산5일시장,전남광주통합특별시 영암군 미암면 독천1길 15
군서5일시장,전남광주통합특별시 영암군 군서면 도갑사로 19-5
시종5일시장,전남광주통합특별시 영암군 시종면 내동중앙로 26-23
신북5일시장,전남광주통합특별시 영암군 신북면 황금동로 80
영암5일시장,전남광주통합특별시 영암군 영암읍 오일시장길 28
아크로컨트리클럽,전남광주통합특별시 영암군 금정면 안적동길 403
목재문화체험장(야외화장실),전남광주통합특별시 영암군 군서면 상대포로 37
목재문화체험장(사무동),전남광주통합특별시 영암군 군서면 상대포로 37
해제 버스터미널,전남광주통합특별시 무안군 해제면 양간로 17
청계 버스터미널(정류장),전남광주통합특별시 무안군 청계면 영산로 1688
무안 버스터미널,전남광주통합특별시 무안군 무안읍 무안로 497
회산백련지 흔적의 마당,전남광주통합특별시 무안군 일로읍 백련로
회산백련지 만남의 광장,전남광주통합특별시 무안군 일로읍 백련로
회산백련지 수상유리온실,전남광주통합특별시 무안군 일로읍 백련로
회산백련지 소공원,전남광주통합특별시 무안군 일로읍 백련로
회산백련지 잔디광장,전남광주통합특별시 무안군 일로읍 백련로 339-20
무안황토갯벌랜드(제1주차장),"전남광주통합특별시 무안군 해제면 황토갯벌길 110, 생태갯벌과학관"
무안황토갯벌랜드(오토캠핑장),"전남광주통합특별시 무안군 해제면 황토갯벌길 88, 무안생태갯벌사업소"
무안황토갯벌랜드(판매점),"전남광주통합특별시 무안군 해제면 황토갯벌길 88, 무안생태갯벌사업소"
무안황토갯벌랜드(과학관),"전남광주통합특별시 무안군 해제면 황토갯벌길 110, 생태갯벌과학관"
무안황토갯벌랜드(사무실),"전남광주통합특별시 무안군 해제면 황토갯벌길 88, 무안생태갯벌사업소"
회산백련지 관리사무소,전남광주통합특별시 무안군 일로읍 백련로 333
풋살경기장,전남광주통합특별시 무안군 삼향읍 남악로
남악수변공원,전남광주통합특별시 무안군 삼향읍 남악로
대죽도근린공원,전남광주통합특별시 무안군 삼향읍 남악로
어린이공원33호(N영어린이공원),전남광주통합특별시 무안군 삼향읍 남악로
중앙공원(2),전남광주통합특별시 무안군 삼향읍 남악로
중앙공원(1),전남광주통합특별시 무안군 삼향읍 남악로
윈드서핑장,전남광주통합특별시 무안군 현경면 홀통길 200-10
황토클리닉타운,전남광주통합특별시 무안군 무안읍 성동리 1085-3번지
이벤트광장,전남광주통합특별시 무안군 무안읍 면성2길 37-3
망운5일시장,전남광주통합특별시 무안군 망운면 목동리 594-2
일로5일시장(1),전남광주통합특별시 무안군 일로읍 시장길 11-22
무안전통시장4동,전남광주통합특별시 무안군 무안읍 승달로 11
무안전통시장3동,전남광주통합특별시 무안군 무안읍 승달로 11
무안전통시장2동,전남광주통합특별시 무안군 무안읍 승달로 11
무안전통시장1동,전남광주통합특별시 무안군 무안읍 승달로 11
무안전통시장(야외),전남광주통합특별시 무안군 무안읍 승달로 11
낙지골목주차장,전남광주통합특별시 무안군 무안읍 성남1길 175
신월선착장,전남광주통합특별시 무안군 운남면 내리 999-1번지
도원선착장,전남광주통합특별시 무안군 운남면 성내리 326-19
조금나루유원지,전남광주통합특별시 무안군 망운면 송현리 718-1번지
톱머리유원지,전남광주통합특별시 무안군 망운면 피서리 811-3번지
월두공원화장실,전남광주통합특별시 무안군 현경면 봉월로 454
홀통유원지(3),전남광주통합특별시 무안군 현경면 홀통길 183
홀통유원지(2),전남광주통합특별시 무안군 현경면 오류리 산2-1번지
홀통유원지(1),전남광주통합특별시 무안군 현경면 홀통길 126
석정포,전남광주통합특별시 무안군 몽탄면 몽강리 218-1
주룡나루,전남광주통합특별시 무안군 일로읍 청호리 109-11
청천공원,전남광주통합특별시 무안군 청계면 청천리 126번지
밀리터리테마파크,전남광주통합특별시 무안군 몽탄면 우명길 21
목우암,전남광주통합특별시 무안군 몽탄면 법천길 482-85
일로5일시장(2),전남광주통합특별시 무안군 일로읍 시장길 11-22
식영정,전남광주통합특별시 무안군 몽탄면 호반로 562-15
초의선사탄생지(3),전남광주통합특별시 무안군 삼향읍 초의길30
초의선사탄생지(2),전남광주통합특별시 무안군 삼향읍 초의길30
초의선사탄생지(1),전남광주통합특별시 무안군 삼향읍 초의길30
백로서식지,전남광주통합특별시 무안군 무안읍 용월리 307-1번지
불무공원,전남광주통합특별시 무안군 무안읍 창포로 8
물맞이공원,전남광주통합특별시 무안군 성남리 431-1
영해공원,전남광주통합특별시 무안군 운남면 동암리
봉대산,전남광주통합특별시 무안군 해제면 봉대산
함평군청 1청사 1층 화장실,"전남광주통합특별시 함평군 함평읍 중앙길 200, 함평군청"
함평군청 1청사 2층 화장실,"전남광주통합특별시 함평군 함평읍 중앙길 200, 함평군청"
정유재란 열부순절지,전남광주통합특별시 영광군 백수읍 해안로 866
고추시장(우),전남광주통합특별시 영광군 영광읍 신하리 327-1
백수 바이크렛,전남광주통합특별시 영광군 백수읍 해안로 1084
백수해안공원,전남광주통합특별시 영광군 백수읍 백암리 223-1
백수 노을전시관 앞(주차장 지하),전남광주통합특별시 영광군 백수읍 해안로 957
영광대교화장실,전남광주통합특별시 영광군 백수읍 해안로 1417
불갑사관광지 주차장,전남광주통합특별시 영광군 불갑면 불갑사로 365
불갑사관광지 안내소,전남광주통합특별시 영광군 불갑면 불갑사로 358
불갑사관광지  연지 앞,전남광주통합특별시 영광군 불갑면 불갑사로 450
불갑저수지 수변공원,전남광주통합특별시 영광군 불갑면 방마로 151
불갑저수지제당공원,전남광주통합특별시 영광군 불갑면 녹산리 산 82-1
법성포 숲쟁이공원,전남광주통합특별시 영광군 법성명 숲쟁이길 8
숲쟁이꽃동산,전남광주통합특별시 영광군 법성면 진내리 654-1
숲쟁이꽃동산제2주차장,전남광주통합특별시 영광군 법성면 숲쟁이길 81
백제불교최초도래지 팔각정화장실,전남광주통합특별시 영광군 법성면 백제문화로 203
진내근린공원 주차장화장실,전남광주통합특별시 영광군 법성면 진내리 741-1
원불교 연꽃방죽,전남광주통합특별시 영광군 백수읍 장산로 411-8
불갑저수지 천변주차장,전남광주통합특별시 영광군 불갑면 강항로 198
불갑농촌테마공원,전남광주통합특별시 영광군 불갑면 방마로 363-49
단주리어린이공원,전남광주통합특별시영광군 영광읍 천년로10길 56
신하리 어린이공원,전남광주통합특별시 영광군 영광읍 대하길1길 1
우산공원1,전남광주통합특별시 영광군 영광읍 남천리 산 6-1
우산공원2,전남광주통합특별시 영광군 영광읍 남천리 산 5-3
우산공원3,전남광주통합특별시 영광군 영광읍 신남로 262-22
생활체육공원 1,전남광주통합특별시 영광군 영광읍 물무로 219
생활체육공원2,전남광주통합특별시 영광군 영광읍 물무로 219
영산성지 주차장 화장실,전남광주통합특별시 영광군 백수읍 길용리 16
가마미해수욕장,전남광주통합특별시 영광군 홍농읍 가마미로 355
가마미해수욕장,전남광주통합특별시 영광군 홍농읍 가마미로 341-1
칠산타워주차장,전남광주통합특별시 영광군 염산면 옥실리 1106-34
백제불교최초도래지 간다라유물전시관화장실,전남광주통합특별시 영광군 법성면 진내리 832
만남의광장,전남광주통합특별시영광군 영광읍 천년로 1520
내산서원,전남광주통합특별시 영광군 불갑면 강항로 101
포천버스정류장,전남광주통합특별시 영광군 군남면 포천길 24-1
청보리축제장,전남광주통합특별시 영광군 군남면 천년로 909-3
법성포뉴타운 1교,전남광주통합특별시 영광군 법성면 법성포로 7
법성포뉴타운 소공원,전남광주통합특별시 영광군 법성면 법성포로 719
법성포뉴타운 2지구,전남광주통합특별시 영광군 법성면 굴비로1길 101
두우리해수욕장,전남광주통합특별시 영광군 염산면 칠산로 899-10
염산5일시장,전남광주통합특별시 영광군 염산면 봉남리 721-16
설도공원,전남광주통합특별시 영광군 염산면 봉남리 696-34
설도항,전남광주통합특별시 영광군 염산면 향화로 5길 18
영광칠산타워 입구,전남광주통합특별시 영광군 염산면 향화로 2-10
대마시등화장실,전남광주통합특별시 영광군 대마면 대성로 25
구 우시장 공용주차장,전남광주통합특별시 영광군 영광읍 옥당로 122-6
매일시장,전남광주통합특별시 영광군 영광읍 중앙로4길9-2
터미널시장,전남광주통합특별시 영광군 영광읍 신남로3길 10
고추시장(좌),전남광주통합특별시 영광군 영광읍 신하리 322-3
백수 노을정,전남광주통합특별시 영광군 백수읍 해안로 565-26
임촌10번,전남광주통합특별시 완도군 신지면 명사십리길 85-105
임촌9번,전남광주통합특별시 완도군 신지면 명사십리길 85-105
임촌8번,전남광주통합특별시 완도군 신지면 명사십리길 85-105
임촌7번,전남광주통합특별시 완도군 신지면 명사십리길 85-105
임촌6번,전남광주통합특별시 완도군 신지면 명사십리길 85-105
임촌5번,전남광주통합특별시 완도군 신지면 명사십리길 85-105
주차장화장실,전남광주통합특별시 완도군 신지면 명사십리길 85-105
해수욕장 3번화장실,전남광주통합특별시 완도군 신지면 명사십리길 85-105
명사십리 2번화장실,전남광주통합특별시 완도군 신지면 명사십리길 85-105
열린화장실,전남광주통합특별시 완도군 청산면 동촌길 51
청산면사무소,전남광주통합특별시 완도군 청산면 도청4길 19-3
열린화장실,전남광주통합특별시 완도군 청산면 도락길 70
열린화장실,전남광주통합특별시 완도군 청산면 당리2길 20-1
열린화장실,전남광주통합특별시 완도군 청산면 구장1길 62
울포부두대합실 공중화장실,전남광주통합특별시 완도군 금당면 울포길 25-1
가학리 부두대합실 공중화장실,전남광주통합특별시 완도군 금당면 금당해변로 15
부상해수욕장,전남광주통합특별시 완도군 소안면 소안미라1길 7-41
소안항 대합실,전남광주통합특별시 완도군 소안면 소안로 6
대광주유소,전남광주통합특별시 완도군 소안면 소안로 230
소안면사무소,전남광주통합특별시 완도군 소안면 비자2길 38-3
신흥해수욕장,전남광주통합특별시 완도군 청산면 청산로 669-1
열린화장실,전남광주통합특별시 완도군 청산면 청산로 599
방문자센터,전남광주통합특별시 완도군 청산면 도청3길 17-5
느림공원,전남광주통합특별시 완도군 청산면 청산로 47
열린화장실,전남광주통합특별시 완도군 청산면 청산로 21-1
남태평양해수욕장화장실,전남광주통합특별시 완도군 금일읍 죽동1길 20
지리해수욕장,전남광주통합특별시 완도군 청산면 청산로 1462-58
조개공원,전남광주통합특별시 완도군 청산면 청산로 132
서편제주막,전남광주통합특별시 완도군 청산면 청산로 132
열린화장실,전남광주통합특별시 완도군 청산면 진산1길 10
전망대화장실,전남광주통합특별시 완도군 청산면 청계길 8-28
범바위화장실,전남광주통합특별시 완도군 청산면 청계길 8-28
열린화장실,전남광주통합특별시 완도군 청산면 청계길 26-3
해변공원2 화장실,전남광주통합특별시 완도군 완도읍 해변공원로124번길 6
해변공원1화장실,전남광주통합특별시 완도군 완도읍 해변공원로124번길 6
장보고동상 주차장,전남광주통합특별시 완도군 완도읍 청해진로 1565-2
공원중앙화장실,전남광주통합특별시 완도군 완도읍 청해진로 1457
금곡화장실,전남광주통합특별시 완도군 생일면 생일로 1147
하화전부두,전남광주통합특별시 완도군 금일읍 하화전길 28
하화전공중 옆,전남광주통합특별시 완도군 금일읍 하화전길 28
사동해수욕장화장실,전남광주통합특별시 완도군 금일읍 금일로 996
동백해수욕장화장실,전남광주통합특별시 완도군 금일읍 금일로 886
와이키키화장실,전남광주통합특별시 완도군 금일읍 금일로 932
전망대해수욕장화장실,전남광주통합특별시 완도군 금일읍 금일로 888
솔밭공원화장실,전남광주통합특별시 완도군 금일읍 금일로 714-1
금일읍사무소,전남광주통합특별시 완도군 금일읍 금일로 394
금일읍도서관,전남광주통합특별시 완도군 금일읍 금일로 365-2
일정대합실화장실,전남광주통합특별시 완도군 금일읍 금일로 2-4
생태체험공원 화장실,전남광주통합특별시 완도군 보길면 보길동로 20 26-1
청별 선착장 화장실,전남광주통합특별시 완도군 보길면 청별길 40-1
글씐바위 화장실,전남광주통합특별시 완도군 보길면 청별길 40-1
해수욕장1번화장실,전남광주통합특별시 완도군 신지면 명사십리길 85-105
신지여객,전남광주통합특별시 완도군 신지면 대곡길 4
명사십리해수욕장,전남광주통합특별시 완도군 신지면 대곡48번길 25
서성항대합실임시화장실,전남광주통합특별시 완도군 생일면 생일로 637
생일면사무소,전남광주통합특별시 완도군 생일면 생일로 582
용출항대합실,전남광주통합특별시 완도군 생일면 생일로 43
금곡해수욕장,전남광주통합특별시 완도군 생일면 생일로 1228-1
버스터미널화장실,전남광주통합특별시 완도군 군외면 청해진서로 2184
군외갯바람화장실,전남광주통합특별시 완도군 군외면 원동상길 7
군외면사무소 내 화장실,전남광주통합특별시 완도군 군외면 청해진서로 2148
미라리 해수욕장,전남광주통합특별시 완도군 소안면 소안로 596
소안항일운동기념관,전남광주통합특별시 완도군 소안면 소안로 263
신지대교화장실,전남광주통합특별시 완도군 신지면 완도로 1776
신지면사무소,전남광주통합특별시 완도군 신지면 한들길 11
신지면사무소 화장실,전남광주통합특별시 완도군 신지면 신지로 910-1
신지주유소,전남광주통합특별시 완도군 신지면 신지로 910-1
동부주유소,전남광주통합특별시 완도군 신지면 신지로 910
명사십리주유소,전남광주통합특별시 완도군 신지면 신지로 411
신지 방죽포항 대합실 화장실,전남광주통합특별시 완도군 신지면 신지로 1547
동고리해수욕장,전남광주통합특별시 완도군 신지면 신지로 1231
송곡대합실화장실,전남광주통합특별시 완도군 신지면 신지로 121-56
고인돌공원화장실,전남광주통합특별시 완도군 고금면 고금로 963-1
돌탑공원부근화장실,전남광주통합특별시 완도군 고금면 고금로423번길 36-14
충무사화장실,전남광주통합특별시 완도군 고금면 충무사길 72-31
테마공원화장실,전남광주통합특별시 완도군 고금면 고금로423번길 36-14
보건의료원,전남광주통합특별시 완도군 완도읍 농공단지길 34
국민건강보험,전남광주통합특별시 완도군 완도읍 장보고대로 142-2
농어민체육센타,전남광주통합특별시 완도군 완도읍 개포로 111
장보고유적관리사무소,전남광주통합특별시 완도군 완도읍 청해진로 1455
완도군청,전남광주통합특별시 완도군 완도읍 청해진남로 51
완도읍사무소,전남광주통합특별시 완도군 노화읍 방축길 18
약산면사무소,전남광주통합특별시 완도군 약산면 약산로 367
중리 해수욕장 화장실,전남광주통합특별시 완도군 보길면 청별길 40-1
통리 해수욕장 화장실,전남광주통합특별시 완도군 보길면 보길동로 219
예송리 해수욕장 화장실,전남광주통합특별시 완도군 보길면 예송로 272
윤선도문학관 화장실,전남광주통합특별시 완도군 보길면 부황길 29
세연정 화장실,전남광주통합특별시 완도군 보길면 부황길 87
낙서재 화장실,전남광주통합특별시 완도군 보길면 부용길 34
보옥리 어촌계 화장실,전남광주통합특별시 완도군 보길면 보길로 1200
공룡알해변 화장실,전남광주통합특별시 완도군 보길면 보길로 1200
망끝전망대 화장실,전남광주통합특별시 완도군 보길면 보길로 1200
보길서편입구화장실,전남광주통합특별시 완도군 보길면 보길동로 262
진산해수욕장,전남광주통합특별시 완도군 청산면 청산로 952-1
군외축구장화장실,전남광주통합특별시 완도군 군외면 청해진북로 570
테마공원화장실,전남광주통합특별시 완도군 노화읍 이목길 13-10
대야리화장실,전남광주통합특별시 완도군 완도읍 죽청3길 54
산양진항화장실,전남광주통합특별시 완도군 노화읍 노화서로 563-47
동천항사무실,전남광주통합특별시 완도군 노화읍 노화로 16
솔밭숨터화장실,전남광주통합특별시 완도군 노화읍 노화서로 32
덜넘포구 화장실,전남광주통합특별시 완도군 완도읍 장보고대로 376
5일시장 화장실,전남광주통합특별시 완도군 완도읍 개포로56번길 16-4
인출공원화장실,전남광주통합특별시 완도군 완도읍 장보고대로 330
보길면사무소,전남광주통합특별시 완도군 보길면 청별길 26-1
노화읍사무소,전남광주통합특별시 완도군 노화읍 노화로 813
금당면사무소,전남광주통합특별시 완도군 금당면 금당로 50-1
군외면사무소,전남광주통합특별시 완도군 군외면 청해진서로 2148
고금면사무소,전남광주통합특별시 완도군 고금면 농상도남길 22
해신세트장,전남광주통합특별시 완도군 완도읍 청해진서로 1161-8
어촌민속전시관,전남광주통합특별시 완도군 완도읍 화흥포길 149
화흥포항,전남광주통합특별시 완도군 완도읍 화흥포길 242
장보고동상,전남광주통합특별시 완도군 완도읍 청해진로 1457
완도군의회,전남광주통합특별시 완도군 완도읍 청해진남로 48
대구리화장실,전남광주통합특별시 완도군 완도읍 청해진서로 865
편백숲화장실,전남광주통합특별시 완도군 완도읍 청해진동로253번길 27
금곡화장실,전남광주통합특별시 완도군 생일면 생일로 1228-1
득암항화장실,전남광주통합특별시 완도군 약산면 득암4번길 48-6
우두리선착장화장실,전남광주통합특별시 완도군 약산면 약산로 11
가사해수욕장화장실,전남광주통합특별시 완도군 약산면 가사길 47
동백숲화장실,전남광주통합특별시 완도군 약산면 가사길 51
죽선화장실,전남광주통합특별시 완도군 약산면 약산로 462
관산등산로화장실,전남광주통합특별시 완도군 약산면 약산일주로 189
삼문산공원화장실,전남광주통합특별시 완도군 약산면 약산일주로 566
당목항대합실화장실,전남광주통합특별시 완도군 약산면 당목길 135
장보고대교화장실,전남광주통합특별시 완도군 고금면 고금로 10
교성화장실,전남광주통합특별시 완도군 고금면 교성길 52
지리해수욕장,전남광주통합특별시 완도군 청산면 지리2길 40
열린화장실,전남광주통합특별시 완도군 청산면 중흥길 3-22
열린화장실,전남광주통합특별시 완도군 청산면 신풍길 19-5
열린화장실,전남광주통합특별시 완도군 청산면 신풍길 17
열린화장실,전남광주통합특별시 완도군 청산면 상동길 76-4
동석산,전남광주통합특별시 진도군 지산면 심동리
상연동광장,전남광주통합특별시 진도군 임회면 송호연동로 497
헌복동2,전남광주통합특별시 진도군 임회면 죽림리
헌복동1,전남광주통합특별시 진도군 임회면 죽림리
동령개,전남광주통합특별시 진도군 임회면 동령개길 41
죽림어촌체험마을,전남광주통합특별시 진도군 임회면 헌복동길 14
여귀산,전남광주통합특별시 진도군 임회면 죽림리
구암사,전남광주통합특별시 진도군 임회면 상만길 58
남도석성,전남광주통합특별시 진도군 임회면 진도대로 4607
서망항2,전남광주통합특별시 진도군 임회면 서망항길 70-20
서망항1,전남광주통합특별시 진도군 임회면 서망항길70-15
진도항,전남광주통합특별시 진도군 임회면 연동리
백동무궁화동산,전남광주통합특별시 진도군 임회면 남도석성로 216
십일시시장2,전남광주통합특별시 진도군 임회면 십일시길48
주민문화센터 야외공연장,전남광주통합특별시 진도군 지산면 인지독치1길 9-3
신전리해수욕장,전남광주통합특별시 진도군 조도면 조도대로 115-17
율목선착장,전남광주통합특별시 진도군 조도면 율목길 114
청등도선착장,전남광주통합특별시 진도군 조도면 청등도리 92-2
육동등불공원,전남광주통합특별시 진도군 조도면 조도대로 226
죽항도선착장,전남광주통합특별시 진도군 조도면 죽항도리 74-20
여미선착장,전남광주통합특별시 진도군 조도면 여미길 7
섬등포선착장,전남광주통합특별시 진도군 조도면 성등포길 71
신전선착장,전남광주통합특별시 진도군 조도면 조도대로 4
조도대교,전남광주통합특별시 진도군 조도면 조도대로766
곤우선착장,전남광주통합특별시 진도군 조도면 창유리
관매도해수욕장,전남광주통합특별시 진도군 조도면 관매도길59-12
관매도대합실,전남광주통합특별시 진도군 조도면 관매도길 10
도리산전망대,전남광주통합특별시 진도군 조도면 조도대로 1401-170
어류포대합실,전남광주통합특별시 진도군 조도면 어류포길1
급치산전망대,전남광주통합특별시 진도군 지산면 심동리
세방낙조,전남광주통합특별시 진도군 지산면 세방낙조로 152
모나리주차장,전남광주통합특별시 진도군 고군면 회동길 27
회동본부,전남광주통합특별시 진도군 고군면 회동길 81-6
뽕할머니상,전남광주통합특별시 진도군 고군면 신비의바닷길148
해안도로입구,전남광주통합특별시 진도군 고군면 신비의바닷길13
가계샤워장,전남광주통합특별시 진도군고군면 금계리
가계주차장,전남광주통합특별시 진도군 고군면 신비의바닷길13
오일시시장,전남광주통합특별시 진도군 고군면 고성리
벽파항,전남광주통합특별시 진도군 고군면 벽파길 74
진도울돌목주말장터,전남광주통합특별시 진도군 군내면 녹진리
신동습지,전남광주통합특별시 진도군 군내면 둔전리
용장산성,전남광주통합특별시 진도군 군내면 용장산성길80
금골산,전남광주통합특별시 진도군 군내면 금골길 68-3
거북선유람선,전남광주통합특별시 진도군 군내면 녹진리
이충무공승전공원,전남광주통합특별시 진도군 군내면 진도대로 8439-29
사천리아리랑비,전남광주통합특별시 진도군 의신면 사천리
사천리광장,전남광주통합특별시 진도군 의신면 운림산방로312
정유재란순절묘역,전남광주통합특별시 진도군 고군면 오일시1길100
용호항,전남광주통합특별시 진도군 고군면 금계리
고성사방댐,전남광주통합특별시 진도군 고군면 고성리
회동주차장,전남광주통합특별시 진도군 고군면 진도대로 1528
십일시시장1,전남광주통합특별시 진도군 임회면 십일시장길21
장전미술관,전남광주통합특별시 진도군 임회면 하미길26
사천리무장애숲길,전남광주통합특별시 진도군 의신면 사천리 563
금갑해변,전남광주통합특별시 진도군 의신면 금갑리
금갑해수욕장,전남광주통합특별시 진도군 의신면 금갑길 206-6
접도어촌체험마을,전남광주통합특별시 진도군 의신면 수품길52-27
수품리웰빙등산로,전남광주통합특별시 진도군 의신면 금갑리
금갑마을,전남광주통합특별시 진도군 의신면 금갑리
수품항,전남광주통합특별시 진도군 의신면 수품길69
모도항,전남광주통합특별시 진도군 의신면 모도리
돈지리시장,전남광주통합특별시 진도군 의신면 돈지1길67-2
백구공원,전남광주통합특별시 진도군 의신면 돈지2길28
쌍계사,전남광주통합특별시 진도군 의신면 사천리
보전간척지,전남광주통합특별시 진도군 지산면 보전로3
가학선착장,전남광주통합특별시 진도군 지산면 세방낙조로 17
동석산주차장,전남광주통합특별시 진도군 지산면 지산로 375
녹진무궁화동산,전남광주통합특별시 진도군 군내면 진도대로 8459-20
녹진광장(대교),전남광주통합특별시 진도군 군내면 명량대첩로7
철마공원,전남광주통합특별시 진도군 진도읍 철마길 17
전두리선착장,전남광주통합특별시 진도군 진도읍 수유리
청룡어촌체험마을2,전남광주통합특별시 진도군 진도읍 수유리
청룡어촌체험마을1,전남광주통합특별시 진도군 진도읍 청룡안길 718-8
백조호수공원,전남광주통합특별시 진도군 진도읍 수유리
전두간척지,전남광주통합특별시 진도군 진도읍 수유리
쉬미항 대합실,전남광주통합특별시 진도군 진도읍 서부해안로 411
조금리시장2,전남광주통합특별시 진도군 진도읍 남동리
군강공원,전남광주통합특별시 진도군 진도읍 군강공원길 20
송가인공원,전남광주통합특별시 진도군 임회면 고정리
지산게이트볼장,전남광주통합특별시 진도군 지산면 지산로 1194-10
관매도(관호),전남광주통합특별시 진도군 조도면 관매도관호길 61
읍구선착장,전남광주통합특별시 진도군 조도면 육동길 5-7
하조도등대,전남광주통합특별시 진도군 조도면 조도등대길 89
서거차선착장,전남광주통합특별시 진도군 조도면 서거차도1길 36
창리마을,"전남광주통합특별시 진도군 조도면 창유1길 26, 서진도농협조도지점"
육동선착장,전남광주통합특별시 진도군 조도면 조도대로 209-71
송가인마을 공중화장실,"전남광주통합특별시 진도군 지산면 소앵무길 41-1, 송가인마을 공중화장실"
진도우체국공중화장실,전남광주통합특별시 진도군 진도읍 남동1길 63
시니어 휄스파크,"전남광주통합특별시 진도군 임회면 십일시길 36-4, 실내게이트볼장"
화도해변산책로,전남광주통합특별시 신안군 증도면 대초리 산 252
어민쉼터 공중화장실,전남광주통합특별시 신안군 안좌면 자라도길 1
복룡선착장,전남광주통합특별시 신안군 압해읍 복룡로 681
천사대교(관광안내소),전남광주통합특별시 신안군 압해읍 송공리 441-8
숭의촌선착장,전남광주통합특별시 신안군 압해읍 분매리 678-9
파크체육공원,"전남광주통합특별시 신안군 압해읍 구항길 92-58, 신안군복지재단 임시사무실"
매화마산선착장,전남광주통합특별시 신안군 압해읍 마산길 1-1
가룡선착장,전남광주통합특별시 신안군 압해읍 원가룡길 84-83
가란 어민쉼터,전남광주통합특별시 신안군 압해읍 가란리 736-4
장감기동선착장,전남광주통합특별시 신안군 압해읍 장감리 529-55
신장선착장,전남광주통합특별시 신안군 압해읍 천사로 2
송공선착장,"전남광주통합특별시 신안군 압해읍 압해로 1846-1, 송공여객선터미널"
김환기생가 공중화장실,전남광주통합특별시 신안군 안좌면 김환기길 38-4
고래공원 공중화장실,전남광주통합특별시 신안군 흑산면 예리 165-12
예리소공원 공중화장실,"전남광주통합특별시 신안군 흑산면 예리1길 80-2, 공중화장실, 회관"
상라산 공중화장실,전남광주통합특별시 신안군 흑산면 진리 산 36-9
청촌리 공중화장실,전남광주통합특별시 신안군 흑산면 흑산일주로 2290-2
심리 공중화장실,전남광주통합특별시 신안군 흑산면 심리 155-5
진리선착장 공중화장실,전남광주통합특별시 신안군 흑산면 진리 466-70
우전해수욕장(잔디구장),전남광주통합특별시 신안군 증도면 우전리 산 2-14
우전해수욕장(해변끝),전남광주통합특별시 신안군 증도면 지도증도로 1732-8
갯벌전시관 주차장,"전남광주통합특별시 신안군 증도면 지도증도로 1766-4, 증도갯벌생태전시관"
짱뚱어해수욕장(행사장),전남광주통합특별시 신안군 증도면 문준경길 478-30
짱뚱어해수욕장(해수풀장),전남광주통합특별시 신안군 증도면 문준경길 478-30
버지선착장,전남광주통합특별시 신안군 증도면 지도증도로 1053-48
해저유물기념비 입구,전남광주통합특별시 신안군 증도면 방축리 산 318-4
해저유물기념비 주차장,전남광주통합특별시 신안군 증도면 보물섬길 356-3
화도마을회관,"전남광주통합특별시 신안군 증도면 화도길 335, 화도노인정"
짱뚱어주차장,전남광주통합특별시 신안군 증도면 문준경길 349
관광안내소(대교입구),"전남광주통합특별시 신안군 증도면 지도증도로 724, 증도 관광안내소"
갯벌도립공원,전남광주통합특별시 신안군 증도면 화도길 65
농협S오일 공중화장실,전남광주통합특별시 신안군 안좌면 중부로 813
읍동선착장 공중화장실,전남광주통합특별시 신안군 안좌면 안좌동부길 764-32
복호선착장 공중화장실,"전남광주통합특별시 신안군 안좌면 감바위길 2-7, 안좌 복호 여객선터미널"
사치선착장 공중화장실,전남광주통합특별시 신안군 안좌면 한운리 392-3
왕바위선착장,전남광주통합특별시 신안군 증도면 지도증도로 1997
